ISO-10303-21;
HEADER;
/* Generated by software containing ST-Developer
 * from STEP Tools, Inc. (www.steptools.com) 
 */

FILE_DESCRIPTION(
/* description */ (''),
/* implementation_level */ '2;1');

FILE_NAME(
/* name */ 'top_face.step',
/* time_stamp */ '2026-09-24T21:29:46+05:30',
/* author */ (''),
/* organization */ (''),
/* preprocessor_version */ 'ST-DEVELOPER v20.1',
/* originating_system */ 'Autodesk Translation Framework v15.8.0.0',
/* authorisation */ '');

FILE_SCHEMA (('AUTOMOTIVE_DESIGN { 1 0 10303 214 3 1 1 }'));
ENDSEC;

DATA;
#10=MECHANICAL_DESIGN_GEOMETRIC_PRESENTATION_REPRESENTATION('',(#218,#219,
#220,#221),#6199);
#11=SHAPE_REPRESENTATION_RELATIONSHIP('SRR','None',#6206,#12);
#12=ADVANCED_BREP_SHAPE_REPRESENTATION('',(#13),#6198);
#13=MANIFOLD_SOLID_BREP('Top_Face',#3507);
#14=CYLINDRICAL_SURFACE('',#3540,16.9999999999291);
#15=CYLINDRICAL_SURFACE('',#3543,16.9999999999291);
#16=CYLINDRICAL_SURFACE('',#3548,17.0000000000947);
#17=CYLINDRICAL_SURFACE('',#3550,17.0000000000947);
#18=CYLINDRICAL_SURFACE('',#3552,17.0000000000318);
#19=CYLINDRICAL_SURFACE('',#3554,17.0000000000318);
#20=CYLINDRICAL_SURFACE('',#3556,4.7);
#21=CYLINDRICAL_SURFACE('',#3559,4.7);
#22=CYLINDRICAL_SURFACE('',#3574,4.7);
#23=CYLINDRICAL_SURFACE('',#3591,6.5);
#24=CYLINDRICAL_SURFACE('',#3604,4.7);
#25=CYLINDRICAL_SURFACE('',#3606,4.7);
#26=CYLINDRICAL_SURFACE('',#3608,4.7);
#27=CYLINDRICAL_SURFACE('',#3622,1.7);
#28=CYLINDRICAL_SURFACE('',#3641,3.5);
#29=CYLINDRICAL_SURFACE('',#3659,1.7);
#30=CYLINDRICAL_SURFACE('',#3662,1.7);
#31=CYLINDRICAL_SURFACE('',#3665,1.7);
#32=CYLINDRICAL_SURFACE('',#3668,1.7);
#33=CYLINDRICAL_SURFACE('',#3677,20.0000000000947);
#34=CYLINDRICAL_SURFACE('',#3680,19.9999999999291);
#35=CYLINDRICAL_SURFACE('',#3683,20.0000000000318);
#36=CIRCLE('',#3526,1.7);
#37=CIRCLE('',#3527,1.7);
#38=CIRCLE('',#3528,16.9999999999291);
#39=CIRCLE('',#3529,17.0000000000318);
#40=CIRCLE('',#3530,4.7);
#41=CIRCLE('',#3531,4.7);
#42=CIRCLE('',#3532,17.0000000000318);
#43=CIRCLE('',#3533,4.7);
#44=CIRCLE('',#3534,4.7);
#45=CIRCLE('',#3535,17.0000000000947);
#46=CIRCLE('',#3536,4.7);
#47=CIRCLE('',#3537,17.0000000000947);
#48=CIRCLE('',#3538,16.9999999999291);
#49=CIRCLE('',#3539,6.5);
#50=CIRCLE('',#3541,16.9999999999291);
#51=CIRCLE('',#3542,16.9999999999291);
#52=CIRCLE('',#3544,16.9999999999291);
#53=CIRCLE('',#3545,16.9999999999291);
#54=CIRCLE('',#3549,17.0000000000947);
#55=CIRCLE('',#3551,17.0000000000947);
#56=CIRCLE('',#3553,17.0000000000318);
#57=CIRCLE('',#3555,17.0000000000318);
#58=CIRCLE('',#3557,4.7);
#59=CIRCLE('',#3560,4.7);
#60=CIRCLE('',#3575,4.7);
#61=CIRCLE('',#3576,4.7);
#62=CIRCLE('',#3578,1.7);
#63=CIRCLE('',#3579,1.7);
#64=CIRCLE('',#3592,6.5);
#65=CIRCLE('',#3605,4.7);
#66=CIRCLE('',#3607,4.7);
#67=CIRCLE('',#3609,4.7);
#68=CIRCLE('',#3614,3.5);
#69=CIRCLE('',#3623,1.7);
#70=CIRCLE('',#3624,1.7);
#71=CIRCLE('',#3642,3.5);
#72=CIRCLE('',#3660,1.7);
#73=CIRCLE('',#3661,1.7);
#74=CIRCLE('',#3663,1.7);
#75=CIRCLE('',#3664,1.7);
#76=CIRCLE('',#3666,1.7);
#77=CIRCLE('',#3667,1.7);
#78=CIRCLE('',#3669,1.7);
#79=CIRCLE('',#3670,1.7);
#80=CIRCLE('',#3672,20.0000000000318);
#81=CIRCLE('',#3673,19.9999999999291);
#82=CIRCLE('',#3674,20.0000000000947);
#83=CIRCLE('',#3678,20.0000000000947);
#84=CIRCLE('',#3681,19.9999999999291);
#85=CIRCLE('',#3684,20.0000000000318);
#86=FACE_BOUND('',#467,.T.);
#87=FACE_BOUND('',#470,.T.);
#88=FACE_BOUND('',#471,.T.);
#89=FACE_BOUND('',#472,.T.);
#90=FACE_BOUND('',#473,.T.);
#91=FACE_BOUND('',#529,.T.);
#92=FACE_BOUND('',#531,.T.);
#93=FACE_BOUND('',#533,.T.);
#94=FACE_BOUND('',#534,.T.);
#95=FACE_BOUND('',#536,.T.);
#96=FACE_BOUND('',#537,.T.);
#97=FACE_BOUND('',#582,.T.);
#98=FACE_BOUND('',#583,.T.);
#99=FACE_BOUND('',#584,.T.);
#100=FACE_BOUND('',#585,.T.);
#101=FACE_BOUND('',#586,.T.);
#102=FACE_BOUND('',#587,.T.);
#103=FACE_BOUND('',#588,.T.);
#104=FACE_BOUND('',#589,.T.);
#105=FACE_BOUND('',#590,.T.);
#106=FACE_BOUND('',#591,.T.);
#107=FACE_BOUND('',#592,.T.);
#108=FACE_BOUND('',#593,.T.);
#109=FACE_BOUND('',#594,.T.);
#110=FACE_BOUND('',#595,.T.);
#111=FACE_BOUND('',#596,.T.);
#112=FACE_BOUND('',#597,.T.);
#113=FACE_BOUND('',#598,.T.);
#114=FACE_BOUND('',#603,.T.);
#115=FACE_BOUND('',#609,.T.);
#116=FACE_BOUND('',#610,.T.);
#117=FACE_BOUND('',#611,.T.);
#118=FACE_BOUND('',#612,.T.);
#119=FACE_BOUND('',#613,.T.);
#120=FACE_BOUND('',#614,.T.);
#121=FACE_BOUND('',#615,.T.);
#122=FACE_BOUND('',#616,.T.);
#123=FACE_BOUND('',#617,.T.);
#124=PLANE('',#3521);
#125=PLANE('',#3522);
#126=PLANE('',#3523);
#127=PLANE('',#3524);
#128=PLANE('',#3525);
#129=PLANE('',#3546);
#130=PLANE('',#3547);
#131=PLANE('',#3558);
#132=PLANE('',#3561);
#133=PLANE('',#3562);
#134=PLANE('',#3563);
#135=PLANE('',#3564);
#136=PLANE('',#3565);
#137=PLANE('',#3566);
#138=PLANE('',#3567);
#139=PLANE('',#3568);
#140=PLANE('',#3569);
#141=PLANE('',#3570);
#142=PLANE('',#3571);
#143=PLANE('',#3572);
#144=PLANE('',#3573);
#145=PLANE('',#3577);
#146=PLANE('',#3580);
#147=PLANE('',#3581);
#148=PLANE('',#3582);
#149=PLANE('',#3583);
#150=PLANE('',#3584);
#151=PLANE('',#3585);
#152=PLANE('',#3586);
#153=PLANE('',#3587);
#154=PLANE('',#3588);
#155=PLANE('',#3589);
#156=PLANE('',#3590);
#157=PLANE('',#3593);
#158=PLANE('',#3594);
#159=PLANE('',#3595);
#160=PLANE('',#3596);
#161=PLANE('',#3597);
#162=PLANE('',#3598);
#163=PLANE('',#3599);
#164=PLANE('',#3600);
#165=PLANE('',#3601);
#166=PLANE('',#3602);
#167=PLANE('',#3603);
#168=PLANE('',#3610);
#169=PLANE('',#3611);
#170=PLANE('',#3612);
#171=PLANE('',#3613);
#172=PLANE('',#3615);
#173=PLANE('',#3616);
#174=PLANE('',#3617);
#175=PLANE('',#3618);
#176=PLANE('',#3619);
#177=PLANE('',#3620);
#178=PLANE('',#3621);
#179=PLANE('',#3625);
#180=PLANE('',#3626);
#181=PLANE('',#3627);
#182=PLANE('',#3628);
#183=PLANE('',#3629);
#184=PLANE('',#3630);
#185=PLANE('',#3631);
#186=PLANE('',#3632);
#187=PLANE('',#3633);
#188=PLANE('',#3634);
#189=PLANE('',#3635);
#190=PLANE('',#3636);
#191=PLANE('',#3637);
#192=PLANE('',#3638);
#193=PLANE('',#3639);
#194=PLANE('',#3640);
#195=PLANE('',#3643);
#196=PLANE('',#3644);
#197=PLANE('',#3645);
#198=PLANE('',#3646);
#199=PLANE('',#3647);
#200=PLANE('',#3648);
#201=PLANE('',#3649);
#202=PLANE('',#3650);
#203=PLANE('',#3651);
#204=PLANE('',#3652);
#205=PLANE('',#3653);
#206=PLANE('',#3654);
#207=PLANE('',#3655);
#208=PLANE('',#3656);
#209=PLANE('',#3657);
#210=PLANE('',#3658);
#211=PLANE('',#3671);
#212=PLANE('',#3675);
#213=PLANE('',#3676);
#214=PLANE('',#3679);
#215=PLANE('',#3682);
#216=PLANE('',#3685);
#217=PLANE('',#3686);
#218=STYLED_ITEM('',(#6215),#3342);
#219=STYLED_ITEM('',(#6215),#3352);
#220=STYLED_ITEM('',(#6215),#3393);
#221=STYLED_ITEM('',(#6216),#13);
#222=FACE_OUTER_BOUND('',#401,.T.);
#223=FACE_OUTER_BOUND('',#402,.T.);
#224=FACE_OUTER_BOUND('',#403,.T.);
#225=FACE_OUTER_BOUND('',#404,.T.);
#226=FACE_OUTER_BOUND('',#405,.T.);
#227=FACE_OUTER_BOUND('',#406,.T.);
#228=FACE_OUTER_BOUND('',#407,.T.);
#229=FACE_OUTER_BOUND('',#408,.T.);
#230=FACE_OUTER_BOUND('',#409,.T.);
#231=FACE_OUTER_BOUND('',#410,.T.);
#232=FACE_OUTER_BOUND('',#411,.T.);
#233=FACE_OUTER_BOUND('',#412,.T.);
#234=FACE_OUTER_BOUND('',#413,.T.);
#235=FACE_OUTER_BOUND('',#414,.T.);
#236=FACE_OUTER_BOUND('',#415,.T.);
#237=FACE_OUTER_BOUND('',#416,.T.);
#238=FACE_OUTER_BOUND('',#417,.T.);
#239=FACE_OUTER_BOUND('',#418,.T.);
#240=FACE_OUTER_BOUND('',#419,.T.);
#241=FACE_OUTER_BOUND('',#420,.T.);
#242=FACE_OUTER_BOUND('',#421,.T.);
#243=FACE_OUTER_BOUND('',#422,.T.);
#244=FACE_OUTER_BOUND('',#423,.T.);
#245=FACE_OUTER_BOUND('',#424,.T.);
#246=FACE_OUTER_BOUND('',#425,.T.);
#247=FACE_OUTER_BOUND('',#426,.T.);
#248=FACE_OUTER_BOUND('',#427,.T.);
#249=FACE_OUTER_BOUND('',#428,.T.);
#250=FACE_OUTER_BOUND('',#429,.T.);
#251=FACE_OUTER_BOUND('',#430,.T.);
#252=FACE_OUTER_BOUND('',#431,.T.);
#253=FACE_OUTER_BOUND('',#432,.T.);
#254=FACE_OUTER_BOUND('',#433,.T.);
#255=FACE_OUTER_BOUND('',#434,.T.);
#256=FACE_OUTER_BOUND('',#435,.T.);
#257=FACE_OUTER_BOUND('',#436,.T.);
#258=FACE_OUTER_BOUND('',#437,.T.);
#259=FACE_OUTER_BOUND('',#438,.T.);
#260=FACE_OUTER_BOUND('',#439,.T.);
#261=FACE_OUTER_BOUND('',#440,.T.);
#262=FACE_OUTER_BOUND('',#441,.T.);
#263=FACE_OUTER_BOUND('',#442,.T.);
#264=FACE_OUTER_BOUND('',#443,.T.);
#265=FACE_OUTER_BOUND('',#444,.T.);
#266=FACE_OUTER_BOUND('',#445,.T.);
#267=FACE_OUTER_BOUND('',#446,.T.);
#268=FACE_OUTER_BOUND('',#447,.T.);
#269=FACE_OUTER_BOUND('',#448,.T.);
#270=FACE_OUTER_BOUND('',#449,.T.);
#271=FACE_OUTER_BOUND('',#450,.T.);
#272=FACE_OUTER_BOUND('',#451,.T.);
#273=FACE_OUTER_BOUND('',#452,.T.);
#274=FACE_OUTER_BOUND('',#453,.T.);
#275=FACE_OUTER_BOUND('',#454,.T.);
#276=FACE_OUTER_BOUND('',#455,.T.);
#277=FACE_OUTER_BOUND('',#456,.T.);
#278=FACE_OUTER_BOUND('',#457,.T.);
#279=FACE_OUTER_BOUND('',#458,.T.);
#280=FACE_OUTER_BOUND('',#459,.T.);
#281=FACE_OUTER_BOUND('',#460,.T.);
#282=FACE_OUTER_BOUND('',#461,.T.);
#283=FACE_OUTER_BOUND('',#462,.T.);
#284=FACE_OUTER_BOUND('',#463,.T.);
#285=FACE_OUTER_BOUND('',#464,.T.);
#286=FACE_OUTER_BOUND('',#465,.T.);
#287=FACE_OUTER_BOUND('',#466,.T.);
#288=FACE_OUTER_BOUND('',#468,.T.);
#289=FACE_OUTER_BOUND('',#469,.T.);
#290=FACE_OUTER_BOUND('',#474,.T.);
#291=FACE_OUTER_BOUND('',#475,.T.);
#292=FACE_OUTER_BOUND('',#476,.T.);
#293=FACE_OUTER_BOUND('',#477,.T.);
#294=FACE_OUTER_BOUND('',#478,.T.);
#295=FACE_OUTER_BOUND('',#479,.T.);
#296=FACE_OUTER_BOUND('',#480,.T.);
#297=FACE_OUTER_BOUND('',#481,.T.);
#298=FACE_OUTER_BOUND('',#482,.T.);
#299=FACE_OUTER_BOUND('',#483,.T.);
#300=FACE_OUTER_BOUND('',#484,.T.);
#301=FACE_OUTER_BOUND('',#485,.T.);
#302=FACE_OUTER_BOUND('',#486,.T.);
#303=FACE_OUTER_BOUND('',#487,.T.);
#304=FACE_OUTER_BOUND('',#488,.T.);
#305=FACE_OUTER_BOUND('',#489,.T.);
#306=FACE_OUTER_BOUND('',#490,.T.);
#307=FACE_OUTER_BOUND('',#491,.T.);
#308=FACE_OUTER_BOUND('',#492,.T.);
#309=FACE_OUTER_BOUND('',#493,.T.);
#310=FACE_OUTER_BOUND('',#494,.T.);
#311=FACE_OUTER_BOUND('',#495,.T.);
#312=FACE_OUTER_BOUND('',#496,.T.);
#313=FACE_OUTER_BOUND('',#497,.T.);
#314=FACE_OUTER_BOUND('',#498,.T.);
#315=FACE_OUTER_BOUND('',#499,.T.);
#316=FACE_OUTER_BOUND('',#500,.T.);
#317=FACE_OUTER_BOUND('',#501,.T.);
#318=FACE_OUTER_BOUND('',#502,.T.);
#319=FACE_OUTER_BOUND('',#503,.T.);
#320=FACE_OUTER_BOUND('',#504,.T.);
#321=FACE_OUTER_BOUND('',#505,.T.);
#322=FACE_OUTER_BOUND('',#506,.T.);
#323=FACE_OUTER_BOUND('',#507,.T.);
#324=FACE_OUTER_BOUND('',#508,.T.);
#325=FACE_OUTER_BOUND('',#509,.T.);
#326=FACE_OUTER_BOUND('',#510,.T.);
#327=FACE_OUTER_BOUND('',#511,.T.);
#328=FACE_OUTER_BOUND('',#512,.T.);
#329=FACE_OUTER_BOUND('',#513,.T.);
#330=FACE_OUTER_BOUND('',#514,.T.);
#331=FACE_OUTER_BOUND('',#515,.T.);
#332=FACE_OUTER_BOUND('',#516,.T.);
#333=FACE_OUTER_BOUND('',#517,.T.);
#334=FACE_OUTER_BOUND('',#518,.T.);
#335=FACE_OUTER_BOUND('',#519,.T.);
#336=FACE_OUTER_BOUND('',#520,.T.);
#337=FACE_OUTER_BOUND('',#521,.T.);
#338=FACE_OUTER_BOUND('',#522,.T.);
#339=FACE_OUTER_BOUND('',#523,.T.);
#340=FACE_OUTER_BOUND('',#524,.T.);
#341=FACE_OUTER_BOUND('',#525,.T.);
#342=FACE_OUTER_BOUND('',#526,.T.);
#343=FACE_OUTER_BOUND('',#527,.T.);
#344=FACE_OUTER_BOUND('',#528,.T.);
#345=FACE_OUTER_BOUND('',#530,.T.);
#346=FACE_OUTER_BOUND('',#532,.T.);
#347=FACE_OUTER_BOUND('',#535,.T.);
#348=FACE_OUTER_BOUND('',#538,.T.);
#349=FACE_OUTER_BOUND('',#539,.T.);
#350=FACE_OUTER_BOUND('',#540,.T.);
#351=FACE_OUTER_BOUND('',#541,.T.);
#352=FACE_OUTER_BOUND('',#542,.T.);
#353=FACE_OUTER_BOUND('',#543,.T.);
#354=FACE_OUTER_BOUND('',#544,.T.);
#355=FACE_OUTER_BOUND('',#545,.T.);
#356=FACE_OUTER_BOUND('',#546,.T.);
#357=FACE_OUTER_BOUND('',#547,.T.);
#358=FACE_OUTER_BOUND('',#548,.T.);
#359=FACE_OUTER_BOUND('',#549,.T.);
#360=FACE_OUTER_BOUND('',#550,.T.);
#361=FACE_OUTER_BOUND('',#551,.T.);
#362=FACE_OUTER_BOUND('',#552,.T.);
#363=FACE_OUTER_BOUND('',#553,.T.);
#364=FACE_OUTER_BOUND('',#554,.T.);
#365=FACE_OUTER_BOUND('',#555,.T.);
#366=FACE_OUTER_BOUND('',#556,.T.);
#367=FACE_OUTER_BOUND('',#557,.T.);
#368=FACE_OUTER_BOUND('',#558,.T.);
#369=FACE_OUTER_BOUND('',#559,.T.);
#370=FACE_OUTER_BOUND('',#560,.T.);
#371=FACE_OUTER_BOUND('',#561,.T.);
#372=FACE_OUTER_BOUND('',#562,.T.);
#373=FACE_OUTER_BOUND('',#563,.T.);
#374=FACE_OUTER_BOUND('',#564,.T.);
#375=FACE_OUTER_BOUND('',#565,.T.);
#376=FACE_OUTER_BOUND('',#566,.T.);
#377=FACE_OUTER_BOUND('',#567,.T.);
#378=FACE_OUTER_BOUND('',#568,.T.);
#379=FACE_OUTER_BOUND('',#569,.T.);
#380=FACE_OUTER_BOUND('',#570,.T.);
#381=FACE_OUTER_BOUND('',#571,.T.);
#382=FACE_OUTER_BOUND('',#572,.T.);
#383=FACE_OUTER_BOUND('',#573,.T.);
#384=FACE_OUTER_BOUND('',#574,.T.);
#385=FACE_OUTER_BOUND('',#575,.T.);
#386=FACE_OUTER_BOUND('',#576,.T.);
#387=FACE_OUTER_BOUND('',#577,.T.);
#388=FACE_OUTER_BOUND('',#578,.T.);
#389=FACE_OUTER_BOUND('',#579,.T.);
#390=FACE_OUTER_BOUND('',#580,.T.);
#391=FACE_OUTER_BOUND('',#581,.T.);
#392=FACE_OUTER_BOUND('',#599,.T.);
#393=FACE_OUTER_BOUND('',#600,.T.);
#394=FACE_OUTER_BOUND('',#601,.T.);
#395=FACE_OUTER_BOUND('',#602,.T.);
#396=FACE_OUTER_BOUND('',#604,.T.);
#397=FACE_OUTER_BOUND('',#605,.T.);
#398=FACE_OUTER_BOUND('',#606,.T.);
#399=FACE_OUTER_BOUND('',#607,.T.);
#400=FACE_OUTER_BOUND('',#608,.T.);
#401=EDGE_LOOP('',(#2251,#2252,#2253,#2254));
#402=EDGE_LOOP('',(#2255,#2256,#2257,#2258));
#403=EDGE_LOOP('',(#2259,#2260,#2261,#2262));
#404=EDGE_LOOP('',(#2263,#2264,#2265,#2266));
#405=EDGE_LOOP('',(#2267,#2268,#2269,#2270));
#406=EDGE_LOOP('',(#2271,#2272,#2273,#2274));
#407=EDGE_LOOP('',(#2275,#2276,#2277,#2278));
#408=EDGE_LOOP('',(#2279,#2280,#2281,#2282));
#409=EDGE_LOOP('',(#2283,#2284,#2285,#2286));
#410=EDGE_LOOP('',(#2287,#2288,#2289,#2290));
#411=EDGE_LOOP('',(#2291,#2292,#2293,#2294));
#412=EDGE_LOOP('',(#2295,#2296,#2297,#2298));
#413=EDGE_LOOP('',(#2299,#2300,#2301,#2302));
#414=EDGE_LOOP('',(#2303,#2304,#2305,#2306));
#415=EDGE_LOOP('',(#2307,#2308,#2309,#2310,#2311,#2312,#2313,#2314,#2315,
#2316,#2317,#2318,#2319,#2320));
#416=EDGE_LOOP('',(#2321,#2322,#2323,#2324));
#417=EDGE_LOOP('',(#2325,#2326,#2327,#2328));
#418=EDGE_LOOP('',(#2329,#2330,#2331,#2332));
#419=EDGE_LOOP('',(#2333,#2334,#2335,#2336));
#420=EDGE_LOOP('',(#2337,#2338,#2339,#2340));
#421=EDGE_LOOP('',(#2341,#2342,#2343,#2344));
#422=EDGE_LOOP('',(#2345,#2346,#2347,#2348));
#423=EDGE_LOOP('',(#2349,#2350,#2351,#2352));
#424=EDGE_LOOP('',(#2353,#2354,#2355,#2356));
#425=EDGE_LOOP('',(#2357,#2358,#2359,#2360,#2361,#2362,#2363,#2364,#2365));
#426=EDGE_LOOP('',(#2366,#2367,#2368,#2369));
#427=EDGE_LOOP('',(#2370,#2371,#2372,#2373));
#428=EDGE_LOOP('',(#2374,#2375,#2376,#2377));
#429=EDGE_LOOP('',(#2378,#2379,#2380,#2381));
#430=EDGE_LOOP('',(#2382,#2383,#2384,#2385));
#431=EDGE_LOOP('',(#2386,#2387,#2388,#2389));
#432=EDGE_LOOP('',(#2390,#2391,#2392,#2393));
#433=EDGE_LOOP('',(#2394,#2395,#2396,#2397));
#434=EDGE_LOOP('',(#2398,#2399,#2400,#2401));
#435=EDGE_LOOP('',(#2402,#2403,#2404,#2405));
#436=EDGE_LOOP('',(#2406,#2407,#2408,#2409));
#437=EDGE_LOOP('',(#2410,#2411,#2412,#2413));
#438=EDGE_LOOP('',(#2414,#2415,#2416,#2417));
#439=EDGE_LOOP('',(#2418,#2419,#2420,#2421));
#440=EDGE_LOOP('',(#2422,#2423,#2424,#2425));
#441=EDGE_LOOP('',(#2426,#2427,#2428,#2429));
#442=EDGE_LOOP('',(#2430,#2431,#2432,#2433));
#443=EDGE_LOOP('',(#2434,#2435,#2436,#2437));
#444=EDGE_LOOP('',(#2438,#2439,#2440,#2441));
#445=EDGE_LOOP('',(#2442,#2443,#2444,#2445));
#446=EDGE_LOOP('',(#2446,#2447,#2448,#2449));
#447=EDGE_LOOP('',(#2450,#2451,#2452,#2453));
#448=EDGE_LOOP('',(#2454,#2455,#2456,#2457));
#449=EDGE_LOOP('',(#2458,#2459,#2460,#2461));
#450=EDGE_LOOP('',(#2462,#2463,#2464,#2465));
#451=EDGE_LOOP('',(#2466,#2467,#2468,#2469));
#452=EDGE_LOOP('',(#2470,#2471,#2472,#2473));
#453=EDGE_LOOP('',(#2474,#2475,#2476,#2477));
#454=EDGE_LOOP('',(#2478,#2479,#2480,#2481));
#455=EDGE_LOOP('',(#2482,#2483,#2484,#2485));
#456=EDGE_LOOP('',(#2486,#2487,#2488,#2489));
#457=EDGE_LOOP('',(#2490,#2491,#2492,#2493));
#458=EDGE_LOOP('',(#2494,#2495,#2496,#2497));
#459=EDGE_LOOP('',(#2498,#2499,#2500,#2501));
#460=EDGE_LOOP('',(#2502,#2503,#2504,#2505));
#461=EDGE_LOOP('',(#2506,#2507,#2508,#2509));
#462=EDGE_LOOP('',(#2510,#2511,#2512,#2513));
#463=EDGE_LOOP('',(#2514,#2515,#2516,#2517));
#464=EDGE_LOOP('',(#2518,#2519,#2520,#2521));
#465=EDGE_LOOP('',(#2522,#2523,#2524,#2525));
#466=EDGE_LOOP('',(#2526,#2527,#2528,#2529,#2530,#2531,#2532,#2533,#2534,
#2535,#2536,#2537,#2538,#2539,#2540,#2541,#2542,#2543,#2544,#2545,#2546,
#2547,#2548,#2549,#2550,#2551,#2552,#2553,#2554,#2555,#2556,#2557));
#467=EDGE_LOOP('',(#2558,#2559,#2560,#2561,#2562,#2563,#2564,#2565));
#468=EDGE_LOOP('',(#2566,#2567,#2568,#2569,#2570,#2571,#2572,#2573));
#469=EDGE_LOOP('',(#2574,#2575,#2576,#2577,#2578,#2579,#2580,#2581,#2582,
#2583,#2584,#2585,#2586,#2587,#2588,#2589,#2590,#2591,#2592,#2593,#2594,
#2595,#2596,#2597,#2598,#2599,#2600,#2601,#2602,#2603,#2604,#2605,#2606,
#2607,#2608,#2609,#2610));
#470=EDGE_LOOP('',(#2611,#2612,#2613,#2614,#2615,#2616,#2617,#2618));
#471=EDGE_LOOP('',(#2619,#2620,#2621,#2622));
#472=EDGE_LOOP('',(#2623,#2624,#2625,#2626));
#473=EDGE_LOOP('',(#2627));
#474=EDGE_LOOP('',(#2628,#2629,#2630,#2631,#2632,#2633));
#475=EDGE_LOOP('',(#2634,#2635,#2636,#2637,#2638,#2639));
#476=EDGE_LOOP('',(#2640,#2641,#2642,#2643));
#477=EDGE_LOOP('',(#2644,#2645,#2646,#2647));
#478=EDGE_LOOP('',(#2648,#2649,#2650,#2651));
#479=EDGE_LOOP('',(#2652,#2653,#2654,#2655));
#480=EDGE_LOOP('',(#2656,#2657,#2658,#2659));
#481=EDGE_LOOP('',(#2660,#2661,#2662,#2663));
#482=EDGE_LOOP('',(#2664,#2665,#2666,#2667));
#483=EDGE_LOOP('',(#2668,#2669,#2670,#2671));
#484=EDGE_LOOP('',(#2672,#2673,#2674,#2675));
#485=EDGE_LOOP('',(#2676,#2677,#2678,#2679));
#486=EDGE_LOOP('',(#2680,#2681,#2682,#2683));
#487=EDGE_LOOP('',(#2684,#2685,#2686,#2687));
#488=EDGE_LOOP('',(#2688,#2689,#2690,#2691));
#489=EDGE_LOOP('',(#2692,#2693,#2694,#2695));
#490=EDGE_LOOP('',(#2696,#2697,#2698,#2699));
#491=EDGE_LOOP('',(#2700,#2701,#2702,#2703));
#492=EDGE_LOOP('',(#2704,#2705,#2706,#2707));
#493=EDGE_LOOP('',(#2708,#2709,#2710,#2711));
#494=EDGE_LOOP('',(#2712,#2713,#2714,#2715));
#495=EDGE_LOOP('',(#2716,#2717,#2718,#2719));
#496=EDGE_LOOP('',(#2720,#2721,#2722,#2723));
#497=EDGE_LOOP('',(#2724,#2725,#2726,#2727));
#498=EDGE_LOOP('',(#2728,#2729,#2730,#2731));
#499=EDGE_LOOP('',(#2732,#2733,#2734,#2735,#2736));
#500=EDGE_LOOP('',(#2737,#2738,#2739,#2740));
#501=EDGE_LOOP('',(#2741,#2742,#2743,#2744));
#502=EDGE_LOOP('',(#2745,#2746,#2747,#2748));
#503=EDGE_LOOP('',(#2749,#2750,#2751,#2752));
#504=EDGE_LOOP('',(#2753,#2754,#2755,#2756));
#505=EDGE_LOOP('',(#2757,#2758,#2759,#2760));
#506=EDGE_LOOP('',(#2761,#2762,#2763,#2764));
#507=EDGE_LOOP('',(#2765,#2766,#2767,#2768));
#508=EDGE_LOOP('',(#2769,#2770,#2771,#2772));
#509=EDGE_LOOP('',(#2773,#2774,#2775,#2776));
#510=EDGE_LOOP('',(#2777,#2778,#2779,#2780));
#511=EDGE_LOOP('',(#2781,#2782,#2783,#2784));
#512=EDGE_LOOP('',(#2785,#2786,#2787,#2788));
#513=EDGE_LOOP('',(#2789,#2790,#2791,#2792));
#514=EDGE_LOOP('',(#2793,#2794,#2795,#2796));
#515=EDGE_LOOP('',(#2797,#2798,#2799,#2800));
#516=EDGE_LOOP('',(#2801,#2802,#2803,#2804));
#517=EDGE_LOOP('',(#2805,#2806,#2807,#2808));
#518=EDGE_LOOP('',(#2809,#2810,#2811,#2812));
#519=EDGE_LOOP('',(#2813,#2814,#2815,#2816));
#520=EDGE_LOOP('',(#2817,#2818,#2819,#2820));
#521=EDGE_LOOP('',(#2821,#2822,#2823,#2824));
#522=EDGE_LOOP('',(#2825,#2826,#2827,#2828));
#523=EDGE_LOOP('',(#2829,#2830,#2831,#2832));
#524=EDGE_LOOP('',(#2833,#2834,#2835,#2836));
#525=EDGE_LOOP('',(#2837,#2838,#2839,#2840));
#526=EDGE_LOOP('',(#2841,#2842,#2843,#2844));
#527=EDGE_LOOP('',(#2845,#2846,#2847,#2848));
#528=EDGE_LOOP('',(#2849,#2850,#2851,#2852));
#529=EDGE_LOOP('',(#2853,#2854,#2855,#2856));
#530=EDGE_LOOP('',(#2857));
#531=EDGE_LOOP('',(#2858));
#532=EDGE_LOOP('',(#2859,#2860,#2861,#2862,#2863,#2864,#2865,#2866));
#533=EDGE_LOOP('',(#2867,#2868,#2869,#2870));
#534=EDGE_LOOP('',(#2871,#2872,#2873,#2874));
#535=EDGE_LOOP('',(#2875,#2876,#2877,#2878));
#536=EDGE_LOOP('',(#2879,#2880,#2881,#2882));
#537=EDGE_LOOP('',(#2883,#2884,#2885,#2886));
#538=EDGE_LOOP('',(#2887,#2888,#2889,#2890));
#539=EDGE_LOOP('',(#2891,#2892,#2893,#2894));
#540=EDGE_LOOP('',(#2895,#2896,#2897,#2898));
#541=EDGE_LOOP('',(#2899,#2900,#2901,#2902));
#542=EDGE_LOOP('',(#2903,#2904,#2905,#2906));
#543=EDGE_LOOP('',(#2907,#2908,#2909,#2910,#2911,#2912,#2913,#2914,#2915,
#2916,#2917,#2918));
#544=EDGE_LOOP('',(#2919,#2920,#2921,#2922));
#545=EDGE_LOOP('',(#2923,#2924,#2925,#2926));
#546=EDGE_LOOP('',(#2927,#2928,#2929,#2930));
#547=EDGE_LOOP('',(#2931,#2932,#2933,#2934));
#548=EDGE_LOOP('',(#2935,#2936,#2937,#2938));
#549=EDGE_LOOP('',(#2939,#2940,#2941,#2942));
#550=EDGE_LOOP('',(#2943,#2944,#2945,#2946));
#551=EDGE_LOOP('',(#2947,#2948,#2949,#2950));
#552=EDGE_LOOP('',(#2951,#2952,#2953,#2954));
#553=EDGE_LOOP('',(#2955,#2956,#2957,#2958));
#554=EDGE_LOOP('',(#2959,#2960,#2961,#2962));
#555=EDGE_LOOP('',(#2963,#2964,#2965,#2966));
#556=EDGE_LOOP('',(#2967,#2968,#2969,#2970));
#557=EDGE_LOOP('',(#2971,#2972,#2973,#2974));
#558=EDGE_LOOP('',(#2975,#2976,#2977,#2978));
#559=EDGE_LOOP('',(#2979,#2980,#2981,#2982));
#560=EDGE_LOOP('',(#2983,#2984,#2985,#2986));
#561=EDGE_LOOP('',(#2987,#2988,#2989,#2990));
#562=EDGE_LOOP('',(#2991,#2992,#2993,#2994));
#563=EDGE_LOOP('',(#2995,#2996,#2997,#2998));
#564=EDGE_LOOP('',(#2999,#3000,#3001,#3002));
#565=EDGE_LOOP('',(#3003,#3004,#3005,#3006));
#566=EDGE_LOOP('',(#3007,#3008,#3009,#3010));
#567=EDGE_LOOP('',(#3011,#3012,#3013,#3014));
#568=EDGE_LOOP('',(#3015,#3016,#3017,#3018));
#569=EDGE_LOOP('',(#3019,#3020,#3021,#3022));
#570=EDGE_LOOP('',(#3023,#3024,#3025,#3026));
#571=EDGE_LOOP('',(#3027,#3028,#3029,#3030));
#572=EDGE_LOOP('',(#3031,#3032,#3033,#3034));
#573=EDGE_LOOP('',(#3035,#3036,#3037,#3038));
#574=EDGE_LOOP('',(#3039,#3040,#3041,#3042));
#575=EDGE_LOOP('',(#3043,#3044,#3045,#3046));
#576=EDGE_LOOP('',(#3047,#3048,#3049,#3050));
#577=EDGE_LOOP('',(#3051,#3052,#3053,#3054));
#578=EDGE_LOOP('',(#3055,#3056,#3057,#3058));
#579=EDGE_LOOP('',(#3059,#3060,#3061,#3062));
#580=EDGE_LOOP('',(#3063,#3064,#3065,#3066));
#581=EDGE_LOOP('',(#3067,#3068,#3069,#3070,#3071,#3072,#3073,#3074));
#582=EDGE_LOOP('',(#3075,#3076,#3077,#3078,#3079,#3080,#3081,#3082,#3083));
#583=EDGE_LOOP('',(#3084));
#584=EDGE_LOOP('',(#3085,#3086,#3087,#3088));
#585=EDGE_LOOP('',(#3089,#3090,#3091,#3092));
#586=EDGE_LOOP('',(#3093,#3094,#3095,#3096));
#587=EDGE_LOOP('',(#3097,#3098,#3099,#3100));
#588=EDGE_LOOP('',(#3101,#3102,#3103,#3104));
#589=EDGE_LOOP('',(#3105,#3106,#3107,#3108));
#590=EDGE_LOOP('',(#3109));
#591=EDGE_LOOP('',(#3110));
#592=EDGE_LOOP('',(#3111));
#593=EDGE_LOOP('',(#3112));
#594=EDGE_LOOP('',(#3113));
#595=EDGE_LOOP('',(#3114,#3115,#3116,#3117));
#596=EDGE_LOOP('',(#3118,#3119,#3120,#3121));
#597=EDGE_LOOP('',(#3122,#3123,#3124,#3125,#3126,#3127,#3128,#3129,#3130,
#3131,#3132,#3133,#3134,#3135,#3136,#3137,#3138,#3139,#3140,#3141,#3142,
#3143,#3144,#3145,#3146,#3147,#3148,#3149,#3150,#3151,#3152,#3153));
#598=EDGE_LOOP('',(#3154,#3155,#3156,#3157,#3158,#3159,#3160,#3161,#3162,
#3163,#3164,#3165,#3166,#3167));
#599=EDGE_LOOP('',(#3168,#3169,#3170,#3171));
#600=EDGE_LOOP('',(#3172,#3173,#3174,#3175));
#601=EDGE_LOOP('',(#3176,#3177,#3178,#3179));
#602=EDGE_LOOP('',(#3180,#3181,#3182,#3183));
#603=EDGE_LOOP('',(#3184,#3185,#3186,#3187));
#604=EDGE_LOOP('',(#3188,#3189,#3190,#3191));
#605=EDGE_LOOP('',(#3192,#3193,#3194,#3195));
#606=EDGE_LOOP('',(#3196,#3197,#3198,#3199));
#607=EDGE_LOOP('',(#3200,#3201,#3202,#3203));
#608=EDGE_LOOP('',(#3204,#3205,#3206,#3207,#3208,#3209,#3210,#3211));
#609=EDGE_LOOP('',(#3212));
#610=EDGE_LOOP('',(#3213));
#611=EDGE_LOOP('',(#3214));
#612=EDGE_LOOP('',(#3215));
#613=EDGE_LOOP('',(#3216,#3217,#3218,#3219));
#614=EDGE_LOOP('',(#3220,#3221,#3222,#3223));
#615=EDGE_LOOP('',(#3224));
#616=EDGE_LOOP('',(#3225,#3226,#3227,#3228));
#617=EDGE_LOOP('',(#3229,#3230,#3231,#3232,#3233,#3234,#3235,#3236,#3237,
#3238,#3239,#3240,#3241,#3242,#3243,#3244,#3245,#3246,#3247,#3248,#3249,
#3250,#3251,#3252,#3253,#3254,#3255,#3256,#3257,#3258,#3259,#3260,#3261,
#3262,#3263,#3264));
#618=LINE('',#4368,#949);
#619=LINE('',#4374,#950);
#620=LINE('',#4393,#951);
#621=LINE('',#4412,#952);
#622=LINE('',#4431,#953);
#623=LINE('',#4450,#954);
#624=LINE('',#4469,#955);
#625=LINE('',#4488,#956);
#626=LINE('',#4507,#957);
#627=LINE('',#4526,#958);
#628=LINE('',#4545,#959);
#629=LINE('',#4564,#960);
#630=LINE('',#4583,#961);
#631=LINE('',#4602,#962);
#632=LINE('',#4635,#963);
#633=LINE('',#4641,#964);
#634=LINE('',#4660,#965);
#635=LINE('',#4679,#966);
#636=LINE('',#4698,#967);
#637=LINE('',#4717,#968);
#638=LINE('',#4736,#969);
#639=LINE('',#4755,#970);
#640=LINE('',#4774,#971);
#641=LINE('',#4807,#972);
#642=LINE('',#4813,#973);
#643=LINE('',#4832,#974);
#644=LINE('',#4851,#975);
#645=LINE('',#4870,#976);
#646=LINE('',#4889,#977);
#647=LINE('',#4908,#978);
#648=LINE('',#4927,#979);
#649=LINE('',#4959,#980);
#650=LINE('',#4965,#981);
#651=LINE('',#4984,#982);
#652=LINE('',#5003,#983);
#653=LINE('',#5022,#984);
#654=LINE('',#5041,#985);
#655=LINE('',#5060,#986);
#656=LINE('',#5079,#987);
#657=LINE('',#5098,#988);
#658=LINE('',#5117,#989);
#659=LINE('',#5136,#990);
#660=LINE('',#5155,#991);
#661=LINE('',#5174,#992);
#662=LINE('',#5193,#993);
#663=LINE('',#5212,#994);
#664=LINE('',#5231,#995);
#665=LINE('',#5250,#996);
#666=LINE('',#5269,#997);
#667=LINE('',#5288,#998);
#668=LINE('',#5307,#999);
#669=LINE('',#5326,#1000);
#670=LINE('',#5345,#1001);
#671=LINE('',#5364,#1002);
#672=LINE('',#5383,#1003);
#673=LINE('',#5402,#1004);
#674=LINE('',#5421,#1005);
#675=LINE('',#5440,#1006);
#676=LINE('',#5459,#1007);
#677=LINE('',#5478,#1008);
#678=LINE('',#5497,#1009);
#679=LINE('',#5516,#1010);
#680=LINE('',#5535,#1011);
#681=LINE('',#5563,#1012);
#682=LINE('',#5569,#1013);
#683=LINE('',#5571,#1014);
#684=LINE('',#5573,#1015);
#685=LINE('',#5575,#1016);
#686=LINE('',#5577,#1017);
#687=LINE('',#5579,#1018);
#688=LINE('',#5581,#1019);
#689=LINE('',#5583,#1020);
#690=LINE('',#5585,#1021);
#691=LINE('',#5587,#1022);
#692=LINE('',#5589,#1023);
#693=LINE('',#5591,#1024);
#694=LINE('',#5593,#1025);
#695=LINE('',#5595,#1026);
#696=LINE('',#5597,#1027);
#697=LINE('',#5603,#1028);
#698=LINE('',#5607,#1029);
#699=LINE('',#5611,#1030);
#700=LINE('',#5619,#1031);
#701=LINE('',#5621,#1032);
#702=LINE('',#5623,#1033);
#703=LINE('',#5625,#1034);
#704=LINE('',#5627,#1035);
#705=LINE('',#5631,#1036);
#706=LINE('',#5633,#1037);
#707=LINE('',#5635,#1038);
#708=LINE('',#5637,#1039);
#709=LINE('',#5639,#1040);
#710=LINE('',#5641,#1041);
#711=LINE('',#5643,#1042);
#712=LINE('',#5644,#1043);
#713=LINE('',#5647,#1044);
#714=LINE('',#5649,#1045);
#715=LINE('',#5651,#1046);
#716=LINE('',#5652,#1047);
#717=LINE('',#5655,#1048);
#718=LINE('',#5657,#1049);
#719=LINE('',#5659,#1050);
#720=LINE('',#5660,#1051);
#721=LINE('',#5665,#1052);
#722=LINE('',#5669,#1053);
#723=LINE('',#5672,#1054);
#724=LINE('',#5675,#1055);
#725=LINE('',#5677,#1056);
#726=LINE('',#5681,#1057);
#727=LINE('',#5685,#1058);
#728=LINE('',#5687,#1059);
#729=LINE('',#5688,#1060);
#730=LINE('',#5691,#1061);
#731=LINE('',#5693,#1062);
#732=LINE('',#5694,#1063);
#733=LINE('',#5697,#1064);
#734=LINE('',#5701,#1065);
#735=LINE('',#5704,#1066);
#736=LINE('',#5707,#1067);
#737=LINE('',#5710,#1068);
#738=LINE('',#5713,#1069);
#739=LINE('',#5715,#1070);
#740=LINE('',#5719,#1071);
#741=LINE('',#5723,#1072);
#742=LINE('',#5724,#1073);
#743=LINE('',#5728,#1074);
#744=LINE('',#5731,#1075);
#745=LINE('',#5732,#1076);
#746=LINE('',#5735,#1077);
#747=LINE('',#5737,#1078);
#748=LINE('',#5738,#1079);
#749=LINE('',#5741,#1080);
#750=LINE('',#5742,#1081);
#751=LINE('',#5745,#1082);
#752=LINE('',#5746,#1083);
#753=LINE('',#5750,#1084);
#754=LINE('',#5751,#1085);
#755=LINE('',#5752,#1086);
#756=LINE('',#5756,#1087);
#757=LINE('',#5757,#1088);
#758=LINE('',#5758,#1089);
#759=LINE('',#5761,#1090);
#760=LINE('',#5763,#1091);
#761=LINE('',#5764,#1092);
#762=LINE('',#5767,#1093);
#763=LINE('',#5769,#1094);
#764=LINE('',#5770,#1095);
#765=LINE('',#5773,#1096);
#766=LINE('',#5775,#1097);
#767=LINE('',#5776,#1098);
#768=LINE('',#5779,#1099);
#769=LINE('',#5780,#1100);
#770=LINE('',#5784,#1101);
#771=LINE('',#5785,#1102);
#772=LINE('',#5786,#1103);
#773=LINE('',#5789,#1104);
#774=LINE('',#5790,#1105);
#775=LINE('',#5792,#1106);
#776=LINE('',#5802,#1107);
#777=LINE('',#5803,#1108);
#778=LINE('',#5806,#1109);
#779=LINE('',#5807,#1110);
#780=LINE('',#5810,#1111);
#781=LINE('',#5811,#1112);
#782=LINE('',#5813,#1113);
#783=LINE('',#5817,#1114);
#784=LINE('',#5818,#1115);
#785=LINE('',#5819,#1116);
#786=LINE('',#5821,#1117);
#787=LINE('',#5824,#1118);
#788=LINE('',#5825,#1119);
#789=LINE('',#5827,#1120);
#790=LINE('',#5830,#1121);
#791=LINE('',#5831,#1122);
#792=LINE('',#5833,#1123);
#793=LINE('',#5835,#1124);
#794=LINE('',#5838,#1125);
#795=LINE('',#5841,#1126);
#796=LINE('',#5844,#1127);
#797=LINE('',#5845,#1128);
#798=LINE('',#5848,#1129);
#799=LINE('',#5849,#1130);
#800=LINE('',#5852,#1131);
#801=LINE('',#5853,#1132);
#802=LINE('',#5855,#1133);
#803=LINE('',#5858,#1134);
#804=LINE('',#5859,#1135);
#805=LINE('',#5861,#1136);
#806=LINE('',#5865,#1137);
#807=LINE('',#5866,#1138);
#808=LINE('',#5867,#1139);
#809=LINE('',#5870,#1140);
#810=LINE('',#5871,#1141);
#811=LINE('',#5874,#1142);
#812=LINE('',#5875,#1143);
#813=LINE('',#5877,#1144);
#814=LINE('',#5885,#1145);
#815=LINE('',#5887,#1146);
#816=LINE('',#5891,#1147);
#817=LINE('',#5893,#1148);
#818=LINE('',#5895,#1149);
#819=LINE('',#5896,#1150);
#820=LINE('',#5903,#1151);
#821=LINE('',#5905,#1152);
#822=LINE('',#5907,#1153);
#823=LINE('',#5908,#1154);
#824=LINE('',#5911,#1155);
#825=LINE('',#5913,#1156);
#826=LINE('',#5915,#1157);
#827=LINE('',#5916,#1158);
#828=LINE('',#5920,#1159);
#829=LINE('',#5922,#1160);
#830=LINE('',#5924,#1161);
#831=LINE('',#5925,#1162);
#832=LINE('',#5928,#1163);
#833=LINE('',#5930,#1164);
#834=LINE('',#5932,#1165);
#835=LINE('',#5933,#1166);
#836=LINE('',#5937,#1167);
#837=LINE('',#5939,#1168);
#838=LINE('',#5941,#1169);
#839=LINE('',#5942,#1170);
#840=LINE('',#5945,#1171);
#841=LINE('',#5947,#1172);
#842=LINE('',#5948,#1173);
#843=LINE('',#5951,#1174);
#844=LINE('',#5953,#1175);
#845=LINE('',#5954,#1176);
#846=LINE('',#5956,#1177);
#847=LINE('',#5957,#1178);
#848=LINE('',#5962,#1179);
#849=LINE('',#5964,#1180);
#850=LINE('',#5969,#1181);
#851=LINE('',#5971,#1182);
#852=LINE('',#5973,#1183);
#853=LINE('',#5974,#1184);
#854=LINE('',#5977,#1185);
#855=LINE('',#5979,#1186);
#856=LINE('',#5980,#1187);
#857=LINE('',#5983,#1188);
#858=LINE('',#5985,#1189);
#859=LINE('',#5986,#1190);
#860=LINE('',#5988,#1191);
#861=LINE('',#5989,#1192);
#862=LINE('',#5992,#1193);
#863=LINE('',#5994,#1194);
#864=LINE('',#5995,#1195);
#865=LINE('',#5998,#1196);
#866=LINE('',#5999,#1197);
#867=LINE('',#6002,#1198);
#868=LINE('',#6003,#1199);
#869=LINE('',#6005,#1200);
#870=LINE('',#6008,#1201);
#871=LINE('',#6010,#1202);
#872=LINE('',#6011,#1203);
#873=LINE('',#6014,#1204);
#874=LINE('',#6015,#1205);
#875=LINE('',#6018,#1206);
#876=LINE('',#6019,#1207);
#877=LINE('',#6021,#1208);
#878=LINE('',#6024,#1209);
#879=LINE('',#6026,#1210);
#880=LINE('',#6027,#1211);
#881=LINE('',#6030,#1212);
#882=LINE('',#6031,#1213);
#883=LINE('',#6034,#1214);
#884=LINE('',#6035,#1215);
#885=LINE('',#6037,#1216);
#886=LINE('',#6040,#1217);
#887=LINE('',#6044,#1218);
#888=LINE('',#6046,#1219);
#889=LINE('',#6047,#1220);
#890=LINE('',#6050,#1221);
#891=LINE('',#6051,#1222);
#892=LINE('',#6054,#1223);
#893=LINE('',#6055,#1224);
#894=LINE('',#6057,#1225);
#895=LINE('',#6061,#1226);
#896=LINE('',#6063,#1227);
#897=LINE('',#6065,#1228);
#898=LINE('',#6066,#1229);
#899=LINE('',#6069,#1230);
#900=LINE('',#6071,#1231);
#901=LINE('',#6072,#1232);
#902=LINE('',#6075,#1233);
#903=LINE('',#6077,#1234);
#904=LINE('',#6078,#1235);
#905=LINE('',#6080,#1236);
#906=LINE('',#6081,#1237);
#907=LINE('',#6085,#1238);
#908=LINE('',#6087,#1239);
#909=LINE('',#6089,#1240);
#910=LINE('',#6090,#1241);
#911=LINE('',#6093,#1242);
#912=LINE('',#6095,#1243);
#913=LINE('',#6096,#1244);
#914=LINE('',#6099,#1245);
#915=LINE('',#6101,#1246);
#916=LINE('',#6102,#1247);
#917=LINE('',#6104,#1248);
#918=LINE('',#6105,#1249);
#919=LINE('',#6108,#1250);
#920=LINE('',#6110,#1251);
#921=LINE('',#6111,#1252);
#922=LINE('',#6114,#1253);
#923=LINE('',#6115,#1254);
#924=LINE('',#6118,#1255);
#925=LINE('',#6119,#1256);
#926=LINE('',#6121,#1257);
#927=LINE('',#6126,#1258);
#928=LINE('',#6132,#1259);
#929=LINE('',#6138,#1260);
#930=LINE('',#6144,#1261);
#931=LINE('',#6149,#1262);
#932=LINE('',#6153,#1263);
#933=LINE('',#6157,#1264);
#934=LINE('',#6161,#1265);
#935=LINE('',#6162,#1266);
#936=LINE('',#6166,#1267);
#937=LINE('',#6167,#1268);
#938=LINE('',#6168,#1269);
#939=LINE('',#6171,#1270);
#940=LINE('',#6172,#1271);
#941=LINE('',#6176,#1272);
#942=LINE('',#6179,#1273);
#943=LINE('',#6180,#1274);
#944=LINE('',#6184,#1275);
#945=LINE('',#6187,#1276);
#946=LINE('',#6188,#1277);
#947=LINE('',#6192,#1278);
#948=LINE('',#6194,#1279);
#949=VECTOR('',#3689,10.);
#950=VECTOR('',#3690,10.);
#951=VECTOR('',#3691,10.);
#952=VECTOR('',#3692,10.);
#953=VECTOR('',#3693,10.);
#954=VECTOR('',#3694,10.);
#955=VECTOR('',#3695,10.);
#956=VECTOR('',#3696,10.);
#957=VECTOR('',#3697,10.);
#958=VECTOR('',#3698,10.);
#959=VECTOR('',#3699,10.);
#960=VECTOR('',#3700,10.);
#961=VECTOR('',#3701,10.);
#962=VECTOR('',#3702,10.);
#963=VECTOR('',#3705,10.);
#964=VECTOR('',#3706,10.);
#965=VECTOR('',#3707,10.);
#966=VECTOR('',#3708,10.);
#967=VECTOR('',#3709,10.);
#968=VECTOR('',#3710,10.);
#969=VECTOR('',#3711,10.);
#970=VECTOR('',#3712,10.);
#971=VECTOR('',#3713,10.);
#972=VECTOR('',#3716,10.);
#973=VECTOR('',#3717,10.);
#974=VECTOR('',#3718,10.);
#975=VECTOR('',#3719,10.);
#976=VECTOR('',#3720,10.);
#977=VECTOR('',#3721,10.);
#978=VECTOR('',#3722,10.);
#979=VECTOR('',#3723,10.);
#980=VECTOR('',#3724,10.);
#981=VECTOR('',#3725,10.);
#982=VECTOR('',#3726,10.);
#983=VECTOR('',#3727,10.);
#984=VECTOR('',#3728,10.);
#985=VECTOR('',#3729,10.);
#986=VECTOR('',#3730,10.);
#987=VECTOR('',#3731,10.);
#988=VECTOR('',#3732,10.);
#989=VECTOR('',#3733,10.);
#990=VECTOR('',#3734,10.);
#991=VECTOR('',#3735,10.);
#992=VECTOR('',#3736,10.);
#993=VECTOR('',#3737,10.);
#994=VECTOR('',#3738,10.);
#995=VECTOR('',#3739,10.);
#996=VECTOR('',#3740,10.);
#997=VECTOR('',#3741,10.);
#998=VECTOR('',#3742,10.);
#999=VECTOR('',#3743,10.);
#1000=VECTOR('',#3744,10.);
#1001=VECTOR('',#3745,10.);
#1002=VECTOR('',#3746,10.);
#1003=VECTOR('',#3747,10.);
#1004=VECTOR('',#3748,10.);
#1005=VECTOR('',#3749,10.);
#1006=VECTOR('',#3750,10.);
#1007=VECTOR('',#3751,10.);
#1008=VECTOR('',#3752,10.);
#1009=VECTOR('',#3753,10.);
#1010=VECTOR('',#3754,10.);
#1011=VECTOR('',#3755,10.);
#1012=VECTOR('',#3768,10.);
#1013=VECTOR('',#3773,10.);
#1014=VECTOR('',#3774,10.);
#1015=VECTOR('',#3775,10.);
#1016=VECTOR('',#3776,10.);
#1017=VECTOR('',#3777,10.);
#1018=VECTOR('',#3778,10.);
#1019=VECTOR('',#3779,10.);
#1020=VECTOR('',#3780,10.);
#1021=VECTOR('',#3781,10.);
#1022=VECTOR('',#3782,10.);
#1023=VECTOR('',#3783,10.);
#1024=VECTOR('',#3784,10.);
#1025=VECTOR('',#3785,10.);
#1026=VECTOR('',#3786,10.);
#1027=VECTOR('',#3787,10.);
#1028=VECTOR('',#3792,10.);
#1029=VECTOR('',#3795,10.);
#1030=VECTOR('',#3798,10.);
#1031=VECTOR('',#3805,10.);
#1032=VECTOR('',#3806,10.);
#1033=VECTOR('',#3807,10.);
#1034=VECTOR('',#3808,10.);
#1035=VECTOR('',#3809,10.);
#1036=VECTOR('',#3812,10.);
#1037=VECTOR('',#3813,10.);
#1038=VECTOR('',#3814,10.);
#1039=VECTOR('',#3815,10.);
#1040=VECTOR('',#3816,10.);
#1041=VECTOR('',#3817,10.);
#1042=VECTOR('',#3818,10.);
#1043=VECTOR('',#3819,10.);
#1044=VECTOR('',#3820,10.);
#1045=VECTOR('',#3821,10.);
#1046=VECTOR('',#3822,10.);
#1047=VECTOR('',#3823,10.);
#1048=VECTOR('',#3824,10.);
#1049=VECTOR('',#3825,10.);
#1050=VECTOR('',#3826,10.);
#1051=VECTOR('',#3827,10.);
#1052=VECTOR('',#3832,10.);
#1053=VECTOR('',#3835,10.);
#1054=VECTOR('',#3838,10.);
#1055=VECTOR('',#3841,10.);
#1056=VECTOR('',#3842,10.);
#1057=VECTOR('',#3845,10.);
#1058=VECTOR('',#3850,10.);
#1059=VECTOR('',#3851,10.);
#1060=VECTOR('',#3852,10.);
#1061=VECTOR('',#3855,10.);
#1062=VECTOR('',#3856,10.);
#1063=VECTOR('',#3857,10.);
#1064=VECTOR('',#3860,10.);
#1065=VECTOR('',#3865,10.);
#1066=VECTOR('',#3868,10.);
#1067=VECTOR('',#3871,10.);
#1068=VECTOR('',#3874,10.);
#1069=VECTOR('',#3877,10.);
#1070=VECTOR('',#3878,10.);
#1071=VECTOR('',#3883,10.);
#1072=VECTOR('',#3888,10.);
#1073=VECTOR('',#3889,10.);
#1074=VECTOR('',#3894,10.);
#1075=VECTOR('',#3897,10.);
#1076=VECTOR('',#3898,10.);
#1077=VECTOR('',#3901,10.);
#1078=VECTOR('',#3902,10.);
#1079=VECTOR('',#3903,10.);
#1080=VECTOR('',#3906,10.);
#1081=VECTOR('',#3907,10.);
#1082=VECTOR('',#3910,10.);
#1083=VECTOR('',#3911,10.);
#1084=VECTOR('',#3914,10.);
#1085=VECTOR('',#3915,10.);
#1086=VECTOR('',#3916,10.);
#1087=VECTOR('',#3919,10.);
#1088=VECTOR('',#3920,10.);
#1089=VECTOR('',#3921,10.);
#1090=VECTOR('',#3924,10.);
#1091=VECTOR('',#3925,10.);
#1092=VECTOR('',#3926,10.);
#1093=VECTOR('',#3929,10.);
#1094=VECTOR('',#3930,10.);
#1095=VECTOR('',#3931,10.);
#1096=VECTOR('',#3934,10.);
#1097=VECTOR('',#3935,10.);
#1098=VECTOR('',#3936,10.);
#1099=VECTOR('',#3939,10.);
#1100=VECTOR('',#3940,10.);
#1101=VECTOR('',#3943,10.);
#1102=VECTOR('',#3944,10.);
#1103=VECTOR('',#3945,10.);
#1104=VECTOR('',#3948,10.);
#1105=VECTOR('',#3949,10.);
#1106=VECTOR('',#3952,10.);
#1107=VECTOR('',#3967,10.);
#1108=VECTOR('',#3968,10.);
#1109=VECTOR('',#3971,10.);
#1110=VECTOR('',#3972,10.);
#1111=VECTOR('',#3975,10.);
#1112=VECTOR('',#3976,10.);
#1113=VECTOR('',#3979,10.);
#1114=VECTOR('',#3982,10.);
#1115=VECTOR('',#3983,10.);
#1116=VECTOR('',#3984,10.);
#1117=VECTOR('',#3987,10.);
#1118=VECTOR('',#3990,10.);
#1119=VECTOR('',#3991,10.);
#1120=VECTOR('',#3994,10.);
#1121=VECTOR('',#3997,10.);
#1122=VECTOR('',#3998,10.);
#1123=VECTOR('',#4001,10.);
#1124=VECTOR('',#4004,10.);
#1125=VECTOR('',#4007,3.5);
#1126=VECTOR('',#4012,10.);
#1127=VECTOR('',#4015,10.);
#1128=VECTOR('',#4016,10.);
#1129=VECTOR('',#4019,10.);
#1130=VECTOR('',#4020,10.);
#1131=VECTOR('',#4023,10.);
#1132=VECTOR('',#4024,10.);
#1133=VECTOR('',#4027,10.);
#1134=VECTOR('',#4030,10.);
#1135=VECTOR('',#4031,10.);
#1136=VECTOR('',#4034,10.);
#1137=VECTOR('',#4037,10.);
#1138=VECTOR('',#4038,10.);
#1139=VECTOR('',#4039,10.);
#1140=VECTOR('',#4042,10.);
#1141=VECTOR('',#4043,10.);
#1142=VECTOR('',#4046,10.);
#1143=VECTOR('',#4047,10.);
#1144=VECTOR('',#4050,10.);
#1145=VECTOR('',#4065,10.);
#1146=VECTOR('',#4068,10.);
#1147=VECTOR('',#4071,10.);
#1148=VECTOR('',#4072,10.);
#1149=VECTOR('',#4073,10.);
#1150=VECTOR('',#4074,10.);
#1151=VECTOR('',#4081,10.);
#1152=VECTOR('',#4082,10.);
#1153=VECTOR('',#4083,10.);
#1154=VECTOR('',#4084,10.);
#1155=VECTOR('',#4085,10.);
#1156=VECTOR('',#4086,10.);
#1157=VECTOR('',#4087,10.);
#1158=VECTOR('',#4088,10.);
#1159=VECTOR('',#4091,10.);
#1160=VECTOR('',#4092,10.);
#1161=VECTOR('',#4093,10.);
#1162=VECTOR('',#4094,10.);
#1163=VECTOR('',#4095,10.);
#1164=VECTOR('',#4096,10.);
#1165=VECTOR('',#4097,10.);
#1166=VECTOR('',#4098,10.);
#1167=VECTOR('',#4101,10.);
#1168=VECTOR('',#4102,10.);
#1169=VECTOR('',#4103,10.);
#1170=VECTOR('',#4104,10.);
#1171=VECTOR('',#4107,10.);
#1172=VECTOR('',#4108,10.);
#1173=VECTOR('',#4109,10.);
#1174=VECTOR('',#4112,10.);
#1175=VECTOR('',#4113,10.);
#1176=VECTOR('',#4114,10.);
#1177=VECTOR('',#4117,10.);
#1178=VECTOR('',#4118,10.);
#1179=VECTOR('',#4125,1.7);
#1180=VECTOR('',#4126,1.7);
#1181=VECTOR('',#4131,10.);
#1182=VECTOR('',#4132,10.);
#1183=VECTOR('',#4133,10.);
#1184=VECTOR('',#4134,10.);
#1185=VECTOR('',#4137,10.);
#1186=VECTOR('',#4138,10.);
#1187=VECTOR('',#4139,10.);
#1188=VECTOR('',#4142,10.);
#1189=VECTOR('',#4143,10.);
#1190=VECTOR('',#4144,10.);
#1191=VECTOR('',#4147,10.);
#1192=VECTOR('',#4148,10.);
#1193=VECTOR('',#4151,10.);
#1194=VECTOR('',#4152,10.);
#1195=VECTOR('',#4153,10.);
#1196=VECTOR('',#4156,10.);
#1197=VECTOR('',#4157,10.);
#1198=VECTOR('',#4160,10.);
#1199=VECTOR('',#4161,10.);
#1200=VECTOR('',#4164,10.);
#1201=VECTOR('',#4167,10.);
#1202=VECTOR('',#4168,10.);
#1203=VECTOR('',#4169,10.);
#1204=VECTOR('',#4172,10.);
#1205=VECTOR('',#4173,10.);
#1206=VECTOR('',#4176,10.);
#1207=VECTOR('',#4177,10.);
#1208=VECTOR('',#4180,10.);
#1209=VECTOR('',#4183,10.);
#1210=VECTOR('',#4184,10.);
#1211=VECTOR('',#4185,10.);
#1212=VECTOR('',#4188,10.);
#1213=VECTOR('',#4189,10.);
#1214=VECTOR('',#4192,10.);
#1215=VECTOR('',#4193,10.);
#1216=VECTOR('',#4196,10.);
#1217=VECTOR('',#4199,3.5);
#1218=VECTOR('',#4204,10.);
#1219=VECTOR('',#4205,10.);
#1220=VECTOR('',#4206,10.);
#1221=VECTOR('',#4209,10.);
#1222=VECTOR('',#4210,10.);
#1223=VECTOR('',#4213,10.);
#1224=VECTOR('',#4214,10.);
#1225=VECTOR('',#4217,10.);
#1226=VECTOR('',#4220,10.);
#1227=VECTOR('',#4221,10.);
#1228=VECTOR('',#4222,10.);
#1229=VECTOR('',#4223,10.);
#1230=VECTOR('',#4226,10.);
#1231=VECTOR('',#4227,10.);
#1232=VECTOR('',#4228,10.);
#1233=VECTOR('',#4231,10.);
#1234=VECTOR('',#4232,10.);
#1235=VECTOR('',#4233,10.);
#1236=VECTOR('',#4236,10.);
#1237=VECTOR('',#4237,10.);
#1238=VECTOR('',#4240,10.);
#1239=VECTOR('',#4241,10.);
#1240=VECTOR('',#4242,10.);
#1241=VECTOR('',#4243,10.);
#1242=VECTOR('',#4246,10.);
#1243=VECTOR('',#4247,10.);
#1244=VECTOR('',#4248,10.);
#1245=VECTOR('',#4251,10.);
#1246=VECTOR('',#4252,10.);
#1247=VECTOR('',#4253,10.);
#1248=VECTOR('',#4256,10.);
#1249=VECTOR('',#4257,10.);
#1250=VECTOR('',#4260,10.);
#1251=VECTOR('',#4261,10.);
#1252=VECTOR('',#4262,10.);
#1253=VECTOR('',#4265,10.);
#1254=VECTOR('',#4266,10.);
#1255=VECTOR('',#4269,10.);
#1256=VECTOR('',#4270,10.);
#1257=VECTOR('',#4273,10.);
#1258=VECTOR('',#4278,1.7);
#1259=VECTOR('',#4285,1.7);
#1260=VECTOR('',#4292,1.7);
#1261=VECTOR('',#4299,1.7);
#1262=VECTOR('',#4304,10.);
#1263=VECTOR('',#4307,10.);
#1264=VECTOR('',#4310,10.);
#1265=VECTOR('',#4313,10.);
#1266=VECTOR('',#4314,10.);
#1267=VECTOR('',#4317,10.);
#1268=VECTOR('',#4318,10.);
#1269=VECTOR('',#4319,10.);
#1270=VECTOR('',#4322,10.);
#1271=VECTOR('',#4323,10.);
#1272=VECTOR('',#4328,10.);
#1273=VECTOR('',#4331,10.);
#1274=VECTOR('',#4332,10.);
#1275=VECTOR('',#4337,10.);
#1276=VECTOR('',#4340,10.);
#1277=VECTOR('',#4341,10.);
#1278=VECTOR('',#4346,10.);
#1279=VECTOR('',#4349,10.);
#1280=(
BOUNDED_CURVE()
B_SPLINE_CURVE(3,(#4363,#4364,#4365,#4366),.UNSPECIFIED.,.F.,.F.)
B_SPLINE_CURVE_WITH_KNOTS((4,4),(0.,0.999997166725547),.UNSPECIFIED.)
CURVE()
GEOMETRIC_REPRESENTATION_ITEM()
RATIONAL_B_SPLINE_CURVE((1.,1.,1.,1.))
REPRESENTATION_ITEM('')
);
#1281=(
BOUNDED_CURVE()
B_SPLINE_CURVE(3,(#4370,#4371,#4372,#4373),.UNSPECIFIED.,.F.,.F.)
B_SPLINE_CURVE_WITH_KNOTS((4,4),(-0.999997166725547,0.),.UNSPECIFIED.)
CURVE()
GEOMETRIC_REPRESENTATION_ITEM()
RATIONAL_B_SPLINE_CURVE((1.,1.,1.,1.))
REPRESENTATION_ITEM('')
);
#1282=(
BOUNDED_CURVE()
B_SPLINE_CURVE(3,(#4384,#4385,#4386,#4387),.UNSPECIFIED.,.F.,.F.)
B_SPLINE_CURVE_WITH_KNOTS((4,4),(1.58154872258422E-6,1.),.UNSPECIFIED.)
CURVE()
GEOMETRIC_REPRESENTATION_ITEM()
RATIONAL_B_SPLINE_CURVE((1.,1.,1.,1.))
REPRESENTATION_ITEM('')
);
#1283=(
BOUNDED_CURVE()
B_SPLINE_CURVE(3,(#4389,#4390,#4391,#4392),.UNSPECIFIED.,.F.,.F.)
B_SPLINE_CURVE_WITH_KNOTS((4,4),(-1.,-1.58154872258422E-6),
 .UNSPECIFIED.)
CURVE()
GEOMETRIC_REPRESENTATION_ITEM()
RATIONAL_B_SPLINE_CURVE((1.,1.,1.,1.))
REPRESENTATION_ITEM('')
);
#1284=(
BOUNDED_CURVE()
B_SPLINE_CURVE(3,(#4403,#4404,#4405,#4406),.UNSPECIFIED.,.F.,.F.)
B_SPLINE_CURVE_WITH_KNOTS((4,4),(3.27749872682911E-5,1.),.UNSPECIFIED.)
CURVE()
GEOMETRIC_REPRESENTATION_ITEM()
RATIONAL_B_SPLINE_CURVE((1.,1.,1.,1.))
REPRESENTATION_ITEM('')
);
#1285=(
BOUNDED_CURVE()
B_SPLINE_CURVE(3,(#4408,#4409,#4410,#4411),.UNSPECIFIED.,.F.,.F.)
B_SPLINE_CURVE_WITH_KNOTS((4,4),(-1.,-3.27749872682911E-5),
 .UNSPECIFIED.)
CURVE()
GEOMETRIC_REPRESENTATION_ITEM()
RATIONAL_B_SPLINE_CURVE((1.,1.,1.,1.))
REPRESENTATION_ITEM('')
);
#1286=(
BOUNDED_CURVE()
B_SPLINE_CURVE(3,(#4422,#4423,#4424,#4425),.UNSPECIFIED.,.F.,.F.)
B_SPLINE_CURVE_WITH_KNOTS((4,4),(1.25047659921926E-6,1.),.UNSPECIFIED.)
CURVE()
GEOMETRIC_REPRESENTATION_ITEM()
RATIONAL_B_SPLINE_CURVE((1.,1.,1.,1.))
REPRESENTATION_ITEM('')
);
#1287=(
BOUNDED_CURVE()
B_SPLINE_CURVE(3,(#4427,#4428,#4429,#4430),.UNSPECIFIED.,.F.,.F.)
B_SPLINE_CURVE_WITH_KNOTS((4,4),(-1.,-1.25047659921926E-6),
 .UNSPECIFIED.)
CURVE()
GEOMETRIC_REPRESENTATION_ITEM()
RATIONAL_B_SPLINE_CURVE((1.,1.,1.,1.))
REPRESENTATION_ITEM('')
);
#1288=(
BOUNDED_CURVE()
B_SPLINE_CURVE(3,(#4441,#4442,#4443,#4444),.UNSPECIFIED.,.F.,.F.)
B_SPLINE_CURVE_WITH_KNOTS((4,4),(1.06405413832633E-6,1.),.UNSPECIFIED.)
CURVE()
GEOMETRIC_REPRESENTATION_ITEM()
RATIONAL_B_SPLINE_CURVE((1.,1.,1.,1.))
REPRESENTATION_ITEM('')
);
#1289=(
BOUNDED_CURVE()
B_SPLINE_CURVE(3,(#4446,#4447,#4448,#4449),.UNSPECIFIED.,.F.,.F.)
B_SPLINE_CURVE_WITH_KNOTS((4,4),(-1.,-1.06405413832633E-6),
 .UNSPECIFIED.)
CURVE()
GEOMETRIC_REPRESENTATION_ITEM()
RATIONAL_B_SPLINE_CURVE((1.,1.,1.,1.))
REPRESENTATION_ITEM('')
);
#1290=(
BOUNDED_CURVE()
B_SPLINE_CURVE(3,(#4460,#4461,#4462,#4463),.UNSPECIFIED.,.F.,.F.)
B_SPLINE_CURVE_WITH_KNOTS((4,4),(2.8325393225361E-6,1.),.UNSPECIFIED.)
CURVE()
GEOMETRIC_REPRESENTATION_ITEM()
RATIONAL_B_SPLINE_CURVE((1.,1.,1.,1.))
REPRESENTATION_ITEM('')
);
#1291=(
BOUNDED_CURVE()
B_SPLINE_CURVE(3,(#4465,#4466,#4467,#4468),.UNSPECIFIED.,.F.,.F.)
B_SPLINE_CURVE_WITH_KNOTS((4,4),(-1.,-2.8325393225361E-6),.UNSPECIFIED.)
CURVE()
GEOMETRIC_REPRESENTATION_ITEM()
RATIONAL_B_SPLINE_CURVE((1.,1.,1.,1.))
REPRESENTATION_ITEM('')
);
#1292=(
BOUNDED_CURVE()
B_SPLINE_CURVE(3,(#4479,#4480,#4481,#4482),.UNSPECIFIED.,.F.,.F.)
B_SPLINE_CURVE_WITH_KNOTS((4,4),(3.54373511180786E-6,0.99999405452433),
 .UNSPECIFIED.)
CURVE()
GEOMETRIC_REPRESENTATION_ITEM()
RATIONAL_B_SPLINE_CURVE((1.,1.,1.,1.))
REPRESENTATION_ITEM('')
);
#1293=(
BOUNDED_CURVE()
B_SPLINE_CURVE(3,(#4484,#4485,#4486,#4487),.UNSPECIFIED.,.F.,.F.)
B_SPLINE_CURVE_WITH_KNOTS((4,4),(-0.99999405452433,-3.54373511180786E-6),
 .UNSPECIFIED.)
CURVE()
GEOMETRIC_REPRESENTATION_ITEM()
RATIONAL_B_SPLINE_CURVE((1.,1.,1.,1.))
REPRESENTATION_ITEM('')
);
#1294=(
BOUNDED_CURVE()
B_SPLINE_CURVE(3,(#4498,#4499,#4500,#4501),.UNSPECIFIED.,.F.,.F.)
B_SPLINE_CURVE_WITH_KNOTS((4,4),(0.,0.999998858683288),.UNSPECIFIED.)
CURVE()
GEOMETRIC_REPRESENTATION_ITEM()
RATIONAL_B_SPLINE_CURVE((1.,1.,1.,1.))
REPRESENTATION_ITEM('')
);
#1295=(
BOUNDED_CURVE()
B_SPLINE_CURVE(3,(#4503,#4504,#4505,#4506),.UNSPECIFIED.,.F.,.F.)
B_SPLINE_CURVE_WITH_KNOTS((4,4),(-0.999998858683288,0.),.UNSPECIFIED.)
CURVE()
GEOMETRIC_REPRESENTATION_ITEM()
RATIONAL_B_SPLINE_CURVE((1.,1.,1.,1.))
REPRESENTATION_ITEM('')
);
#1296=(
BOUNDED_CURVE()
B_SPLINE_CURVE(3,(#4517,#4518,#4519,#4520),.UNSPECIFIED.,.F.,.F.)
B_SPLINE_CURVE_WITH_KNOTS((4,4),(0.,0.999976668933131),.UNSPECIFIED.)
CURVE()
GEOMETRIC_REPRESENTATION_ITEM()
RATIONAL_B_SPLINE_CURVE((1.,1.,1.,1.))
REPRESENTATION_ITEM('')
);
#1297=(
BOUNDED_CURVE()
B_SPLINE_CURVE(3,(#4522,#4523,#4524,#4525),.UNSPECIFIED.,.F.,.F.)
B_SPLINE_CURVE_WITH_KNOTS((4,4),(-0.999976668933131,0.),.UNSPECIFIED.)
CURVE()
GEOMETRIC_REPRESENTATION_ITEM()
RATIONAL_B_SPLINE_CURVE((1.,1.,1.,1.))
REPRESENTATION_ITEM('')
);
#1298=(
BOUNDED_CURVE()
B_SPLINE_CURVE(3,(#4536,#4537,#4538,#4539),.UNSPECIFIED.,.F.,.F.)
B_SPLINE_CURVE_WITH_KNOTS((4,4),(0.,1.),.UNSPECIFIED.)
CURVE()
GEOMETRIC_REPRESENTATION_ITEM()
RATIONAL_B_SPLINE_CURVE((1.,1.,1.,1.))
REPRESENTATION_ITEM('')
);
#1299=(
BOUNDED_CURVE()
B_SPLINE_CURVE(3,(#4541,#4542,#4543,#4544),.UNSPECIFIED.,.F.,.F.)
B_SPLINE_CURVE_WITH_KNOTS((4,4),(-1.,0.),.UNSPECIFIED.)
CURVE()
GEOMETRIC_REPRESENTATION_ITEM()
RATIONAL_B_SPLINE_CURVE((1.,1.,1.,1.))
REPRESENTATION_ITEM('')
);
#1300=(
BOUNDED_CURVE()
B_SPLINE_CURVE(3,(#4555,#4556,#4557,#4558),.UNSPECIFIED.,.F.,.F.)
B_SPLINE_CURVE_WITH_KNOTS((4,4),(1.21145560507271E-6,1.),.UNSPECIFIED.)
CURVE()
GEOMETRIC_REPRESENTATION_ITEM()
RATIONAL_B_SPLINE_CURVE((1.,1.,1.,1.))
REPRESENTATION_ITEM('')
);
#1301=(
BOUNDED_CURVE()
B_SPLINE_CURVE(3,(#4560,#4561,#4562,#4563),.UNSPECIFIED.,.F.,.F.)
B_SPLINE_CURVE_WITH_KNOTS((4,4),(-1.,-1.21145560507271E-6),
 .UNSPECIFIED.)
CURVE()
GEOMETRIC_REPRESENTATION_ITEM()
RATIONAL_B_SPLINE_CURVE((1.,1.,1.,1.))
REPRESENTATION_ITEM('')
);
#1302=(
BOUNDED_CURVE()
B_SPLINE_CURVE(3,(#4574,#4575,#4576,#4577),.UNSPECIFIED.,.F.,.F.)
B_SPLINE_CURVE_WITH_KNOTS((4,4),(1.71291557312265E-6,0.999998531923892),
 .UNSPECIFIED.)
CURVE()
GEOMETRIC_REPRESENTATION_ITEM()
RATIONAL_B_SPLINE_CURVE((1.,1.,1.,1.))
REPRESENTATION_ITEM('')
);
#1303=(
BOUNDED_CURVE()
B_SPLINE_CURVE(3,(#4579,#4580,#4581,#4582),.UNSPECIFIED.,.F.,.F.)
B_SPLINE_CURVE_WITH_KNOTS((4,4),(-0.999998531923892,-1.71291557312265E-6),
 .UNSPECIFIED.)
CURVE()
GEOMETRIC_REPRESENTATION_ITEM()
RATIONAL_B_SPLINE_CURVE((1.,1.,1.,1.))
REPRESENTATION_ITEM('')
);
#1304=(
BOUNDED_CURVE()
B_SPLINE_CURVE(3,(#4593,#4594,#4595,#4596),.UNSPECIFIED.,.F.,.F.)
B_SPLINE_CURVE_WITH_KNOTS((4,4),(0.,1.),.UNSPECIFIED.)
CURVE()
GEOMETRIC_REPRESENTATION_ITEM()
RATIONAL_B_SPLINE_CURVE((1.,1.,1.,1.))
REPRESENTATION_ITEM('')
);
#1305=(
BOUNDED_CURVE()
B_SPLINE_CURVE(3,(#4598,#4599,#4600,#4601),.UNSPECIFIED.,.F.,.F.)
B_SPLINE_CURVE_WITH_KNOTS((4,4),(-1.,0.),.UNSPECIFIED.)
CURVE()
GEOMETRIC_REPRESENTATION_ITEM()
RATIONAL_B_SPLINE_CURVE((1.,1.,1.,1.))
REPRESENTATION_ITEM('')
);
#1306=(
BOUNDED_CURVE()
B_SPLINE_CURVE(3,(#4611,#4612,#4613,#4614),.UNSPECIFIED.,.F.,.F.)
B_SPLINE_CURVE_WITH_KNOTS((4,4),(0.,1.),.UNSPECIFIED.)
CURVE()
GEOMETRIC_REPRESENTATION_ITEM()
RATIONAL_B_SPLINE_CURVE((1.,1.,1.,1.))
REPRESENTATION_ITEM('')
);
#1307=(
BOUNDED_CURVE()
B_SPLINE_CURVE(3,(#4615,#4616,#4617,#4618),.UNSPECIFIED.,.F.,.F.)
B_SPLINE_CURVE_WITH_KNOTS((4,4),(-1.,0.),.UNSPECIFIED.)
CURVE()
GEOMETRIC_REPRESENTATION_ITEM()
RATIONAL_B_SPLINE_CURVE((1.,1.,1.,1.))
REPRESENTATION_ITEM('')
);
#1308=(
BOUNDED_CURVE()
B_SPLINE_CURVE(3,(#4630,#4631,#4632,#4633),.UNSPECIFIED.,.F.,.F.)
B_SPLINE_CURVE_WITH_KNOTS((4,4),(3.17273422784158E-5,1.),.UNSPECIFIED.)
CURVE()
GEOMETRIC_REPRESENTATION_ITEM()
RATIONAL_B_SPLINE_CURVE((1.,1.,1.,1.))
REPRESENTATION_ITEM('')
);
#1309=(
BOUNDED_CURVE()
B_SPLINE_CURVE(3,(#4637,#4638,#4639,#4640),.UNSPECIFIED.,.F.,.F.)
B_SPLINE_CURVE_WITH_KNOTS((4,4),(-1.,-3.17273422784158E-5),
 .UNSPECIFIED.)
CURVE()
GEOMETRIC_REPRESENTATION_ITEM()
RATIONAL_B_SPLINE_CURVE((1.,1.,1.,1.))
REPRESENTATION_ITEM('')
);
#1310=(
BOUNDED_CURVE()
B_SPLINE_CURVE(3,(#4651,#4652,#4653,#4654),.UNSPECIFIED.,.F.,.F.)
B_SPLINE_CURVE_WITH_KNOTS((4,4),(0.,1.),.UNSPECIFIED.)
CURVE()
GEOMETRIC_REPRESENTATION_ITEM()
RATIONAL_B_SPLINE_CURVE((1.,1.,1.,1.))
REPRESENTATION_ITEM('')
);
#1311=(
BOUNDED_CURVE()
B_SPLINE_CURVE(3,(#4656,#4657,#4658,#4659),.UNSPECIFIED.,.F.,.F.)
B_SPLINE_CURVE_WITH_KNOTS((4,4),(-1.,0.),.UNSPECIFIED.)
CURVE()
GEOMETRIC_REPRESENTATION_ITEM()
RATIONAL_B_SPLINE_CURVE((1.,1.,1.,1.))
REPRESENTATION_ITEM('')
);
#1312=(
BOUNDED_CURVE()
B_SPLINE_CURVE(3,(#4670,#4671,#4672,#4673),.UNSPECIFIED.,.F.,.F.)
B_SPLINE_CURVE_WITH_KNOTS((4,4),(0.,0.999967613837425),.UNSPECIFIED.)
CURVE()
GEOMETRIC_REPRESENTATION_ITEM()
RATIONAL_B_SPLINE_CURVE((1.,1.,1.,1.))
REPRESENTATION_ITEM('')
);
#1313=(
BOUNDED_CURVE()
B_SPLINE_CURVE(3,(#4675,#4676,#4677,#4678),.UNSPECIFIED.,.F.,.F.)
B_SPLINE_CURVE_WITH_KNOTS((4,4),(-0.999967613837425,0.),.UNSPECIFIED.)
CURVE()
GEOMETRIC_REPRESENTATION_ITEM()
RATIONAL_B_SPLINE_CURVE((1.,1.,1.,1.))
REPRESENTATION_ITEM('')
);
#1314=(
BOUNDED_CURVE()
B_SPLINE_CURVE(3,(#4689,#4690,#4691,#4692),.UNSPECIFIED.,.F.,.F.)
B_SPLINE_CURVE_WITH_KNOTS((4,4),(0.,1.),.UNSPECIFIED.)
CURVE()
GEOMETRIC_REPRESENTATION_ITEM()
RATIONAL_B_SPLINE_CURVE((1.,1.,1.,1.))
REPRESENTATION_ITEM('')
);
#1315=(
BOUNDED_CURVE()
B_SPLINE_CURVE(3,(#4694,#4695,#4696,#4697),.UNSPECIFIED.,.F.,.F.)
B_SPLINE_CURVE_WITH_KNOTS((4,4),(-1.,0.),.UNSPECIFIED.)
CURVE()
GEOMETRIC_REPRESENTATION_ITEM()
RATIONAL_B_SPLINE_CURVE((1.,1.,1.,1.))
REPRESENTATION_ITEM('')
);
#1316=(
BOUNDED_CURVE()
B_SPLINE_CURVE(3,(#4708,#4709,#4710,#4711),.UNSPECIFIED.,.F.,.F.)
B_SPLINE_CURVE_WITH_KNOTS((4,4),(0.,0.999994066902872),.UNSPECIFIED.)
CURVE()
GEOMETRIC_REPRESENTATION_ITEM()
RATIONAL_B_SPLINE_CURVE((1.,1.,1.,1.))
REPRESENTATION_ITEM('')
);
#1317=(
BOUNDED_CURVE()
B_SPLINE_CURVE(3,(#4713,#4714,#4715,#4716),.UNSPECIFIED.,.F.,.F.)
B_SPLINE_CURVE_WITH_KNOTS((4,4),(-0.999994066902872,0.),.UNSPECIFIED.)
CURVE()
GEOMETRIC_REPRESENTATION_ITEM()
RATIONAL_B_SPLINE_CURVE((1.,1.,1.,1.))
REPRESENTATION_ITEM('')
);
#1318=(
BOUNDED_CURVE()
B_SPLINE_CURVE(3,(#4727,#4728,#4729,#4730),.UNSPECIFIED.,.F.,.F.)
B_SPLINE_CURVE_WITH_KNOTS((4,4),(0.,1.),.UNSPECIFIED.)
CURVE()
GEOMETRIC_REPRESENTATION_ITEM()
RATIONAL_B_SPLINE_CURVE((1.,1.,1.,1.))
REPRESENTATION_ITEM('')
);
#1319=(
BOUNDED_CURVE()
B_SPLINE_CURVE(3,(#4732,#4733,#4734,#4735),.UNSPECIFIED.,.F.,.F.)
B_SPLINE_CURVE_WITH_KNOTS((4,4),(-1.,0.),.UNSPECIFIED.)
CURVE()
GEOMETRIC_REPRESENTATION_ITEM()
RATIONAL_B_SPLINE_CURVE((1.,1.,1.,1.))
REPRESENTATION_ITEM('')
);
#1320=(
BOUNDED_CURVE()
B_SPLINE_CURVE(3,(#4746,#4747,#4748,#4749),.UNSPECIFIED.,.F.,.F.)
B_SPLINE_CURVE_WITH_KNOTS((4,4),(1.0326094084245E-5,1.),.UNSPECIFIED.)
CURVE()
GEOMETRIC_REPRESENTATION_ITEM()
RATIONAL_B_SPLINE_CURVE((1.,1.,1.,1.))
REPRESENTATION_ITEM('')
);
#1321=(
BOUNDED_CURVE()
B_SPLINE_CURVE(3,(#4751,#4752,#4753,#4754),.UNSPECIFIED.,.F.,.F.)
B_SPLINE_CURVE_WITH_KNOTS((4,4),(-1.,-1.0326094084245E-5),.UNSPECIFIED.)
CURVE()
GEOMETRIC_REPRESENTATION_ITEM()
RATIONAL_B_SPLINE_CURVE((1.,1.,1.,1.))
REPRESENTATION_ITEM('')
);
#1322=(
BOUNDED_CURVE()
B_SPLINE_CURVE(3,(#4765,#4766,#4767,#4768),.UNSPECIFIED.,.F.,.F.)
B_SPLINE_CURVE_WITH_KNOTS((4,4),(3.32865304513195E-5,1.),.UNSPECIFIED.)
CURVE()
GEOMETRIC_REPRESENTATION_ITEM()
RATIONAL_B_SPLINE_CURVE((1.,1.,1.,1.))
REPRESENTATION_ITEM('')
);
#1323=(
BOUNDED_CURVE()
B_SPLINE_CURVE(3,(#4770,#4771,#4772,#4773),.UNSPECIFIED.,.F.,.F.)
B_SPLINE_CURVE_WITH_KNOTS((4,4),(-1.,-3.32865304513195E-5),
 .UNSPECIFIED.)
CURVE()
GEOMETRIC_REPRESENTATION_ITEM()
RATIONAL_B_SPLINE_CURVE((1.,1.,1.,1.))
REPRESENTATION_ITEM('')
);
#1324=(
BOUNDED_CURVE()
B_SPLINE_CURVE(3,(#4783,#4784,#4785,#4786),.UNSPECIFIED.,.F.,.F.)
B_SPLINE_CURVE_WITH_KNOTS((4,4),(0.,1.),.UNSPECIFIED.)
CURVE()
GEOMETRIC_REPRESENTATION_ITEM()
RATIONAL_B_SPLINE_CURVE((1.,1.,1.,1.))
REPRESENTATION_ITEM('')
);
#1325=(
BOUNDED_CURVE()
B_SPLINE_CURVE(3,(#4787,#4788,#4789,#4790),.UNSPECIFIED.,.F.,.F.)
B_SPLINE_CURVE_WITH_KNOTS((4,4),(-1.,0.),.UNSPECIFIED.)
CURVE()
GEOMETRIC_REPRESENTATION_ITEM()
RATIONAL_B_SPLINE_CURVE((1.,1.,1.,1.))
REPRESENTATION_ITEM('')
);
#1326=(
BOUNDED_CURVE()
B_SPLINE_CURVE(3,(#4802,#4803,#4804,#4805),.UNSPECIFIED.,.F.,.F.)
B_SPLINE_CURVE_WITH_KNOTS((4,4),(0.,1.),.UNSPECIFIED.)
CURVE()
GEOMETRIC_REPRESENTATION_ITEM()
RATIONAL_B_SPLINE_CURVE((1.,1.,1.,1.))
REPRESENTATION_ITEM('')
);
#1327=(
BOUNDED_CURVE()
B_SPLINE_CURVE(3,(#4809,#4810,#4811,#4812),.UNSPECIFIED.,.F.,.F.)
B_SPLINE_CURVE_WITH_KNOTS((4,4),(-1.,0.),.UNSPECIFIED.)
CURVE()
GEOMETRIC_REPRESENTATION_ITEM()
RATIONAL_B_SPLINE_CURVE((1.,1.,1.,1.))
REPRESENTATION_ITEM('')
);
#1328=(
BOUNDED_CURVE()
B_SPLINE_CURVE(3,(#4823,#4824,#4825,#4826),.UNSPECIFIED.,.F.,.F.)
B_SPLINE_CURVE_WITH_KNOTS((4,4),(0.,1.),.UNSPECIFIED.)
CURVE()
GEOMETRIC_REPRESENTATION_ITEM()
RATIONAL_B_SPLINE_CURVE((1.,1.,1.,1.))
REPRESENTATION_ITEM('')
);
#1329=(
BOUNDED_CURVE()
B_SPLINE_CURVE(3,(#4828,#4829,#4830,#4831),.UNSPECIFIED.,.F.,.F.)
B_SPLINE_CURVE_WITH_KNOTS((4,4),(-1.,0.),.UNSPECIFIED.)
CURVE()
GEOMETRIC_REPRESENTATION_ITEM()
RATIONAL_B_SPLINE_CURVE((1.,1.,1.,1.))
REPRESENTATION_ITEM('')
);
#1330=(
BOUNDED_CURVE()
B_SPLINE_CURVE(3,(#4842,#4843,#4844,#4845),.UNSPECIFIED.,.F.,.F.)
B_SPLINE_CURVE_WITH_KNOTS((4,4),(0.,1.),.UNSPECIFIED.)
CURVE()
GEOMETRIC_REPRESENTATION_ITEM()
RATIONAL_B_SPLINE_CURVE((1.,1.,1.,1.))
REPRESENTATION_ITEM('')
);
#1331=(
BOUNDED_CURVE()
B_SPLINE_CURVE(3,(#4847,#4848,#4849,#4850),.UNSPECIFIED.,.F.,.F.)
B_SPLINE_CURVE_WITH_KNOTS((4,4),(-1.,0.),.UNSPECIFIED.)
CURVE()
GEOMETRIC_REPRESENTATION_ITEM()
RATIONAL_B_SPLINE_CURVE((1.,1.,1.,1.))
REPRESENTATION_ITEM('')
);
#1332=(
BOUNDED_CURVE()
B_SPLINE_CURVE(3,(#4861,#4862,#4863,#4864),.UNSPECIFIED.,.F.,.F.)
B_SPLINE_CURVE_WITH_KNOTS((4,4),(0.,1.),.UNSPECIFIED.)
CURVE()
GEOMETRIC_REPRESENTATION_ITEM()
RATIONAL_B_SPLINE_CURVE((1.,1.,1.,1.))
REPRESENTATION_ITEM('')
);
#1333=(
BOUNDED_CURVE()
B_SPLINE_CURVE(3,(#4866,#4867,#4868,#4869),.UNSPECIFIED.,.F.,.F.)
B_SPLINE_CURVE_WITH_KNOTS((4,4),(-1.,0.),.UNSPECIFIED.)
CURVE()
GEOMETRIC_REPRESENTATION_ITEM()
RATIONAL_B_SPLINE_CURVE((1.,1.,1.,1.))
REPRESENTATION_ITEM('')
);
#1334=(
BOUNDED_CURVE()
B_SPLINE_CURVE(3,(#4880,#4881,#4882,#4883),.UNSPECIFIED.,.F.,.F.)
B_SPLINE_CURVE_WITH_KNOTS((4,4),(0.,1.),.UNSPECIFIED.)
CURVE()
GEOMETRIC_REPRESENTATION_ITEM()
RATIONAL_B_SPLINE_CURVE((1.,1.,1.,1.))
REPRESENTATION_ITEM('')
);
#1335=(
BOUNDED_CURVE()
B_SPLINE_CURVE(3,(#4885,#4886,#4887,#4888),.UNSPECIFIED.,.F.,.F.)
B_SPLINE_CURVE_WITH_KNOTS((4,4),(-1.,0.),.UNSPECIFIED.)
CURVE()
GEOMETRIC_REPRESENTATION_ITEM()
RATIONAL_B_SPLINE_CURVE((1.,1.,1.,1.))
REPRESENTATION_ITEM('')
);
#1336=(
BOUNDED_CURVE()
B_SPLINE_CURVE(3,(#4899,#4900,#4901,#4902),.UNSPECIFIED.,.F.,.F.)
B_SPLINE_CURVE_WITH_KNOTS((4,4),(0.,1.),.UNSPECIFIED.)
CURVE()
GEOMETRIC_REPRESENTATION_ITEM()
RATIONAL_B_SPLINE_CURVE((1.,1.,1.,1.))
REPRESENTATION_ITEM('')
);
#1337=(
BOUNDED_CURVE()
B_SPLINE_CURVE(3,(#4904,#4905,#4906,#4907),.UNSPECIFIED.,.F.,.F.)
B_SPLINE_CURVE_WITH_KNOTS((4,4),(-1.,0.),.UNSPECIFIED.)
CURVE()
GEOMETRIC_REPRESENTATION_ITEM()
RATIONAL_B_SPLINE_CURVE((1.,1.,1.,1.))
REPRESENTATION_ITEM('')
);
#1338=(
BOUNDED_CURVE()
B_SPLINE_CURVE(3,(#4918,#4919,#4920,#4921),.UNSPECIFIED.,.F.,.F.)
B_SPLINE_CURVE_WITH_KNOTS((4,4),(0.,1.),.UNSPECIFIED.)
CURVE()
GEOMETRIC_REPRESENTATION_ITEM()
RATIONAL_B_SPLINE_CURVE((1.,1.,1.,1.))
REPRESENTATION_ITEM('')
);
#1339=(
BOUNDED_CURVE()
B_SPLINE_CURVE(3,(#4923,#4924,#4925,#4926),.UNSPECIFIED.,.F.,.F.)
B_SPLINE_CURVE_WITH_KNOTS((4,4),(-1.,0.),.UNSPECIFIED.)
CURVE()
GEOMETRIC_REPRESENTATION_ITEM()
RATIONAL_B_SPLINE_CURVE((1.,1.,1.,1.))
REPRESENTATION_ITEM('')
);
#1340=(
BOUNDED_CURVE()
B_SPLINE_CURVE(3,(#4936,#4937,#4938,#4939),.UNSPECIFIED.,.F.,.F.)
B_SPLINE_CURVE_WITH_KNOTS((4,4),(0.,1.),.UNSPECIFIED.)
CURVE()
GEOMETRIC_REPRESENTATION_ITEM()
RATIONAL_B_SPLINE_CURVE((1.,1.,1.,1.))
REPRESENTATION_ITEM('')
);
#1341=(
BOUNDED_CURVE()
B_SPLINE_CURVE(3,(#4940,#4941,#4942,#4943),.UNSPECIFIED.,.F.,.F.)
B_SPLINE_CURVE_WITH_KNOTS((4,4),(-1.,0.),.UNSPECIFIED.)
CURVE()
GEOMETRIC_REPRESENTATION_ITEM()
RATIONAL_B_SPLINE_CURVE((1.,1.,1.,1.))
REPRESENTATION_ITEM('')
);
#1342=(
BOUNDED_CURVE()
B_SPLINE_CURVE(3,(#4954,#4955,#4956,#4957),.UNSPECIFIED.,.F.,.F.)
B_SPLINE_CURVE_WITH_KNOTS((4,4),(0.,1.),.UNSPECIFIED.)
CURVE()
GEOMETRIC_REPRESENTATION_ITEM()
RATIONAL_B_SPLINE_CURVE((1.,1.,1.,1.))
REPRESENTATION_ITEM('')
);
#1343=(
BOUNDED_CURVE()
B_SPLINE_CURVE(3,(#4961,#4962,#4963,#4964),.UNSPECIFIED.,.F.,.F.)
B_SPLINE_CURVE_WITH_KNOTS((4,4),(-1.,0.),.UNSPECIFIED.)
CURVE()
GEOMETRIC_REPRESENTATION_ITEM()
RATIONAL_B_SPLINE_CURVE((1.,1.,1.,1.))
REPRESENTATION_ITEM('')
);
#1344=(
BOUNDED_CURVE()
B_SPLINE_CURVE(3,(#4975,#4976,#4977,#4978),.UNSPECIFIED.,.F.,.F.)
B_SPLINE_CURVE_WITH_KNOTS((4,4),(0.,1.),.UNSPECIFIED.)
CURVE()
GEOMETRIC_REPRESENTATION_ITEM()
RATIONAL_B_SPLINE_CURVE((1.,1.,1.,1.))
REPRESENTATION_ITEM('')
);
#1345=(
BOUNDED_CURVE()
B_SPLINE_CURVE(3,(#4980,#4981,#4982,#4983),.UNSPECIFIED.,.F.,.F.)
B_SPLINE_CURVE_WITH_KNOTS((4,4),(-1.,0.),.UNSPECIFIED.)
CURVE()
GEOMETRIC_REPRESENTATION_ITEM()
RATIONAL_B_SPLINE_CURVE((1.,1.,1.,1.))
REPRESENTATION_ITEM('')
);
#1346=(
BOUNDED_CURVE()
B_SPLINE_CURVE(3,(#4994,#4995,#4996,#4997),.UNSPECIFIED.,.F.,.F.)
B_SPLINE_CURVE_WITH_KNOTS((4,4),(0.,1.),.UNSPECIFIED.)
CURVE()
GEOMETRIC_REPRESENTATION_ITEM()
RATIONAL_B_SPLINE_CURVE((1.,1.,1.,1.))
REPRESENTATION_ITEM('')
);
#1347=(
BOUNDED_CURVE()
B_SPLINE_CURVE(3,(#4999,#5000,#5001,#5002),.UNSPECIFIED.,.F.,.F.)
B_SPLINE_CURVE_WITH_KNOTS((4,4),(-1.,0.),.UNSPECIFIED.)
CURVE()
GEOMETRIC_REPRESENTATION_ITEM()
RATIONAL_B_SPLINE_CURVE((1.,1.,1.,1.))
REPRESENTATION_ITEM('')
);
#1348=(
BOUNDED_CURVE()
B_SPLINE_CURVE(3,(#5013,#5014,#5015,#5016),.UNSPECIFIED.,.F.,.F.)
B_SPLINE_CURVE_WITH_KNOTS((4,4),(0.,1.),.UNSPECIFIED.)
CURVE()
GEOMETRIC_REPRESENTATION_ITEM()
RATIONAL_B_SPLINE_CURVE((1.,1.,1.,1.))
REPRESENTATION_ITEM('')
);
#1349=(
BOUNDED_CURVE()
B_SPLINE_CURVE(3,(#5018,#5019,#5020,#5021),.UNSPECIFIED.,.F.,.F.)
B_SPLINE_CURVE_WITH_KNOTS((4,4),(-1.,0.),.UNSPECIFIED.)
CURVE()
GEOMETRIC_REPRESENTATION_ITEM()
RATIONAL_B_SPLINE_CURVE((1.,1.,1.,1.))
REPRESENTATION_ITEM('')
);
#1350=(
BOUNDED_CURVE()
B_SPLINE_CURVE(3,(#5032,#5033,#5034,#5035),.UNSPECIFIED.,.F.,.F.)
B_SPLINE_CURVE_WITH_KNOTS((4,4),(0.,1.),.UNSPECIFIED.)
CURVE()
GEOMETRIC_REPRESENTATION_ITEM()
RATIONAL_B_SPLINE_CURVE((1.,1.,1.,1.))
REPRESENTATION_ITEM('')
);
#1351=(
BOUNDED_CURVE()
B_SPLINE_CURVE(3,(#5037,#5038,#5039,#5040),.UNSPECIFIED.,.F.,.F.)
B_SPLINE_CURVE_WITH_KNOTS((4,4),(-1.,0.),.UNSPECIFIED.)
CURVE()
GEOMETRIC_REPRESENTATION_ITEM()
RATIONAL_B_SPLINE_CURVE((1.,1.,1.,1.))
REPRESENTATION_ITEM('')
);
#1352=(
BOUNDED_CURVE()
B_SPLINE_CURVE(3,(#5051,#5052,#5053,#5054),.UNSPECIFIED.,.F.,.F.)
B_SPLINE_CURVE_WITH_KNOTS((4,4),(0.,1.),.UNSPECIFIED.)
CURVE()
GEOMETRIC_REPRESENTATION_ITEM()
RATIONAL_B_SPLINE_CURVE((1.,1.,1.,1.))
REPRESENTATION_ITEM('')
);
#1353=(
BOUNDED_CURVE()
B_SPLINE_CURVE(3,(#5056,#5057,#5058,#5059),.UNSPECIFIED.,.F.,.F.)
B_SPLINE_CURVE_WITH_KNOTS((4,4),(-1.,0.),.UNSPECIFIED.)
CURVE()
GEOMETRIC_REPRESENTATION_ITEM()
RATIONAL_B_SPLINE_CURVE((1.,1.,1.,1.))
REPRESENTATION_ITEM('')
);
#1354=(
BOUNDED_CURVE()
B_SPLINE_CURVE(3,(#5070,#5071,#5072,#5073),.UNSPECIFIED.,.F.,.F.)
B_SPLINE_CURVE_WITH_KNOTS((4,4),(0.,1.),.UNSPECIFIED.)
CURVE()
GEOMETRIC_REPRESENTATION_ITEM()
RATIONAL_B_SPLINE_CURVE((1.,1.,1.,1.))
REPRESENTATION_ITEM('')
);
#1355=(
BOUNDED_CURVE()
B_SPLINE_CURVE(3,(#5075,#5076,#5077,#5078),.UNSPECIFIED.,.F.,.F.)
B_SPLINE_CURVE_WITH_KNOTS((4,4),(-1.,0.),.UNSPECIFIED.)
CURVE()
GEOMETRIC_REPRESENTATION_ITEM()
RATIONAL_B_SPLINE_CURVE((1.,1.,1.,1.))
REPRESENTATION_ITEM('')
);
#1356=(
BOUNDED_CURVE()
B_SPLINE_CURVE(3,(#5089,#5090,#5091,#5092),.UNSPECIFIED.,.F.,.F.)
B_SPLINE_CURVE_WITH_KNOTS((4,4),(0.,1.),.UNSPECIFIED.)
CURVE()
GEOMETRIC_REPRESENTATION_ITEM()
RATIONAL_B_SPLINE_CURVE((1.,1.,1.,1.))
REPRESENTATION_ITEM('')
);
#1357=(
BOUNDED_CURVE()
B_SPLINE_CURVE(3,(#5094,#5095,#5096,#5097),.UNSPECIFIED.,.F.,.F.)
B_SPLINE_CURVE_WITH_KNOTS((4,4),(-1.,0.),.UNSPECIFIED.)
CURVE()
GEOMETRIC_REPRESENTATION_ITEM()
RATIONAL_B_SPLINE_CURVE((1.,1.,1.,1.))
REPRESENTATION_ITEM('')
);
#1358=(
BOUNDED_CURVE()
B_SPLINE_CURVE(3,(#5108,#5109,#5110,#5111),.UNSPECIFIED.,.F.,.F.)
B_SPLINE_CURVE_WITH_KNOTS((4,4),(0.,1.),.UNSPECIFIED.)
CURVE()
GEOMETRIC_REPRESENTATION_ITEM()
RATIONAL_B_SPLINE_CURVE((1.,1.,1.,1.))
REPRESENTATION_ITEM('')
);
#1359=(
BOUNDED_CURVE()
B_SPLINE_CURVE(3,(#5113,#5114,#5115,#5116),.UNSPECIFIED.,.F.,.F.)
B_SPLINE_CURVE_WITH_KNOTS((4,4),(-1.,0.),.UNSPECIFIED.)
CURVE()
GEOMETRIC_REPRESENTATION_ITEM()
RATIONAL_B_SPLINE_CURVE((1.,1.,1.,1.))
REPRESENTATION_ITEM('')
);
#1360=(
BOUNDED_CURVE()
B_SPLINE_CURVE(3,(#5127,#5128,#5129,#5130),.UNSPECIFIED.,.F.,.F.)
B_SPLINE_CURVE_WITH_KNOTS((4,4),(0.,1.),.UNSPECIFIED.)
CURVE()
GEOMETRIC_REPRESENTATION_ITEM()
RATIONAL_B_SPLINE_CURVE((1.,1.,1.,1.))
REPRESENTATION_ITEM('')
);
#1361=(
BOUNDED_CURVE()
B_SPLINE_CURVE(3,(#5132,#5133,#5134,#5135),.UNSPECIFIED.,.F.,.F.)
B_SPLINE_CURVE_WITH_KNOTS((4,4),(-1.,0.),.UNSPECIFIED.)
CURVE()
GEOMETRIC_REPRESENTATION_ITEM()
RATIONAL_B_SPLINE_CURVE((1.,1.,1.,1.))
REPRESENTATION_ITEM('')
);
#1362=(
BOUNDED_CURVE()
B_SPLINE_CURVE(3,(#5146,#5147,#5148,#5149),.UNSPECIFIED.,.F.,.F.)
B_SPLINE_CURVE_WITH_KNOTS((4,4),(0.,1.),.UNSPECIFIED.)
CURVE()
GEOMETRIC_REPRESENTATION_ITEM()
RATIONAL_B_SPLINE_CURVE((1.,1.,1.,1.))
REPRESENTATION_ITEM('')
);
#1363=(
BOUNDED_CURVE()
B_SPLINE_CURVE(3,(#5151,#5152,#5153,#5154),.UNSPECIFIED.,.F.,.F.)
B_SPLINE_CURVE_WITH_KNOTS((4,4),(-1.,0.),.UNSPECIFIED.)
CURVE()
GEOMETRIC_REPRESENTATION_ITEM()
RATIONAL_B_SPLINE_CURVE((1.,1.,1.,1.))
REPRESENTATION_ITEM('')
);
#1364=(
BOUNDED_CURVE()
B_SPLINE_CURVE(3,(#5165,#5166,#5167,#5168),.UNSPECIFIED.,.F.,.F.)
B_SPLINE_CURVE_WITH_KNOTS((4,4),(0.,1.),.UNSPECIFIED.)
CURVE()
GEOMETRIC_REPRESENTATION_ITEM()
RATIONAL_B_SPLINE_CURVE((1.,1.,1.,1.))
REPRESENTATION_ITEM('')
);
#1365=(
BOUNDED_CURVE()
B_SPLINE_CURVE(3,(#5170,#5171,#5172,#5173),.UNSPECIFIED.,.F.,.F.)
B_SPLINE_CURVE_WITH_KNOTS((4,4),(-1.,0.),.UNSPECIFIED.)
CURVE()
GEOMETRIC_REPRESENTATION_ITEM()
RATIONAL_B_SPLINE_CURVE((1.,1.,1.,1.))
REPRESENTATION_ITEM('')
);
#1366=(
BOUNDED_CURVE()
B_SPLINE_CURVE(3,(#5184,#5185,#5186,#5187),.UNSPECIFIED.,.F.,.F.)
B_SPLINE_CURVE_WITH_KNOTS((4,4),(0.,1.),.UNSPECIFIED.)
CURVE()
GEOMETRIC_REPRESENTATION_ITEM()
RATIONAL_B_SPLINE_CURVE((1.,1.,1.,1.))
REPRESENTATION_ITEM('')
);
#1367=(
BOUNDED_CURVE()
B_SPLINE_CURVE(3,(#5189,#5190,#5191,#5192),.UNSPECIFIED.,.F.,.F.)
B_SPLINE_CURVE_WITH_KNOTS((4,4),(-1.,0.),.UNSPECIFIED.)
CURVE()
GEOMETRIC_REPRESENTATION_ITEM()
RATIONAL_B_SPLINE_CURVE((1.,1.,1.,1.))
REPRESENTATION_ITEM('')
);
#1368=(
BOUNDED_CURVE()
B_SPLINE_CURVE(3,(#5203,#5204,#5205,#5206),.UNSPECIFIED.,.F.,.F.)
B_SPLINE_CURVE_WITH_KNOTS((4,4),(0.,1.),.UNSPECIFIED.)
CURVE()
GEOMETRIC_REPRESENTATION_ITEM()
RATIONAL_B_SPLINE_CURVE((1.,1.,1.,1.))
REPRESENTATION_ITEM('')
);
#1369=(
BOUNDED_CURVE()
B_SPLINE_CURVE(3,(#5208,#5209,#5210,#5211),.UNSPECIFIED.,.F.,.F.)
B_SPLINE_CURVE_WITH_KNOTS((4,4),(-1.,0.),.UNSPECIFIED.)
CURVE()
GEOMETRIC_REPRESENTATION_ITEM()
RATIONAL_B_SPLINE_CURVE((1.,1.,1.,1.))
REPRESENTATION_ITEM('')
);
#1370=(
BOUNDED_CURVE()
B_SPLINE_CURVE(3,(#5222,#5223,#5224,#5225),.UNSPECIFIED.,.F.,.F.)
B_SPLINE_CURVE_WITH_KNOTS((4,4),(0.,1.),.UNSPECIFIED.)
CURVE()
GEOMETRIC_REPRESENTATION_ITEM()
RATIONAL_B_SPLINE_CURVE((1.,1.,1.,1.))
REPRESENTATION_ITEM('')
);
#1371=(
BOUNDED_CURVE()
B_SPLINE_CURVE(3,(#5227,#5228,#5229,#5230),.UNSPECIFIED.,.F.,.F.)
B_SPLINE_CURVE_WITH_KNOTS((4,4),(-1.,0.),.UNSPECIFIED.)
CURVE()
GEOMETRIC_REPRESENTATION_ITEM()
RATIONAL_B_SPLINE_CURVE((1.,1.,1.,1.))
REPRESENTATION_ITEM('')
);
#1372=(
BOUNDED_CURVE()
B_SPLINE_CURVE(3,(#5241,#5242,#5243,#5244),.UNSPECIFIED.,.F.,.F.)
B_SPLINE_CURVE_WITH_KNOTS((4,4),(0.,1.),.UNSPECIFIED.)
CURVE()
GEOMETRIC_REPRESENTATION_ITEM()
RATIONAL_B_SPLINE_CURVE((1.,1.,1.,1.))
REPRESENTATION_ITEM('')
);
#1373=(
BOUNDED_CURVE()
B_SPLINE_CURVE(3,(#5246,#5247,#5248,#5249),.UNSPECIFIED.,.F.,.F.)
B_SPLINE_CURVE_WITH_KNOTS((4,4),(-1.,0.),.UNSPECIFIED.)
CURVE()
GEOMETRIC_REPRESENTATION_ITEM()
RATIONAL_B_SPLINE_CURVE((1.,1.,1.,1.))
REPRESENTATION_ITEM('')
);
#1374=(
BOUNDED_CURVE()
B_SPLINE_CURVE(3,(#5260,#5261,#5262,#5263),.UNSPECIFIED.,.F.,.F.)
B_SPLINE_CURVE_WITH_KNOTS((4,4),(0.,1.),.UNSPECIFIED.)
CURVE()
GEOMETRIC_REPRESENTATION_ITEM()
RATIONAL_B_SPLINE_CURVE((1.,1.,1.,1.))
REPRESENTATION_ITEM('')
);
#1375=(
BOUNDED_CURVE()
B_SPLINE_CURVE(3,(#5265,#5266,#5267,#5268),.UNSPECIFIED.,.F.,.F.)
B_SPLINE_CURVE_WITH_KNOTS((4,4),(-1.,0.),.UNSPECIFIED.)
CURVE()
GEOMETRIC_REPRESENTATION_ITEM()
RATIONAL_B_SPLINE_CURVE((1.,1.,1.,1.))
REPRESENTATION_ITEM('')
);
#1376=(
BOUNDED_CURVE()
B_SPLINE_CURVE(3,(#5279,#5280,#5281,#5282),.UNSPECIFIED.,.F.,.F.)
B_SPLINE_CURVE_WITH_KNOTS((4,4),(0.,1.),.UNSPECIFIED.)
CURVE()
GEOMETRIC_REPRESENTATION_ITEM()
RATIONAL_B_SPLINE_CURVE((1.,1.,1.,1.))
REPRESENTATION_ITEM('')
);
#1377=(
BOUNDED_CURVE()
B_SPLINE_CURVE(3,(#5284,#5285,#5286,#5287),.UNSPECIFIED.,.F.,.F.)
B_SPLINE_CURVE_WITH_KNOTS((4,4),(-1.,0.),.UNSPECIFIED.)
CURVE()
GEOMETRIC_REPRESENTATION_ITEM()
RATIONAL_B_SPLINE_CURVE((1.,1.,1.,1.))
REPRESENTATION_ITEM('')
);
#1378=(
BOUNDED_CURVE()
B_SPLINE_CURVE(3,(#5298,#5299,#5300,#5301),.UNSPECIFIED.,.F.,.F.)
B_SPLINE_CURVE_WITH_KNOTS((4,4),(0.,1.),.UNSPECIFIED.)
CURVE()
GEOMETRIC_REPRESENTATION_ITEM()
RATIONAL_B_SPLINE_CURVE((1.,1.,1.,1.))
REPRESENTATION_ITEM('')
);
#1379=(
BOUNDED_CURVE()
B_SPLINE_CURVE(3,(#5303,#5304,#5305,#5306),.UNSPECIFIED.,.F.,.F.)
B_SPLINE_CURVE_WITH_KNOTS((4,4),(-1.,0.),.UNSPECIFIED.)
CURVE()
GEOMETRIC_REPRESENTATION_ITEM()
RATIONAL_B_SPLINE_CURVE((1.,1.,1.,1.))
REPRESENTATION_ITEM('')
);
#1380=(
BOUNDED_CURVE()
B_SPLINE_CURVE(3,(#5317,#5318,#5319,#5320),.UNSPECIFIED.,.F.,.F.)
B_SPLINE_CURVE_WITH_KNOTS((4,4),(0.,1.),.UNSPECIFIED.)
CURVE()
GEOMETRIC_REPRESENTATION_ITEM()
RATIONAL_B_SPLINE_CURVE((1.,1.,1.,1.))
REPRESENTATION_ITEM('')
);
#1381=(
BOUNDED_CURVE()
B_SPLINE_CURVE(3,(#5322,#5323,#5324,#5325),.UNSPECIFIED.,.F.,.F.)
B_SPLINE_CURVE_WITH_KNOTS((4,4),(-1.,0.),.UNSPECIFIED.)
CURVE()
GEOMETRIC_REPRESENTATION_ITEM()
RATIONAL_B_SPLINE_CURVE((1.,1.,1.,1.))
REPRESENTATION_ITEM('')
);
#1382=(
BOUNDED_CURVE()
B_SPLINE_CURVE(3,(#5336,#5337,#5338,#5339),.UNSPECIFIED.,.F.,.F.)
B_SPLINE_CURVE_WITH_KNOTS((4,4),(0.,1.),.UNSPECIFIED.)
CURVE()
GEOMETRIC_REPRESENTATION_ITEM()
RATIONAL_B_SPLINE_CURVE((1.,1.,1.,1.))
REPRESENTATION_ITEM('')
);
#1383=(
BOUNDED_CURVE()
B_SPLINE_CURVE(3,(#5341,#5342,#5343,#5344),.UNSPECIFIED.,.F.,.F.)
B_SPLINE_CURVE_WITH_KNOTS((4,4),(-1.,0.),.UNSPECIFIED.)
CURVE()
GEOMETRIC_REPRESENTATION_ITEM()
RATIONAL_B_SPLINE_CURVE((1.,1.,1.,1.))
REPRESENTATION_ITEM('')
);
#1384=(
BOUNDED_CURVE()
B_SPLINE_CURVE(3,(#5355,#5356,#5357,#5358),.UNSPECIFIED.,.F.,.F.)
B_SPLINE_CURVE_WITH_KNOTS((4,4),(0.,1.),.UNSPECIFIED.)
CURVE()
GEOMETRIC_REPRESENTATION_ITEM()
RATIONAL_B_SPLINE_CURVE((1.,1.,1.,1.))
REPRESENTATION_ITEM('')
);
#1385=(
BOUNDED_CURVE()
B_SPLINE_CURVE(3,(#5360,#5361,#5362,#5363),.UNSPECIFIED.,.F.,.F.)
B_SPLINE_CURVE_WITH_KNOTS((4,4),(-1.,0.),.UNSPECIFIED.)
CURVE()
GEOMETRIC_REPRESENTATION_ITEM()
RATIONAL_B_SPLINE_CURVE((1.,1.,1.,1.))
REPRESENTATION_ITEM('')
);
#1386=(
BOUNDED_CURVE()
B_SPLINE_CURVE(3,(#5374,#5375,#5376,#5377),.UNSPECIFIED.,.F.,.F.)
B_SPLINE_CURVE_WITH_KNOTS((4,4),(0.,1.),.UNSPECIFIED.)
CURVE()
GEOMETRIC_REPRESENTATION_ITEM()
RATIONAL_B_SPLINE_CURVE((1.,1.,1.,1.))
REPRESENTATION_ITEM('')
);
#1387=(
BOUNDED_CURVE()
B_SPLINE_CURVE(3,(#5379,#5380,#5381,#5382),.UNSPECIFIED.,.F.,.F.)
B_SPLINE_CURVE_WITH_KNOTS((4,4),(-1.,0.),.UNSPECIFIED.)
CURVE()
GEOMETRIC_REPRESENTATION_ITEM()
RATIONAL_B_SPLINE_CURVE((1.,1.,1.,1.))
REPRESENTATION_ITEM('')
);
#1388=(
BOUNDED_CURVE()
B_SPLINE_CURVE(3,(#5393,#5394,#5395,#5396),.UNSPECIFIED.,.F.,.F.)
B_SPLINE_CURVE_WITH_KNOTS((4,4),(0.,1.),.UNSPECIFIED.)
CURVE()
GEOMETRIC_REPRESENTATION_ITEM()
RATIONAL_B_SPLINE_CURVE((1.,1.,1.,1.))
REPRESENTATION_ITEM('')
);
#1389=(
BOUNDED_CURVE()
B_SPLINE_CURVE(3,(#5398,#5399,#5400,#5401),.UNSPECIFIED.,.F.,.F.)
B_SPLINE_CURVE_WITH_KNOTS((4,4),(-1.,0.),.UNSPECIFIED.)
CURVE()
GEOMETRIC_REPRESENTATION_ITEM()
RATIONAL_B_SPLINE_CURVE((1.,1.,1.,1.))
REPRESENTATION_ITEM('')
);
#1390=(
BOUNDED_CURVE()
B_SPLINE_CURVE(3,(#5412,#5413,#5414,#5415),.UNSPECIFIED.,.F.,.F.)
B_SPLINE_CURVE_WITH_KNOTS((4,4),(0.,1.),.UNSPECIFIED.)
CURVE()
GEOMETRIC_REPRESENTATION_ITEM()
RATIONAL_B_SPLINE_CURVE((1.,1.,1.,1.))
REPRESENTATION_ITEM('')
);
#1391=(
BOUNDED_CURVE()
B_SPLINE_CURVE(3,(#5417,#5418,#5419,#5420),.UNSPECIFIED.,.F.,.F.)
B_SPLINE_CURVE_WITH_KNOTS((4,4),(-1.,0.),.UNSPECIFIED.)
CURVE()
GEOMETRIC_REPRESENTATION_ITEM()
RATIONAL_B_SPLINE_CURVE((1.,1.,1.,1.))
REPRESENTATION_ITEM('')
);
#1392=(
BOUNDED_CURVE()
B_SPLINE_CURVE(3,(#5431,#5432,#5433,#5434),.UNSPECIFIED.,.F.,.F.)
B_SPLINE_CURVE_WITH_KNOTS((4,4),(0.,1.),.UNSPECIFIED.)
CURVE()
GEOMETRIC_REPRESENTATION_ITEM()
RATIONAL_B_SPLINE_CURVE((1.,1.,1.,1.))
REPRESENTATION_ITEM('')
);
#1393=(
BOUNDED_CURVE()
B_SPLINE_CURVE(3,(#5436,#5437,#5438,#5439),.UNSPECIFIED.,.F.,.F.)
B_SPLINE_CURVE_WITH_KNOTS((4,4),(-1.,0.),.UNSPECIFIED.)
CURVE()
GEOMETRIC_REPRESENTATION_ITEM()
RATIONAL_B_SPLINE_CURVE((1.,1.,1.,1.))
REPRESENTATION_ITEM('')
);
#1394=(
BOUNDED_CURVE()
B_SPLINE_CURVE(3,(#5450,#5451,#5452,#5453),.UNSPECIFIED.,.F.,.F.)
B_SPLINE_CURVE_WITH_KNOTS((4,4),(0.,1.),.UNSPECIFIED.)
CURVE()
GEOMETRIC_REPRESENTATION_ITEM()
RATIONAL_B_SPLINE_CURVE((1.,1.,1.,1.))
REPRESENTATION_ITEM('')
);
#1395=(
BOUNDED_CURVE()
B_SPLINE_CURVE(3,(#5455,#5456,#5457,#5458),.UNSPECIFIED.,.F.,.F.)
B_SPLINE_CURVE_WITH_KNOTS((4,4),(-1.,0.),.UNSPECIFIED.)
CURVE()
GEOMETRIC_REPRESENTATION_ITEM()
RATIONAL_B_SPLINE_CURVE((1.,1.,1.,1.))
REPRESENTATION_ITEM('')
);
#1396=(
BOUNDED_CURVE()
B_SPLINE_CURVE(3,(#5469,#5470,#5471,#5472),.UNSPECIFIED.,.F.,.F.)
B_SPLINE_CURVE_WITH_KNOTS((4,4),(0.,1.),.UNSPECIFIED.)
CURVE()
GEOMETRIC_REPRESENTATION_ITEM()
RATIONAL_B_SPLINE_CURVE((1.,1.,1.,1.))
REPRESENTATION_ITEM('')
);
#1397=(
BOUNDED_CURVE()
B_SPLINE_CURVE(3,(#5474,#5475,#5476,#5477),.UNSPECIFIED.,.F.,.F.)
B_SPLINE_CURVE_WITH_KNOTS((4,4),(-1.,0.),.UNSPECIFIED.)
CURVE()
GEOMETRIC_REPRESENTATION_ITEM()
RATIONAL_B_SPLINE_CURVE((1.,1.,1.,1.))
REPRESENTATION_ITEM('')
);
#1398=(
BOUNDED_CURVE()
B_SPLINE_CURVE(3,(#5488,#5489,#5490,#5491),.UNSPECIFIED.,.F.,.F.)
B_SPLINE_CURVE_WITH_KNOTS((4,4),(0.,1.),.UNSPECIFIED.)
CURVE()
GEOMETRIC_REPRESENTATION_ITEM()
RATIONAL_B_SPLINE_CURVE((1.,1.,1.,1.))
REPRESENTATION_ITEM('')
);
#1399=(
BOUNDED_CURVE()
B_SPLINE_CURVE(3,(#5493,#5494,#5495,#5496),.UNSPECIFIED.,.F.,.F.)
B_SPLINE_CURVE_WITH_KNOTS((4,4),(-1.,0.),.UNSPECIFIED.)
CURVE()
GEOMETRIC_REPRESENTATION_ITEM()
RATIONAL_B_SPLINE_CURVE((1.,1.,1.,1.))
REPRESENTATION_ITEM('')
);
#1400=(
BOUNDED_CURVE()
B_SPLINE_CURVE(3,(#5507,#5508,#5509,#5510),.UNSPECIFIED.,.F.,.F.)
B_SPLINE_CURVE_WITH_KNOTS((4,4),(0.,1.),.UNSPECIFIED.)
CURVE()
GEOMETRIC_REPRESENTATION_ITEM()
RATIONAL_B_SPLINE_CURVE((1.,1.,1.,1.))
REPRESENTATION_ITEM('')
);
#1401=(
BOUNDED_CURVE()
B_SPLINE_CURVE(3,(#5512,#5513,#5514,#5515),.UNSPECIFIED.,.F.,.F.)
B_SPLINE_CURVE_WITH_KNOTS((4,4),(-1.,0.),.UNSPECIFIED.)
CURVE()
GEOMETRIC_REPRESENTATION_ITEM()
RATIONAL_B_SPLINE_CURVE((1.,1.,1.,1.))
REPRESENTATION_ITEM('')
);
#1402=(
BOUNDED_CURVE()
B_SPLINE_CURVE(3,(#5526,#5527,#5528,#5529),.UNSPECIFIED.,.F.,.F.)
B_SPLINE_CURVE_WITH_KNOTS((4,4),(0.,1.),.UNSPECIFIED.)
CURVE()
GEOMETRIC_REPRESENTATION_ITEM()
RATIONAL_B_SPLINE_CURVE((1.,1.,1.,1.))
REPRESENTATION_ITEM('')
);
#1403=(
BOUNDED_CURVE()
B_SPLINE_CURVE(3,(#5531,#5532,#5533,#5534),.UNSPECIFIED.,.F.,.F.)
B_SPLINE_CURVE_WITH_KNOTS((4,4),(-1.,0.),.UNSPECIFIED.)
CURVE()
GEOMETRIC_REPRESENTATION_ITEM()
RATIONAL_B_SPLINE_CURVE((1.,1.,1.,1.))
REPRESENTATION_ITEM('')
);
#1404=(
BOUNDED_CURVE()
B_SPLINE_CURVE(3,(#5544,#5545,#5546,#5547),.UNSPECIFIED.,.F.,.F.)
B_SPLINE_CURVE_WITH_KNOTS((4,4),(0.,1.),.UNSPECIFIED.)
CURVE()
GEOMETRIC_REPRESENTATION_ITEM()
RATIONAL_B_SPLINE_CURVE((1.,1.,1.,1.))
REPRESENTATION_ITEM('')
);
#1405=(
BOUNDED_CURVE()
B_SPLINE_CURVE(3,(#5548,#5549,#5550,#5551),.UNSPECIFIED.,.F.,.F.)
B_SPLINE_CURVE_WITH_KNOTS((4,4),(-1.,0.),.UNSPECIFIED.)
CURVE()
GEOMETRIC_REPRESENTATION_ITEM()
RATIONAL_B_SPLINE_CURVE((1.,1.,1.,1.))
REPRESENTATION_ITEM('')
);
#1406=VERTEX_POINT('',#4361);
#1407=VERTEX_POINT('',#4362);
#1408=VERTEX_POINT('',#4367);
#1409=VERTEX_POINT('',#4369);
#1410=VERTEX_POINT('',#4383);
#1411=VERTEX_POINT('',#4388);
#1412=VERTEX_POINT('',#4402);
#1413=VERTEX_POINT('',#4407);
#1414=VERTEX_POINT('',#4421);
#1415=VERTEX_POINT('',#4426);
#1416=VERTEX_POINT('',#4440);
#1417=VERTEX_POINT('',#4445);
#1418=VERTEX_POINT('',#4459);
#1419=VERTEX_POINT('',#4464);
#1420=VERTEX_POINT('',#4478);
#1421=VERTEX_POINT('',#4483);
#1422=VERTEX_POINT('',#4497);
#1423=VERTEX_POINT('',#4502);
#1424=VERTEX_POINT('',#4516);
#1425=VERTEX_POINT('',#4521);
#1426=VERTEX_POINT('',#4535);
#1427=VERTEX_POINT('',#4540);
#1428=VERTEX_POINT('',#4554);
#1429=VERTEX_POINT('',#4559);
#1430=VERTEX_POINT('',#4573);
#1431=VERTEX_POINT('',#4578);
#1432=VERTEX_POINT('',#4592);
#1433=VERTEX_POINT('',#4597);
#1434=VERTEX_POINT('',#4628);
#1435=VERTEX_POINT('',#4629);
#1436=VERTEX_POINT('',#4634);
#1437=VERTEX_POINT('',#4636);
#1438=VERTEX_POINT('',#4650);
#1439=VERTEX_POINT('',#4655);
#1440=VERTEX_POINT('',#4669);
#1441=VERTEX_POINT('',#4674);
#1442=VERTEX_POINT('',#4688);
#1443=VERTEX_POINT('',#4693);
#1444=VERTEX_POINT('',#4707);
#1445=VERTEX_POINT('',#4712);
#1446=VERTEX_POINT('',#4726);
#1447=VERTEX_POINT('',#4731);
#1448=VERTEX_POINT('',#4745);
#1449=VERTEX_POINT('',#4750);
#1450=VERTEX_POINT('',#4764);
#1451=VERTEX_POINT('',#4769);
#1452=VERTEX_POINT('',#4800);
#1453=VERTEX_POINT('',#4801);
#1454=VERTEX_POINT('',#4806);
#1455=VERTEX_POINT('',#4808);
#1456=VERTEX_POINT('',#4822);
#1457=VERTEX_POINT('',#4827);
#1458=VERTEX_POINT('',#4841);
#1459=VERTEX_POINT('',#4846);
#1460=VERTEX_POINT('',#4860);
#1461=VERTEX_POINT('',#4865);
#1462=VERTEX_POINT('',#4879);
#1463=VERTEX_POINT('',#4884);
#1464=VERTEX_POINT('',#4898);
#1465=VERTEX_POINT('',#4903);
#1466=VERTEX_POINT('',#4917);
#1467=VERTEX_POINT('',#4922);
#1468=VERTEX_POINT('',#4952);
#1469=VERTEX_POINT('',#4953);
#1470=VERTEX_POINT('',#4958);
#1471=VERTEX_POINT('',#4960);
#1472=VERTEX_POINT('',#4974);
#1473=VERTEX_POINT('',#4979);
#1474=VERTEX_POINT('',#4993);
#1475=VERTEX_POINT('',#4998);
#1476=VERTEX_POINT('',#5012);
#1477=VERTEX_POINT('',#5017);
#1478=VERTEX_POINT('',#5031);
#1479=VERTEX_POINT('',#5036);
#1480=VERTEX_POINT('',#5050);
#1481=VERTEX_POINT('',#5055);
#1482=VERTEX_POINT('',#5069);
#1483=VERTEX_POINT('',#5074);
#1484=VERTEX_POINT('',#5088);
#1485=VERTEX_POINT('',#5093);
#1486=VERTEX_POINT('',#5107);
#1487=VERTEX_POINT('',#5112);
#1488=VERTEX_POINT('',#5126);
#1489=VERTEX_POINT('',#5131);
#1490=VERTEX_POINT('',#5145);
#1491=VERTEX_POINT('',#5150);
#1492=VERTEX_POINT('',#5164);
#1493=VERTEX_POINT('',#5169);
#1494=VERTEX_POINT('',#5183);
#1495=VERTEX_POINT('',#5188);
#1496=VERTEX_POINT('',#5202);
#1497=VERTEX_POINT('',#5207);
#1498=VERTEX_POINT('',#5221);
#1499=VERTEX_POINT('',#5226);
#1500=VERTEX_POINT('',#5240);
#1501=VERTEX_POINT('',#5245);
#1502=VERTEX_POINT('',#5259);
#1503=VERTEX_POINT('',#5264);
#1504=VERTEX_POINT('',#5278);
#1505=VERTEX_POINT('',#5283);
#1506=VERTEX_POINT('',#5297);
#1507=VERTEX_POINT('',#5302);
#1508=VERTEX_POINT('',#5316);
#1509=VERTEX_POINT('',#5321);
#1510=VERTEX_POINT('',#5335);
#1511=VERTEX_POINT('',#5340);
#1512=VERTEX_POINT('',#5354);
#1513=VERTEX_POINT('',#5359);
#1514=VERTEX_POINT('',#5373);
#1515=VERTEX_POINT('',#5378);
#1516=VERTEX_POINT('',#5392);
#1517=VERTEX_POINT('',#5397);
#1518=VERTEX_POINT('',#5411);
#1519=VERTEX_POINT('',#5416);
#1520=VERTEX_POINT('',#5430);
#1521=VERTEX_POINT('',#5435);
#1522=VERTEX_POINT('',#5449);
#1523=VERTEX_POINT('',#5454);
#1524=VERTEX_POINT('',#5468);
#1525=VERTEX_POINT('',#5473);
#1526=VERTEX_POINT('',#5487);
#1527=VERTEX_POINT('',#5492);
#1528=VERTEX_POINT('',#5506);
#1529=VERTEX_POINT('',#5511);
#1530=VERTEX_POINT('',#5525);
#1531=VERTEX_POINT('',#5530);
#1532=VERTEX_POINT('',#5555);
#1533=VERTEX_POINT('',#5556);
#1534=VERTEX_POINT('',#5558);
#1535=VERTEX_POINT('',#5560);
#1536=VERTEX_POINT('',#5562);
#1537=VERTEX_POINT('',#5564);
#1538=VERTEX_POINT('',#5566);
#1539=VERTEX_POINT('',#5568);
#1540=VERTEX_POINT('',#5570);
#1541=VERTEX_POINT('',#5572);
#1542=VERTEX_POINT('',#5574);
#1543=VERTEX_POINT('',#5576);
#1544=VERTEX_POINT('',#5578);
#1545=VERTEX_POINT('',#5580);
#1546=VERTEX_POINT('',#5582);
#1547=VERTEX_POINT('',#5584);
#1548=VERTEX_POINT('',#5586);
#1549=VERTEX_POINT('',#5588);
#1550=VERTEX_POINT('',#5590);
#1551=VERTEX_POINT('',#5592);
#1552=VERTEX_POINT('',#5594);
#1553=VERTEX_POINT('',#5596);
#1554=VERTEX_POINT('',#5598);
#1555=VERTEX_POINT('',#5600);
#1556=VERTEX_POINT('',#5602);
#1557=VERTEX_POINT('',#5604);
#1558=VERTEX_POINT('',#5606);
#1559=VERTEX_POINT('',#5608);
#1560=VERTEX_POINT('',#5610);
#1561=VERTEX_POINT('',#5612);
#1562=VERTEX_POINT('',#5614);
#1563=VERTEX_POINT('',#5616);
#1564=VERTEX_POINT('',#5618);
#1565=VERTEX_POINT('',#5620);
#1566=VERTEX_POINT('',#5622);
#1567=VERTEX_POINT('',#5624);
#1568=VERTEX_POINT('',#5626);
#1569=VERTEX_POINT('',#5629);
#1570=VERTEX_POINT('',#5630);
#1571=VERTEX_POINT('',#5632);
#1572=VERTEX_POINT('',#5634);
#1573=VERTEX_POINT('',#5636);
#1574=VERTEX_POINT('',#5638);
#1575=VERTEX_POINT('',#5640);
#1576=VERTEX_POINT('',#5642);
#1577=VERTEX_POINT('',#5645);
#1578=VERTEX_POINT('',#5646);
#1579=VERTEX_POINT('',#5648);
#1580=VERTEX_POINT('',#5650);
#1581=VERTEX_POINT('',#5653);
#1582=VERTEX_POINT('',#5654);
#1583=VERTEX_POINT('',#5656);
#1584=VERTEX_POINT('',#5658);
#1585=VERTEX_POINT('',#5661);
#1586=VERTEX_POINT('',#5664);
#1587=VERTEX_POINT('',#5666);
#1588=VERTEX_POINT('',#5668);
#1589=VERTEX_POINT('',#5670);
#1590=VERTEX_POINT('',#5674);
#1591=VERTEX_POINT('',#5676);
#1592=VERTEX_POINT('',#5678);
#1593=VERTEX_POINT('',#5680);
#1594=VERTEX_POINT('',#5684);
#1595=VERTEX_POINT('',#5686);
#1596=VERTEX_POINT('',#5690);
#1597=VERTEX_POINT('',#5692);
#1598=VERTEX_POINT('',#5696);
#1599=VERTEX_POINT('',#5700);
#1600=VERTEX_POINT('',#5702);
#1601=VERTEX_POINT('',#5706);
#1602=VERTEX_POINT('',#5708);
#1603=VERTEX_POINT('',#5712);
#1604=VERTEX_POINT('',#5714);
#1605=VERTEX_POINT('',#5718);
#1606=VERTEX_POINT('',#5722);
#1607=VERTEX_POINT('',#5726);
#1608=VERTEX_POINT('',#5730);
#1609=VERTEX_POINT('',#5734);
#1610=VERTEX_POINT('',#5736);
#1611=VERTEX_POINT('',#5740);
#1612=VERTEX_POINT('',#5744);
#1613=VERTEX_POINT('',#5748);
#1614=VERTEX_POINT('',#5749);
#1615=VERTEX_POINT('',#5754);
#1616=VERTEX_POINT('',#5755);
#1617=VERTEX_POINT('',#5760);
#1618=VERTEX_POINT('',#5762);
#1619=VERTEX_POINT('',#5766);
#1620=VERTEX_POINT('',#5768);
#1621=VERTEX_POINT('',#5772);
#1622=VERTEX_POINT('',#5774);
#1623=VERTEX_POINT('',#5778);
#1624=VERTEX_POINT('',#5782);
#1625=VERTEX_POINT('',#5783);
#1626=VERTEX_POINT('',#5788);
#1627=VERTEX_POINT('',#5797);
#1628=VERTEX_POINT('',#5801);
#1629=VERTEX_POINT('',#5805);
#1630=VERTEX_POINT('',#5809);
#1631=VERTEX_POINT('',#5815);
#1632=VERTEX_POINT('',#5816);
#1633=VERTEX_POINT('',#5823);
#1634=VERTEX_POINT('',#5829);
#1635=VERTEX_POINT('',#5837);
#1636=VERTEX_POINT('',#5843);
#1637=VERTEX_POINT('',#5847);
#1638=VERTEX_POINT('',#5851);
#1639=VERTEX_POINT('',#5857);
#1640=VERTEX_POINT('',#5863);
#1641=VERTEX_POINT('',#5864);
#1642=VERTEX_POINT('',#5869);
#1643=VERTEX_POINT('',#5873);
#1644=VERTEX_POINT('',#5889);
#1645=VERTEX_POINT('',#5890);
#1646=VERTEX_POINT('',#5892);
#1647=VERTEX_POINT('',#5894);
#1648=VERTEX_POINT('',#5898);
#1649=VERTEX_POINT('',#5901);
#1650=VERTEX_POINT('',#5902);
#1651=VERTEX_POINT('',#5904);
#1652=VERTEX_POINT('',#5906);
#1653=VERTEX_POINT('',#5909);
#1654=VERTEX_POINT('',#5910);
#1655=VERTEX_POINT('',#5912);
#1656=VERTEX_POINT('',#5914);
#1657=VERTEX_POINT('',#5918);
#1658=VERTEX_POINT('',#5919);
#1659=VERTEX_POINT('',#5921);
#1660=VERTEX_POINT('',#5923);
#1661=VERTEX_POINT('',#5926);
#1662=VERTEX_POINT('',#5927);
#1663=VERTEX_POINT('',#5929);
#1664=VERTEX_POINT('',#5931);
#1665=VERTEX_POINT('',#5935);
#1666=VERTEX_POINT('',#5936);
#1667=VERTEX_POINT('',#5938);
#1668=VERTEX_POINT('',#5940);
#1669=VERTEX_POINT('',#5944);
#1670=VERTEX_POINT('',#5946);
#1671=VERTEX_POINT('',#5950);
#1672=VERTEX_POINT('',#5952);
#1673=VERTEX_POINT('',#5960);
#1674=VERTEX_POINT('',#5963);
#1675=VERTEX_POINT('',#5967);
#1676=VERTEX_POINT('',#5968);
#1677=VERTEX_POINT('',#5970);
#1678=VERTEX_POINT('',#5972);
#1679=VERTEX_POINT('',#5976);
#1680=VERTEX_POINT('',#5978);
#1681=VERTEX_POINT('',#5982);
#1682=VERTEX_POINT('',#5984);
#1683=VERTEX_POINT('',#5991);
#1684=VERTEX_POINT('',#5993);
#1685=VERTEX_POINT('',#5997);
#1686=VERTEX_POINT('',#6001);
#1687=VERTEX_POINT('',#6007);
#1688=VERTEX_POINT('',#6009);
#1689=VERTEX_POINT('',#6013);
#1690=VERTEX_POINT('',#6017);
#1691=VERTEX_POINT('',#6023);
#1692=VERTEX_POINT('',#6025);
#1693=VERTEX_POINT('',#6029);
#1694=VERTEX_POINT('',#6033);
#1695=VERTEX_POINT('',#6039);
#1696=VERTEX_POINT('',#6043);
#1697=VERTEX_POINT('',#6045);
#1698=VERTEX_POINT('',#6049);
#1699=VERTEX_POINT('',#6053);
#1700=VERTEX_POINT('',#6059);
#1701=VERTEX_POINT('',#6060);
#1702=VERTEX_POINT('',#6062);
#1703=VERTEX_POINT('',#6064);
#1704=VERTEX_POINT('',#6068);
#1705=VERTEX_POINT('',#6070);
#1706=VERTEX_POINT('',#6074);
#1707=VERTEX_POINT('',#6076);
#1708=VERTEX_POINT('',#6083);
#1709=VERTEX_POINT('',#6084);
#1710=VERTEX_POINT('',#6086);
#1711=VERTEX_POINT('',#6088);
#1712=VERTEX_POINT('',#6092);
#1713=VERTEX_POINT('',#6094);
#1714=VERTEX_POINT('',#6098);
#1715=VERTEX_POINT('',#6100);
#1716=VERTEX_POINT('',#6107);
#1717=VERTEX_POINT('',#6109);
#1718=VERTEX_POINT('',#6113);
#1719=VERTEX_POINT('',#6117);
#1720=VERTEX_POINT('',#6123);
#1721=VERTEX_POINT('',#6125);
#1722=VERTEX_POINT('',#6129);
#1723=VERTEX_POINT('',#6131);
#1724=VERTEX_POINT('',#6135);
#1725=VERTEX_POINT('',#6137);
#1726=VERTEX_POINT('',#6141);
#1727=VERTEX_POINT('',#6143);
#1728=VERTEX_POINT('',#6147);
#1729=VERTEX_POINT('',#6148);
#1730=VERTEX_POINT('',#6150);
#1731=VERTEX_POINT('',#6152);
#1732=VERTEX_POINT('',#6154);
#1733=VERTEX_POINT('',#6156);
#1734=VERTEX_POINT('',#6158);
#1735=VERTEX_POINT('',#6160);
#1736=VERTEX_POINT('',#6164);
#1737=VERTEX_POINT('',#6165);
#1738=VERTEX_POINT('',#6170);
#1739=VERTEX_POINT('',#6174);
#1740=VERTEX_POINT('',#6178);
#1741=VERTEX_POINT('',#6182);
#1742=VERTEX_POINT('',#6186);
#1743=VERTEX_POINT('',#6190);
#1744=EDGE_CURVE('',#1406,#1407,#1280,.T.);
#1745=EDGE_CURVE('',#1406,#1408,#618,.T.);
#1746=EDGE_CURVE('',#1409,#1408,#1281,.T.);
#1747=EDGE_CURVE('',#1407,#1409,#619,.T.);
#1748=EDGE_CURVE('',#1407,#1410,#1282,.T.);
#1749=EDGE_CURVE('',#1411,#1409,#1283,.T.);
#1750=EDGE_CURVE('',#1410,#1411,#620,.T.);
#1751=EDGE_CURVE('',#1410,#1412,#1284,.T.);
#1752=EDGE_CURVE('',#1413,#1411,#1285,.T.);
#1753=EDGE_CURVE('',#1412,#1413,#621,.T.);
#1754=EDGE_CURVE('',#1412,#1414,#1286,.T.);
#1755=EDGE_CURVE('',#1415,#1413,#1287,.T.);
#1756=EDGE_CURVE('',#1414,#1415,#622,.T.);
#1757=EDGE_CURVE('',#1414,#1416,#1288,.T.);
#1758=EDGE_CURVE('',#1417,#1415,#1289,.T.);
#1759=EDGE_CURVE('',#1416,#1417,#623,.T.);
#1760=EDGE_CURVE('',#1416,#1418,#1290,.T.);
#1761=EDGE_CURVE('',#1419,#1417,#1291,.T.);
#1762=EDGE_CURVE('',#1418,#1419,#624,.T.);
#1763=EDGE_CURVE('',#1418,#1420,#1292,.T.);
#1764=EDGE_CURVE('',#1421,#1419,#1293,.T.);
#1765=EDGE_CURVE('',#1420,#1421,#625,.T.);
#1766=EDGE_CURVE('',#1420,#1422,#1294,.T.);
#1767=EDGE_CURVE('',#1423,#1421,#1295,.T.);
#1768=EDGE_CURVE('',#1422,#1423,#626,.T.);
#1769=EDGE_CURVE('',#1422,#1424,#1296,.T.);
#1770=EDGE_CURVE('',#1425,#1423,#1297,.T.);
#1771=EDGE_CURVE('',#1424,#1425,#627,.T.);
#1772=EDGE_CURVE('',#1424,#1426,#1298,.T.);
#1773=EDGE_CURVE('',#1427,#1425,#1299,.T.);
#1774=EDGE_CURVE('',#1426,#1427,#628,.T.);
#1775=EDGE_CURVE('',#1426,#1428,#1300,.T.);
#1776=EDGE_CURVE('',#1429,#1427,#1301,.T.);
#1777=EDGE_CURVE('',#1428,#1429,#629,.T.);
#1778=EDGE_CURVE('',#1428,#1430,#1302,.T.);
#1779=EDGE_CURVE('',#1431,#1429,#1303,.T.);
#1780=EDGE_CURVE('',#1430,#1431,#630,.T.);
#1781=EDGE_CURVE('',#1430,#1432,#1304,.T.);
#1782=EDGE_CURVE('',#1433,#1431,#1305,.T.);
#1783=EDGE_CURVE('',#1432,#1433,#631,.T.);
#1784=EDGE_CURVE('',#1432,#1406,#1306,.T.);
#1785=EDGE_CURVE('',#1408,#1433,#1307,.T.);
#1786=EDGE_CURVE('',#1434,#1435,#1308,.T.);
#1787=EDGE_CURVE('',#1434,#1436,#632,.T.);
#1788=EDGE_CURVE('',#1437,#1436,#1309,.T.);
#1789=EDGE_CURVE('',#1435,#1437,#633,.T.);
#1790=EDGE_CURVE('',#1435,#1438,#1310,.T.);
#1791=EDGE_CURVE('',#1439,#1437,#1311,.T.);
#1792=EDGE_CURVE('',#1438,#1439,#634,.T.);
#1793=EDGE_CURVE('',#1438,#1440,#1312,.T.);
#1794=EDGE_CURVE('',#1441,#1439,#1313,.T.);
#1795=EDGE_CURVE('',#1440,#1441,#635,.T.);
#1796=EDGE_CURVE('',#1440,#1442,#1314,.T.);
#1797=EDGE_CURVE('',#1443,#1441,#1315,.T.);
#1798=EDGE_CURVE('',#1442,#1443,#636,.T.);
#1799=EDGE_CURVE('',#1442,#1444,#1316,.T.);
#1800=EDGE_CURVE('',#1445,#1443,#1317,.T.);
#1801=EDGE_CURVE('',#1444,#1445,#637,.T.);
#1802=EDGE_CURVE('',#1444,#1446,#1318,.T.);
#1803=EDGE_CURVE('',#1447,#1445,#1319,.T.);
#1804=EDGE_CURVE('',#1446,#1447,#638,.T.);
#1805=EDGE_CURVE('',#1446,#1448,#1320,.T.);
#1806=EDGE_CURVE('',#1449,#1447,#1321,.T.);
#1807=EDGE_CURVE('',#1448,#1449,#639,.T.);
#1808=EDGE_CURVE('',#1448,#1450,#1322,.T.);
#1809=EDGE_CURVE('',#1451,#1449,#1323,.T.);
#1810=EDGE_CURVE('',#1450,#1451,#640,.T.);
#1811=EDGE_CURVE('',#1450,#1434,#1324,.T.);
#1812=EDGE_CURVE('',#1436,#1451,#1325,.T.);
#1813=EDGE_CURVE('',#1452,#1453,#1326,.T.);
#1814=EDGE_CURVE('',#1452,#1454,#641,.T.);
#1815=EDGE_CURVE('',#1455,#1454,#1327,.T.);
#1816=EDGE_CURVE('',#1453,#1455,#642,.T.);
#1817=EDGE_CURVE('',#1453,#1456,#1328,.T.);
#1818=EDGE_CURVE('',#1457,#1455,#1329,.T.);
#1819=EDGE_CURVE('',#1456,#1457,#643,.T.);
#1820=EDGE_CURVE('',#1456,#1458,#1330,.T.);
#1821=EDGE_CURVE('',#1459,#1457,#1331,.T.);
#1822=EDGE_CURVE('',#1458,#1459,#644,.T.);
#1823=EDGE_CURVE('',#1458,#1460,#1332,.T.);
#1824=EDGE_CURVE('',#1461,#1459,#1333,.T.);
#1825=EDGE_CURVE('',#1460,#1461,#645,.T.);
#1826=EDGE_CURVE('',#1460,#1462,#1334,.T.);
#1827=EDGE_CURVE('',#1463,#1461,#1335,.T.);
#1828=EDGE_CURVE('',#1462,#1463,#646,.T.);
#1829=EDGE_CURVE('',#1462,#1464,#1336,.T.);
#1830=EDGE_CURVE('',#1465,#1463,#1337,.T.);
#1831=EDGE_CURVE('',#1464,#1465,#647,.T.);
#1832=EDGE_CURVE('',#1464,#1466,#1338,.T.);
#1833=EDGE_CURVE('',#1467,#1465,#1339,.T.);
#1834=EDGE_CURVE('',#1466,#1467,#648,.T.);
#1835=EDGE_CURVE('',#1466,#1452,#1340,.T.);
#1836=EDGE_CURVE('',#1454,#1467,#1341,.T.);
#1837=EDGE_CURVE('',#1468,#1469,#1342,.T.);
#1838=EDGE_CURVE('',#1468,#1470,#649,.T.);
#1839=EDGE_CURVE('',#1471,#1470,#1343,.T.);
#1840=EDGE_CURVE('',#1469,#1471,#650,.T.);
#1841=EDGE_CURVE('',#1469,#1472,#1344,.T.);
#1842=EDGE_CURVE('',#1473,#1471,#1345,.T.);
#1843=EDGE_CURVE('',#1472,#1473,#651,.T.);
#1844=EDGE_CURVE('',#1472,#1474,#1346,.T.);
#1845=EDGE_CURVE('',#1475,#1473,#1347,.T.);
#1846=EDGE_CURVE('',#1474,#1475,#652,.T.);
#1847=EDGE_CURVE('',#1474,#1476,#1348,.T.);
#1848=EDGE_CURVE('',#1477,#1475,#1349,.T.);
#1849=EDGE_CURVE('',#1476,#1477,#653,.T.);
#1850=EDGE_CURVE('',#1476,#1478,#1350,.T.);
#1851=EDGE_CURVE('',#1479,#1477,#1351,.T.);
#1852=EDGE_CURVE('',#1478,#1479,#654,.T.);
#1853=EDGE_CURVE('',#1478,#1480,#1352,.T.);
#1854=EDGE_CURVE('',#1481,#1479,#1353,.T.);
#1855=EDGE_CURVE('',#1480,#1481,#655,.T.);
#1856=EDGE_CURVE('',#1480,#1482,#1354,.T.);
#1857=EDGE_CURVE('',#1483,#1481,#1355,.T.);
#1858=EDGE_CURVE('',#1482,#1483,#656,.T.);
#1859=EDGE_CURVE('',#1482,#1484,#1356,.T.);
#1860=EDGE_CURVE('',#1485,#1483,#1357,.T.);
#1861=EDGE_CURVE('',#1484,#1485,#657,.T.);
#1862=EDGE_CURVE('',#1484,#1486,#1358,.T.);
#1863=EDGE_CURVE('',#1487,#1485,#1359,.T.);
#1864=EDGE_CURVE('',#1486,#1487,#658,.T.);
#1865=EDGE_CURVE('',#1486,#1488,#1360,.T.);
#1866=EDGE_CURVE('',#1489,#1487,#1361,.T.);
#1867=EDGE_CURVE('',#1488,#1489,#659,.T.);
#1868=EDGE_CURVE('',#1488,#1490,#1362,.T.);
#1869=EDGE_CURVE('',#1491,#1489,#1363,.T.);
#1870=EDGE_CURVE('',#1490,#1491,#660,.T.);
#1871=EDGE_CURVE('',#1490,#1492,#1364,.T.);
#1872=EDGE_CURVE('',#1493,#1491,#1365,.T.);
#1873=EDGE_CURVE('',#1492,#1493,#661,.T.);
#1874=EDGE_CURVE('',#1492,#1494,#1366,.T.);
#1875=EDGE_CURVE('',#1495,#1493,#1367,.T.);
#1876=EDGE_CURVE('',#1494,#1495,#662,.T.);
#1877=EDGE_CURVE('',#1494,#1496,#1368,.T.);
#1878=EDGE_CURVE('',#1497,#1495,#1369,.T.);
#1879=EDGE_CURVE('',#1496,#1497,#663,.T.);
#1880=EDGE_CURVE('',#1496,#1498,#1370,.T.);
#1881=EDGE_CURVE('',#1499,#1497,#1371,.T.);
#1882=EDGE_CURVE('',#1498,#1499,#664,.T.);
#1883=EDGE_CURVE('',#1498,#1500,#1372,.T.);
#1884=EDGE_CURVE('',#1501,#1499,#1373,.T.);
#1885=EDGE_CURVE('',#1500,#1501,#665,.T.);
#1886=EDGE_CURVE('',#1500,#1502,#1374,.T.);
#1887=EDGE_CURVE('',#1503,#1501,#1375,.T.);
#1888=EDGE_CURVE('',#1502,#1503,#666,.T.);
#1889=EDGE_CURVE('',#1502,#1504,#1376,.T.);
#1890=EDGE_CURVE('',#1505,#1503,#1377,.T.);
#1891=EDGE_CURVE('',#1504,#1505,#667,.T.);
#1892=EDGE_CURVE('',#1504,#1506,#1378,.T.);
#1893=EDGE_CURVE('',#1507,#1505,#1379,.T.);
#1894=EDGE_CURVE('',#1506,#1507,#668,.T.);
#1895=EDGE_CURVE('',#1506,#1508,#1380,.T.);
#1896=EDGE_CURVE('',#1509,#1507,#1381,.T.);
#1897=EDGE_CURVE('',#1508,#1509,#669,.T.);
#1898=EDGE_CURVE('',#1508,#1510,#1382,.T.);
#1899=EDGE_CURVE('',#1511,#1509,#1383,.T.);
#1900=EDGE_CURVE('',#1510,#1511,#670,.T.);
#1901=EDGE_CURVE('',#1510,#1512,#1384,.T.);
#1902=EDGE_CURVE('',#1513,#1511,#1385,.T.);
#1903=EDGE_CURVE('',#1512,#1513,#671,.T.);
#1904=EDGE_CURVE('',#1512,#1514,#1386,.T.);
#1905=EDGE_CURVE('',#1515,#1513,#1387,.T.);
#1906=EDGE_CURVE('',#1514,#1515,#672,.T.);
#1907=EDGE_CURVE('',#1514,#1516,#1388,.T.);
#1908=EDGE_CURVE('',#1517,#1515,#1389,.T.);
#1909=EDGE_CURVE('',#1516,#1517,#673,.T.);
#1910=EDGE_CURVE('',#1516,#1518,#1390,.T.);
#1911=EDGE_CURVE('',#1519,#1517,#1391,.T.);
#1912=EDGE_CURVE('',#1518,#1519,#674,.T.);
#1913=EDGE_CURVE('',#1518,#1520,#1392,.T.);
#1914=EDGE_CURVE('',#1521,#1519,#1393,.T.);
#1915=EDGE_CURVE('',#1520,#1521,#675,.T.);
#1916=EDGE_CURVE('',#1520,#1522,#1394,.T.);
#1917=EDGE_CURVE('',#1523,#1521,#1395,.T.);
#1918=EDGE_CURVE('',#1522,#1523,#676,.T.);
#1919=EDGE_CURVE('',#1522,#1524,#1396,.T.);
#1920=EDGE_CURVE('',#1525,#1523,#1397,.T.);
#1921=EDGE_CURVE('',#1524,#1525,#677,.T.);
#1922=EDGE_CURVE('',#1524,#1526,#1398,.T.);
#1923=EDGE_CURVE('',#1527,#1525,#1399,.T.);
#1924=EDGE_CURVE('',#1526,#1527,#678,.T.);
#1925=EDGE_CURVE('',#1526,#1528,#1400,.T.);
#1926=EDGE_CURVE('',#1529,#1527,#1401,.T.);
#1927=EDGE_CURVE('',#1528,#1529,#679,.T.);
#1928=EDGE_CURVE('',#1528,#1530,#1402,.T.);
#1929=EDGE_CURVE('',#1531,#1529,#1403,.T.);
#1930=EDGE_CURVE('',#1530,#1531,#680,.T.);
#1931=EDGE_CURVE('',#1530,#1468,#1404,.T.);
#1932=EDGE_CURVE('',#1470,#1531,#1405,.T.);
#1933=EDGE_CURVE('',#1532,#1533,#36,.T.);
#1934=EDGE_CURVE('',#1533,#1534,#37,.T.);
#1935=EDGE_CURVE('',#1535,#1534,#38,.T.);
#1936=EDGE_CURVE('',#1536,#1535,#681,.T.);
#1937=EDGE_CURVE('',#1537,#1536,#39,.T.);
#1938=EDGE_CURVE('',#1538,#1537,#40,.F.);
#1939=EDGE_CURVE('',#1539,#1538,#682,.T.);
#1940=EDGE_CURVE('',#1540,#1539,#683,.T.);
#1941=EDGE_CURVE('',#1541,#1540,#684,.T.);
#1942=EDGE_CURVE('',#1542,#1541,#685,.T.);
#1943=EDGE_CURVE('',#1543,#1542,#686,.T.);
#1944=EDGE_CURVE('',#1544,#1543,#687,.T.);
#1945=EDGE_CURVE('',#1545,#1544,#688,.T.);
#1946=EDGE_CURVE('',#1546,#1545,#689,.T.);
#1947=EDGE_CURVE('',#1547,#1546,#690,.T.);
#1948=EDGE_CURVE('',#1548,#1547,#691,.T.);
#1949=EDGE_CURVE('',#1549,#1548,#692,.T.);
#1950=EDGE_CURVE('',#1550,#1549,#693,.T.);
#1951=EDGE_CURVE('',#1551,#1550,#694,.T.);
#1952=EDGE_CURVE('',#1552,#1551,#695,.T.);
#1953=EDGE_CURVE('',#1553,#1552,#696,.T.);
#1954=EDGE_CURVE('',#1554,#1553,#41,.F.);
#1955=EDGE_CURVE('',#1555,#1554,#42,.T.);
#1956=EDGE_CURVE('',#1556,#1555,#697,.T.);
#1957=EDGE_CURVE('',#1557,#1556,#43,.F.);
#1958=EDGE_CURVE('',#1558,#1557,#698,.T.);
#1959=EDGE_CURVE('',#1559,#1558,#44,.F.);
#1960=EDGE_CURVE('',#1560,#1559,#699,.T.);
#1961=EDGE_CURVE('',#1561,#1560,#45,.T.);
#1962=EDGE_CURVE('',#1562,#1561,#46,.F.);
#1963=EDGE_CURVE('',#1563,#1562,#47,.T.);
#1964=EDGE_CURVE('',#1564,#1563,#700,.T.);
#1965=EDGE_CURVE('',#1564,#1565,#701,.T.);
#1966=EDGE_CURVE('',#1565,#1566,#702,.T.);
#1967=EDGE_CURVE('',#1566,#1567,#703,.T.);
#1968=EDGE_CURVE('',#1568,#1567,#704,.T.);
#1969=EDGE_CURVE('',#1532,#1568,#48,.T.);
#1970=EDGE_CURVE('',#1569,#1570,#705,.T.);
#1971=EDGE_CURVE('',#1571,#1569,#706,.T.);
#1972=EDGE_CURVE('',#1572,#1571,#707,.T.);
#1973=EDGE_CURVE('',#1573,#1572,#708,.T.);
#1974=EDGE_CURVE('',#1574,#1573,#709,.T.);
#1975=EDGE_CURVE('',#1575,#1574,#710,.T.);
#1976=EDGE_CURVE('',#1576,#1575,#711,.T.);
#1977=EDGE_CURVE('',#1570,#1576,#712,.T.);
#1978=EDGE_CURVE('',#1577,#1578,#713,.T.);
#1979=EDGE_CURVE('',#1579,#1577,#714,.T.);
#1980=EDGE_CURVE('',#1580,#1579,#715,.T.);
#1981=EDGE_CURVE('',#1578,#1580,#716,.T.);
#1982=EDGE_CURVE('',#1581,#1582,#717,.T.);
#1983=EDGE_CURVE('',#1583,#1581,#718,.T.);
#1984=EDGE_CURVE('',#1584,#1583,#719,.T.);
#1985=EDGE_CURVE('',#1582,#1584,#720,.T.);
#1986=EDGE_CURVE('',#1585,#1585,#49,.T.);
#1987=EDGE_CURVE('',#1534,#1586,#721,.T.);
#1988=EDGE_CURVE('',#1586,#1587,#50,.T.);
#1989=EDGE_CURVE('',#1587,#1588,#722,.T.);
#1990=EDGE_CURVE('',#1589,#1588,#51,.T.);
#1991=EDGE_CURVE('',#1589,#1535,#723,.T.);
#1992=EDGE_CURVE('',#1590,#1532,#724,.T.);
#1993=EDGE_CURVE('',#1591,#1568,#725,.T.);
#1994=EDGE_CURVE('',#1592,#1591,#52,.T.);
#1995=EDGE_CURVE('',#1592,#1593,#726,.T.);
#1996=EDGE_CURVE('',#1593,#1590,#53,.T.);
#1997=EDGE_CURVE('',#1559,#1594,#727,.T.);
#1998=EDGE_CURVE('',#1595,#1594,#728,.T.);
#1999=EDGE_CURVE('',#1595,#1560,#729,.T.);
#2000=EDGE_CURVE('',#1596,#1558,#730,.T.);
#2001=EDGE_CURVE('',#1557,#1597,#731,.T.);
#2002=EDGE_CURVE('',#1596,#1597,#732,.T.);
#2003=EDGE_CURVE('',#1598,#1561,#733,.T.);
#2004=EDGE_CURVE('',#1598,#1595,#54,.T.);
#2005=EDGE_CURVE('',#1562,#1599,#734,.T.);
#2006=EDGE_CURVE('',#1600,#1599,#55,.T.);
#2007=EDGE_CURVE('',#1600,#1563,#735,.T.);
#2008=EDGE_CURVE('',#1554,#1601,#736,.T.);
#2009=EDGE_CURVE('',#1602,#1601,#56,.T.);
#2010=EDGE_CURVE('',#1602,#1555,#737,.T.);
#2011=EDGE_CURVE('',#1603,#1537,#738,.T.);
#2012=EDGE_CURVE('',#1604,#1536,#739,.T.);
#2013=EDGE_CURVE('',#1603,#1604,#57,.T.);
#2014=EDGE_CURVE('',#1553,#1605,#740,.T.);
#2015=EDGE_CURVE('',#1601,#1605,#58,.T.);
#2016=EDGE_CURVE('',#1606,#1556,#741,.T.);
#2017=EDGE_CURVE('',#1606,#1602,#742,.T.);
#2018=EDGE_CURVE('',#1607,#1603,#59,.T.);
#2019=EDGE_CURVE('',#1607,#1538,#743,.T.);
#2020=EDGE_CURVE('',#1552,#1608,#744,.T.);
#2021=EDGE_CURVE('',#1605,#1608,#745,.T.);
#2022=EDGE_CURVE('',#1609,#1547,#746,.T.);
#2023=EDGE_CURVE('',#1546,#1610,#747,.T.);
#2024=EDGE_CURVE('',#1609,#1610,#748,.T.);
#2025=EDGE_CURVE('',#1611,#1607,#749,.T.);
#2026=EDGE_CURVE('',#1611,#1539,#750,.F.);
#2027=EDGE_CURVE('',#1612,#1609,#751,.T.);
#2028=EDGE_CURVE('',#1612,#1548,#752,.F.);
#2029=EDGE_CURVE('',#1613,#1614,#753,.T.);
#2030=EDGE_CURVE('',#1613,#1580,#754,.F.);
#2031=EDGE_CURVE('',#1614,#1579,#755,.F.);
#2032=EDGE_CURVE('',#1615,#1616,#756,.T.);
#2033=EDGE_CURVE('',#1615,#1577,#757,.F.);
#2034=EDGE_CURVE('',#1616,#1578,#758,.F.);
#2035=EDGE_CURVE('',#1570,#1617,#759,.T.);
#2036=EDGE_CURVE('',#1618,#1617,#760,.T.);
#2037=EDGE_CURVE('',#1618,#1569,#761,.F.);
#2038=EDGE_CURVE('',#1619,#1573,#762,.T.);
#2039=EDGE_CURVE('',#1620,#1572,#763,.F.);
#2040=EDGE_CURVE('',#1619,#1620,#764,.T.);
#2041=EDGE_CURVE('',#1621,#1542,#765,.T.);
#2042=EDGE_CURVE('',#1622,#1541,#766,.T.);
#2043=EDGE_CURVE('',#1621,#1622,#767,.T.);
#2044=EDGE_CURVE('',#1623,#1600,#768,.T.);
#2045=EDGE_CURVE('',#1564,#1623,#769,.T.);
#2046=EDGE_CURVE('',#1624,#1625,#770,.T.);
#2047=EDGE_CURVE('',#1624,#1567,#771,.T.);
#2048=EDGE_CURVE('',#1625,#1566,#772,.F.);
#2049=EDGE_CURVE('',#1626,#1623,#773,.T.);
#2050=EDGE_CURVE('',#1565,#1626,#774,.F.);
#2051=EDGE_CURVE('',#1625,#1626,#775,.T.);
#2052=EDGE_CURVE('',#1588,#1592,#60,.T.);
#2053=EDGE_CURVE('',#1593,#1587,#61,.F.);
#2054=EDGE_CURVE('',#1586,#1627,#62,.T.);
#2055=EDGE_CURVE('',#1627,#1590,#63,.T.);
#2056=EDGE_CURVE('',#1628,#1545,#776,.F.);
#2057=EDGE_CURVE('',#1610,#1628,#777,.T.);
#2058=EDGE_CURVE('',#1628,#1629,#778,.T.);
#2059=EDGE_CURVE('',#1629,#1544,#779,.F.);
#2060=EDGE_CURVE('',#1629,#1630,#780,.T.);
#2061=EDGE_CURVE('',#1630,#1543,#781,.F.);
#2062=EDGE_CURVE('',#1630,#1621,#782,.T.);
#2063=EDGE_CURVE('',#1631,#1632,#783,.T.);
#2064=EDGE_CURVE('',#1631,#1575,#784,.T.);
#2065=EDGE_CURVE('',#1632,#1574,#785,.F.);
#2066=EDGE_CURVE('',#1632,#1619,#786,.T.);
#2067=EDGE_CURVE('',#1633,#1576,#787,.F.);
#2068=EDGE_CURVE('',#1617,#1633,#788,.T.);
#2069=EDGE_CURVE('',#1633,#1631,#789,.T.);
#2070=EDGE_CURVE('',#1620,#1634,#790,.T.);
#2071=EDGE_CURVE('',#1634,#1571,#791,.F.);
#2072=EDGE_CURVE('',#1634,#1618,#792,.T.);
#2073=EDGE_CURVE('',#1614,#1615,#793,.T.);
#2074=EDGE_CURVE('',#1585,#1635,#794,.T.);
#2075=EDGE_CURVE('',#1635,#1635,#64,.T.);
#2076=EDGE_CURVE('',#1616,#1613,#795,.T.);
#2077=EDGE_CURVE('',#1636,#1612,#796,.T.);
#2078=EDGE_CURVE('',#1636,#1549,#797,.T.);
#2079=EDGE_CURVE('',#1637,#1551,#798,.F.);
#2080=EDGE_CURVE('',#1608,#1637,#799,.T.);
#2081=EDGE_CURVE('',#1637,#1638,#800,.T.);
#2082=EDGE_CURVE('',#1638,#1550,#801,.F.);
#2083=EDGE_CURVE('',#1638,#1636,#802,.T.);
#2084=EDGE_CURVE('',#1622,#1639,#803,.T.);
#2085=EDGE_CURVE('',#1639,#1540,#804,.F.);
#2086=EDGE_CURVE('',#1639,#1611,#805,.T.);
#2087=EDGE_CURVE('',#1640,#1641,#806,.T.);
#2088=EDGE_CURVE('',#1640,#1581,#807,.T.);
#2089=EDGE_CURVE('',#1641,#1582,#808,.F.);
#2090=EDGE_CURVE('',#1641,#1642,#809,.T.);
#2091=EDGE_CURVE('',#1642,#1584,#810,.F.);
#2092=EDGE_CURVE('',#1642,#1643,#811,.T.);
#2093=EDGE_CURVE('',#1643,#1583,#812,.F.);
#2094=EDGE_CURVE('',#1643,#1640,#813,.T.);
#2095=EDGE_CURVE('',#1597,#1606,#65,.T.);
#2096=EDGE_CURVE('',#1599,#1598,#66,.T.);
#2097=EDGE_CURVE('',#1594,#1596,#67,.T.);
#2098=EDGE_CURVE('',#1591,#1624,#814,.T.);
#2099=EDGE_CURVE('',#1604,#1589,#815,.T.);
#2100=EDGE_CURVE('',#1644,#1645,#816,.T.);
#2101=EDGE_CURVE('',#1645,#1646,#817,.T.);
#2102=EDGE_CURVE('',#1646,#1647,#818,.T.);
#2103=EDGE_CURVE('',#1647,#1644,#819,.T.);
#2104=EDGE_CURVE('',#1648,#1648,#68,.T.);
#2105=EDGE_CURVE('',#1649,#1650,#820,.T.);
#2106=EDGE_CURVE('',#1650,#1651,#821,.T.);
#2107=EDGE_CURVE('',#1651,#1652,#822,.T.);
#2108=EDGE_CURVE('',#1652,#1649,#823,.T.);
#2109=EDGE_CURVE('',#1653,#1654,#824,.T.);
#2110=EDGE_CURVE('',#1654,#1655,#825,.T.);
#2111=EDGE_CURVE('',#1655,#1656,#826,.T.);
#2112=EDGE_CURVE('',#1656,#1653,#827,.T.);
#2113=EDGE_CURVE('',#1657,#1658,#828,.T.);
#2114=EDGE_CURVE('',#1658,#1659,#829,.T.);
#2115=EDGE_CURVE('',#1659,#1660,#830,.T.);
#2116=EDGE_CURVE('',#1660,#1657,#831,.T.);
#2117=EDGE_CURVE('',#1661,#1662,#832,.T.);
#2118=EDGE_CURVE('',#1662,#1663,#833,.T.);
#2119=EDGE_CURVE('',#1663,#1664,#834,.T.);
#2120=EDGE_CURVE('',#1664,#1661,#835,.T.);
#2121=EDGE_CURVE('',#1665,#1666,#836,.T.);
#2122=EDGE_CURVE('',#1665,#1667,#837,.T.);
#2123=EDGE_CURVE('',#1667,#1668,#838,.T.);
#2124=EDGE_CURVE('',#1666,#1668,#839,.T.);
#2125=EDGE_CURVE('',#1669,#1665,#840,.T.);
#2126=EDGE_CURVE('',#1669,#1670,#841,.T.);
#2127=EDGE_CURVE('',#1670,#1667,#842,.T.);
#2128=EDGE_CURVE('',#1671,#1669,#843,.T.);
#2129=EDGE_CURVE('',#1671,#1672,#844,.T.);
#2130=EDGE_CURVE('',#1672,#1670,#845,.T.);
#2131=EDGE_CURVE('',#1666,#1671,#846,.T.);
#2132=EDGE_CURVE('',#1668,#1672,#847,.T.);
#2133=EDGE_CURVE('',#1673,#1673,#69,.T.);
#2134=EDGE_CURVE('',#1673,#1627,#848,.T.);
#2135=EDGE_CURVE('',#1533,#1674,#849,.T.);
#2136=EDGE_CURVE('',#1674,#1674,#70,.T.);
#2137=EDGE_CURVE('',#1675,#1676,#850,.T.);
#2138=EDGE_CURVE('',#1675,#1677,#851,.T.);
#2139=EDGE_CURVE('',#1678,#1677,#852,.T.);
#2140=EDGE_CURVE('',#1676,#1678,#853,.T.);
#2141=EDGE_CURVE('',#1679,#1675,#854,.T.);
#2142=EDGE_CURVE('',#1679,#1680,#855,.T.);
#2143=EDGE_CURVE('',#1677,#1680,#856,.T.);
#2144=EDGE_CURVE('',#1681,#1679,#857,.T.);
#2145=EDGE_CURVE('',#1681,#1682,#858,.T.);
#2146=EDGE_CURVE('',#1680,#1682,#859,.T.);
#2147=EDGE_CURVE('',#1676,#1681,#860,.T.);
#2148=EDGE_CURVE('',#1682,#1678,#861,.T.);
#2149=EDGE_CURVE('',#1649,#1683,#862,.T.);
#2150=EDGE_CURVE('',#1684,#1683,#863,.T.);
#2151=EDGE_CURVE('',#1650,#1684,#864,.T.);
#2152=EDGE_CURVE('',#1652,#1685,#865,.T.);
#2153=EDGE_CURVE('',#1683,#1685,#866,.T.);
#2154=EDGE_CURVE('',#1651,#1686,#867,.T.);
#2155=EDGE_CURVE('',#1685,#1686,#868,.T.);
#2156=EDGE_CURVE('',#1686,#1684,#869,.T.);
#2157=EDGE_CURVE('',#1653,#1687,#870,.T.);
#2158=EDGE_CURVE('',#1688,#1687,#871,.T.);
#2159=EDGE_CURVE('',#1654,#1688,#872,.T.);
#2160=EDGE_CURVE('',#1656,#1689,#873,.T.);
#2161=EDGE_CURVE('',#1687,#1689,#874,.T.);
#2162=EDGE_CURVE('',#1655,#1690,#875,.T.);
#2163=EDGE_CURVE('',#1689,#1690,#876,.T.);
#2164=EDGE_CURVE('',#1690,#1688,#877,.T.);
#2165=EDGE_CURVE('',#1661,#1691,#878,.T.);
#2166=EDGE_CURVE('',#1692,#1691,#879,.T.);
#2167=EDGE_CURVE('',#1662,#1692,#880,.T.);
#2168=EDGE_CURVE('',#1664,#1693,#881,.T.);
#2169=EDGE_CURVE('',#1691,#1693,#882,.T.);
#2170=EDGE_CURVE('',#1663,#1694,#883,.T.);
#2171=EDGE_CURVE('',#1693,#1694,#884,.T.);
#2172=EDGE_CURVE('',#1694,#1692,#885,.T.);
#2173=EDGE_CURVE('',#1648,#1695,#886,.T.);
#2174=EDGE_CURVE('',#1695,#1695,#71,.T.);
#2175=EDGE_CURVE('',#1657,#1696,#887,.T.);
#2176=EDGE_CURVE('',#1697,#1696,#888,.T.);
#2177=EDGE_CURVE('',#1658,#1697,#889,.T.);
#2178=EDGE_CURVE('',#1660,#1698,#890,.T.);
#2179=EDGE_CURVE('',#1696,#1698,#891,.T.);
#2180=EDGE_CURVE('',#1659,#1699,#892,.T.);
#2181=EDGE_CURVE('',#1698,#1699,#893,.T.);
#2182=EDGE_CURVE('',#1699,#1697,#894,.T.);
#2183=EDGE_CURVE('',#1700,#1701,#895,.T.);
#2184=EDGE_CURVE('',#1700,#1702,#896,.T.);
#2185=EDGE_CURVE('',#1703,#1702,#897,.T.);
#2186=EDGE_CURVE('',#1701,#1703,#898,.T.);
#2187=EDGE_CURVE('',#1704,#1700,#899,.T.);
#2188=EDGE_CURVE('',#1704,#1705,#900,.T.);
#2189=EDGE_CURVE('',#1702,#1705,#901,.T.);
#2190=EDGE_CURVE('',#1706,#1704,#902,.T.);
#2191=EDGE_CURVE('',#1706,#1707,#903,.T.);
#2192=EDGE_CURVE('',#1705,#1707,#904,.T.);
#2193=EDGE_CURVE('',#1701,#1706,#905,.T.);
#2194=EDGE_CURVE('',#1707,#1703,#906,.T.);
#2195=EDGE_CURVE('',#1708,#1709,#907,.T.);
#2196=EDGE_CURVE('',#1708,#1710,#908,.T.);
#2197=EDGE_CURVE('',#1711,#1710,#909,.T.);
#2198=EDGE_CURVE('',#1709,#1711,#910,.T.);
#2199=EDGE_CURVE('',#1712,#1708,#911,.T.);
#2200=EDGE_CURVE('',#1712,#1713,#912,.T.);
#2201=EDGE_CURVE('',#1710,#1713,#913,.T.);
#2202=EDGE_CURVE('',#1714,#1712,#914,.T.);
#2203=EDGE_CURVE('',#1714,#1715,#915,.T.);
#2204=EDGE_CURVE('',#1713,#1715,#916,.T.);
#2205=EDGE_CURVE('',#1709,#1714,#917,.T.);
#2206=EDGE_CURVE('',#1715,#1711,#918,.T.);
#2207=EDGE_CURVE('',#1644,#1716,#919,.T.);
#2208=EDGE_CURVE('',#1717,#1716,#920,.T.);
#2209=EDGE_CURVE('',#1645,#1717,#921,.T.);
#2210=EDGE_CURVE('',#1647,#1718,#922,.T.);
#2211=EDGE_CURVE('',#1716,#1718,#923,.T.);
#2212=EDGE_CURVE('',#1646,#1719,#924,.T.);
#2213=EDGE_CURVE('',#1718,#1719,#925,.T.);
#2214=EDGE_CURVE('',#1719,#1717,#926,.T.);
#2215=EDGE_CURVE('',#1720,#1720,#72,.T.);
#2216=EDGE_CURVE('',#1720,#1721,#927,.T.);
#2217=EDGE_CURVE('',#1721,#1721,#73,.T.);
#2218=EDGE_CURVE('',#1722,#1722,#74,.T.);
#2219=EDGE_CURVE('',#1722,#1723,#928,.T.);
#2220=EDGE_CURVE('',#1723,#1723,#75,.T.);
#2221=EDGE_CURVE('',#1724,#1724,#76,.T.);
#2222=EDGE_CURVE('',#1724,#1725,#929,.T.);
#2223=EDGE_CURVE('',#1725,#1725,#77,.T.);
#2224=EDGE_CURVE('',#1726,#1726,#78,.T.);
#2225=EDGE_CURVE('',#1726,#1727,#930,.T.);
#2226=EDGE_CURVE('',#1727,#1727,#79,.T.);
#2227=EDGE_CURVE('',#1728,#1729,#931,.T.);
#2228=EDGE_CURVE('',#1729,#1730,#80,.T.);
#2229=EDGE_CURVE('',#1730,#1731,#932,.T.);
#2230=EDGE_CURVE('',#1731,#1732,#81,.T.);
#2231=EDGE_CURVE('',#1732,#1733,#933,.T.);
#2232=EDGE_CURVE('',#1733,#1734,#82,.T.);
#2233=EDGE_CURVE('',#1734,#1735,#934,.T.);
#2234=EDGE_CURVE('',#1735,#1728,#935,.T.);
#2235=EDGE_CURVE('',#1736,#1737,#936,.T.);
#2236=EDGE_CURVE('',#1736,#1728,#937,.T.);
#2237=EDGE_CURVE('',#1737,#1735,#938,.T.);
#2238=EDGE_CURVE('',#1737,#1738,#939,.T.);
#2239=EDGE_CURVE('',#1738,#1734,#940,.T.);
#2240=EDGE_CURVE('',#1739,#1738,#83,.T.);
#2241=EDGE_CURVE('',#1739,#1733,#941,.T.);
#2242=EDGE_CURVE('',#1739,#1740,#942,.T.);
#2243=EDGE_CURVE('',#1740,#1732,#943,.T.);
#2244=EDGE_CURVE('',#1741,#1740,#84,.T.);
#2245=EDGE_CURVE('',#1741,#1731,#944,.T.);
#2246=EDGE_CURVE('',#1741,#1742,#945,.T.);
#2247=EDGE_CURVE('',#1742,#1730,#946,.T.);
#2248=EDGE_CURVE('',#1743,#1742,#85,.T.);
#2249=EDGE_CURVE('',#1743,#1729,#947,.T.);
#2250=EDGE_CURVE('',#1743,#1736,#948,.T.);
#2251=ORIENTED_EDGE('',*,*,#1744,.F.);
#2252=ORIENTED_EDGE('',*,*,#1745,.T.);
#2253=ORIENTED_EDGE('',*,*,#1746,.F.);
#2254=ORIENTED_EDGE('',*,*,#1747,.F.);
#2255=ORIENTED_EDGE('',*,*,#1748,.F.);
#2256=ORIENTED_EDGE('',*,*,#1747,.T.);
#2257=ORIENTED_EDGE('',*,*,#1749,.F.);
#2258=ORIENTED_EDGE('',*,*,#1750,.F.);
#2259=ORIENTED_EDGE('',*,*,#1751,.F.);
#2260=ORIENTED_EDGE('',*,*,#1750,.T.);
#2261=ORIENTED_EDGE('',*,*,#1752,.F.);
#2262=ORIENTED_EDGE('',*,*,#1753,.F.);
#2263=ORIENTED_EDGE('',*,*,#1754,.F.);
#2264=ORIENTED_EDGE('',*,*,#1753,.T.);
#2265=ORIENTED_EDGE('',*,*,#1755,.F.);
#2266=ORIENTED_EDGE('',*,*,#1756,.F.);
#2267=ORIENTED_EDGE('',*,*,#1757,.F.);
#2268=ORIENTED_EDGE('',*,*,#1756,.T.);
#2269=ORIENTED_EDGE('',*,*,#1758,.F.);
#2270=ORIENTED_EDGE('',*,*,#1759,.F.);
#2271=ORIENTED_EDGE('',*,*,#1760,.F.);
#2272=ORIENTED_EDGE('',*,*,#1759,.T.);
#2273=ORIENTED_EDGE('',*,*,#1761,.F.);
#2274=ORIENTED_EDGE('',*,*,#1762,.F.);
#2275=ORIENTED_EDGE('',*,*,#1763,.F.);
#2276=ORIENTED_EDGE('',*,*,#1762,.T.);
#2277=ORIENTED_EDGE('',*,*,#1764,.F.);
#2278=ORIENTED_EDGE('',*,*,#1765,.F.);
#2279=ORIENTED_EDGE('',*,*,#1766,.F.);
#2280=ORIENTED_EDGE('',*,*,#1765,.T.);
#2281=ORIENTED_EDGE('',*,*,#1767,.F.);
#2282=ORIENTED_EDGE('',*,*,#1768,.F.);
#2283=ORIENTED_EDGE('',*,*,#1769,.F.);
#2284=ORIENTED_EDGE('',*,*,#1768,.T.);
#2285=ORIENTED_EDGE('',*,*,#1770,.F.);
#2286=ORIENTED_EDGE('',*,*,#1771,.F.);
#2287=ORIENTED_EDGE('',*,*,#1772,.F.);
#2288=ORIENTED_EDGE('',*,*,#1771,.T.);
#2289=ORIENTED_EDGE('',*,*,#1773,.F.);
#2290=ORIENTED_EDGE('',*,*,#1774,.F.);
#2291=ORIENTED_EDGE('',*,*,#1775,.F.);
#2292=ORIENTED_EDGE('',*,*,#1774,.T.);
#2293=ORIENTED_EDGE('',*,*,#1776,.F.);
#2294=ORIENTED_EDGE('',*,*,#1777,.F.);
#2295=ORIENTED_EDGE('',*,*,#1778,.F.);
#2296=ORIENTED_EDGE('',*,*,#1777,.T.);
#2297=ORIENTED_EDGE('',*,*,#1779,.F.);
#2298=ORIENTED_EDGE('',*,*,#1780,.F.);
#2299=ORIENTED_EDGE('',*,*,#1781,.F.);
#2300=ORIENTED_EDGE('',*,*,#1780,.T.);
#2301=ORIENTED_EDGE('',*,*,#1782,.F.);
#2302=ORIENTED_EDGE('',*,*,#1783,.F.);
#2303=ORIENTED_EDGE('',*,*,#1784,.F.);
#2304=ORIENTED_EDGE('',*,*,#1783,.T.);
#2305=ORIENTED_EDGE('',*,*,#1785,.F.);
#2306=ORIENTED_EDGE('',*,*,#1745,.F.);
#2307=ORIENTED_EDGE('',*,*,#1785,.T.);
#2308=ORIENTED_EDGE('',*,*,#1782,.T.);
#2309=ORIENTED_EDGE('',*,*,#1779,.T.);
#2310=ORIENTED_EDGE('',*,*,#1776,.T.);
#2311=ORIENTED_EDGE('',*,*,#1773,.T.);
#2312=ORIENTED_EDGE('',*,*,#1770,.T.);
#2313=ORIENTED_EDGE('',*,*,#1767,.T.);
#2314=ORIENTED_EDGE('',*,*,#1764,.T.);
#2315=ORIENTED_EDGE('',*,*,#1761,.T.);
#2316=ORIENTED_EDGE('',*,*,#1758,.T.);
#2317=ORIENTED_EDGE('',*,*,#1755,.T.);
#2318=ORIENTED_EDGE('',*,*,#1752,.T.);
#2319=ORIENTED_EDGE('',*,*,#1749,.T.);
#2320=ORIENTED_EDGE('',*,*,#1746,.T.);
#2321=ORIENTED_EDGE('',*,*,#1786,.F.);
#2322=ORIENTED_EDGE('',*,*,#1787,.T.);
#2323=ORIENTED_EDGE('',*,*,#1788,.F.);
#2324=ORIENTED_EDGE('',*,*,#1789,.F.);
#2325=ORIENTED_EDGE('',*,*,#1790,.F.);
#2326=ORIENTED_EDGE('',*,*,#1789,.T.);
#2327=ORIENTED_EDGE('',*,*,#1791,.F.);
#2328=ORIENTED_EDGE('',*,*,#1792,.F.);
#2329=ORIENTED_EDGE('',*,*,#1793,.F.);
#2330=ORIENTED_EDGE('',*,*,#1792,.T.);
#2331=ORIENTED_EDGE('',*,*,#1794,.F.);
#2332=ORIENTED_EDGE('',*,*,#1795,.F.);
#2333=ORIENTED_EDGE('',*,*,#1796,.F.);
#2334=ORIENTED_EDGE('',*,*,#1795,.T.);
#2335=ORIENTED_EDGE('',*,*,#1797,.F.);
#2336=ORIENTED_EDGE('',*,*,#1798,.F.);
#2337=ORIENTED_EDGE('',*,*,#1799,.F.);
#2338=ORIENTED_EDGE('',*,*,#1798,.T.);
#2339=ORIENTED_EDGE('',*,*,#1800,.F.);
#2340=ORIENTED_EDGE('',*,*,#1801,.F.);
#2341=ORIENTED_EDGE('',*,*,#1802,.F.);
#2342=ORIENTED_EDGE('',*,*,#1801,.T.);
#2343=ORIENTED_EDGE('',*,*,#1803,.F.);
#2344=ORIENTED_EDGE('',*,*,#1804,.F.);
#2345=ORIENTED_EDGE('',*,*,#1805,.F.);
#2346=ORIENTED_EDGE('',*,*,#1804,.T.);
#2347=ORIENTED_EDGE('',*,*,#1806,.F.);
#2348=ORIENTED_EDGE('',*,*,#1807,.F.);
#2349=ORIENTED_EDGE('',*,*,#1808,.F.);
#2350=ORIENTED_EDGE('',*,*,#1807,.T.);
#2351=ORIENTED_EDGE('',*,*,#1809,.F.);
#2352=ORIENTED_EDGE('',*,*,#1810,.F.);
#2353=ORIENTED_EDGE('',*,*,#1811,.F.);
#2354=ORIENTED_EDGE('',*,*,#1810,.T.);
#2355=ORIENTED_EDGE('',*,*,#1812,.F.);
#2356=ORIENTED_EDGE('',*,*,#1787,.F.);
#2357=ORIENTED_EDGE('',*,*,#1812,.T.);
#2358=ORIENTED_EDGE('',*,*,#1809,.T.);
#2359=ORIENTED_EDGE('',*,*,#1806,.T.);
#2360=ORIENTED_EDGE('',*,*,#1803,.T.);
#2361=ORIENTED_EDGE('',*,*,#1800,.T.);
#2362=ORIENTED_EDGE('',*,*,#1797,.T.);
#2363=ORIENTED_EDGE('',*,*,#1794,.T.);
#2364=ORIENTED_EDGE('',*,*,#1791,.T.);
#2365=ORIENTED_EDGE('',*,*,#1788,.T.);
#2366=ORIENTED_EDGE('',*,*,#1813,.F.);
#2367=ORIENTED_EDGE('',*,*,#1814,.T.);
#2368=ORIENTED_EDGE('',*,*,#1815,.F.);
#2369=ORIENTED_EDGE('',*,*,#1816,.F.);
#2370=ORIENTED_EDGE('',*,*,#1817,.F.);
#2371=ORIENTED_EDGE('',*,*,#1816,.T.);
#2372=ORIENTED_EDGE('',*,*,#1818,.F.);
#2373=ORIENTED_EDGE('',*,*,#1819,.F.);
#2374=ORIENTED_EDGE('',*,*,#1820,.F.);
#2375=ORIENTED_EDGE('',*,*,#1819,.T.);
#2376=ORIENTED_EDGE('',*,*,#1821,.F.);
#2377=ORIENTED_EDGE('',*,*,#1822,.F.);
#2378=ORIENTED_EDGE('',*,*,#1823,.F.);
#2379=ORIENTED_EDGE('',*,*,#1822,.T.);
#2380=ORIENTED_EDGE('',*,*,#1824,.F.);
#2381=ORIENTED_EDGE('',*,*,#1825,.F.);
#2382=ORIENTED_EDGE('',*,*,#1826,.F.);
#2383=ORIENTED_EDGE('',*,*,#1825,.T.);
#2384=ORIENTED_EDGE('',*,*,#1827,.F.);
#2385=ORIENTED_EDGE('',*,*,#1828,.F.);
#2386=ORIENTED_EDGE('',*,*,#1829,.F.);
#2387=ORIENTED_EDGE('',*,*,#1828,.T.);
#2388=ORIENTED_EDGE('',*,*,#1830,.F.);
#2389=ORIENTED_EDGE('',*,*,#1831,.F.);
#2390=ORIENTED_EDGE('',*,*,#1832,.F.);
#2391=ORIENTED_EDGE('',*,*,#1831,.T.);
#2392=ORIENTED_EDGE('',*,*,#1833,.F.);
#2393=ORIENTED_EDGE('',*,*,#1834,.F.);
#2394=ORIENTED_EDGE('',*,*,#1835,.F.);
#2395=ORIENTED_EDGE('',*,*,#1834,.T.);
#2396=ORIENTED_EDGE('',*,*,#1836,.F.);
#2397=ORIENTED_EDGE('',*,*,#1814,.F.);
#2398=ORIENTED_EDGE('',*,*,#1837,.F.);
#2399=ORIENTED_EDGE('',*,*,#1838,.T.);
#2400=ORIENTED_EDGE('',*,*,#1839,.F.);
#2401=ORIENTED_EDGE('',*,*,#1840,.F.);
#2402=ORIENTED_EDGE('',*,*,#1841,.F.);
#2403=ORIENTED_EDGE('',*,*,#1840,.T.);
#2404=ORIENTED_EDGE('',*,*,#1842,.F.);
#2405=ORIENTED_EDGE('',*,*,#1843,.F.);
#2406=ORIENTED_EDGE('',*,*,#1844,.F.);
#2407=ORIENTED_EDGE('',*,*,#1843,.T.);
#2408=ORIENTED_EDGE('',*,*,#1845,.F.);
#2409=ORIENTED_EDGE('',*,*,#1846,.F.);
#2410=ORIENTED_EDGE('',*,*,#1847,.F.);
#2411=ORIENTED_EDGE('',*,*,#1846,.T.);
#2412=ORIENTED_EDGE('',*,*,#1848,.F.);
#2413=ORIENTED_EDGE('',*,*,#1849,.F.);
#2414=ORIENTED_EDGE('',*,*,#1850,.F.);
#2415=ORIENTED_EDGE('',*,*,#1849,.T.);
#2416=ORIENTED_EDGE('',*,*,#1851,.F.);
#2417=ORIENTED_EDGE('',*,*,#1852,.F.);
#2418=ORIENTED_EDGE('',*,*,#1853,.F.);
#2419=ORIENTED_EDGE('',*,*,#1852,.T.);
#2420=ORIENTED_EDGE('',*,*,#1854,.F.);
#2421=ORIENTED_EDGE('',*,*,#1855,.F.);
#2422=ORIENTED_EDGE('',*,*,#1856,.F.);
#2423=ORIENTED_EDGE('',*,*,#1855,.T.);
#2424=ORIENTED_EDGE('',*,*,#1857,.F.);
#2425=ORIENTED_EDGE('',*,*,#1858,.F.);
#2426=ORIENTED_EDGE('',*,*,#1859,.F.);
#2427=ORIENTED_EDGE('',*,*,#1858,.T.);
#2428=ORIENTED_EDGE('',*,*,#1860,.F.);
#2429=ORIENTED_EDGE('',*,*,#1861,.F.);
#2430=ORIENTED_EDGE('',*,*,#1862,.F.);
#2431=ORIENTED_EDGE('',*,*,#1861,.T.);
#2432=ORIENTED_EDGE('',*,*,#1863,.F.);
#2433=ORIENTED_EDGE('',*,*,#1864,.F.);
#2434=ORIENTED_EDGE('',*,*,#1865,.F.);
#2435=ORIENTED_EDGE('',*,*,#1864,.T.);
#2436=ORIENTED_EDGE('',*,*,#1866,.F.);
#2437=ORIENTED_EDGE('',*,*,#1867,.F.);
#2438=ORIENTED_EDGE('',*,*,#1868,.F.);
#2439=ORIENTED_EDGE('',*,*,#1867,.T.);
#2440=ORIENTED_EDGE('',*,*,#1869,.F.);
#2441=ORIENTED_EDGE('',*,*,#1870,.F.);
#2442=ORIENTED_EDGE('',*,*,#1871,.F.);
#2443=ORIENTED_EDGE('',*,*,#1870,.T.);
#2444=ORIENTED_EDGE('',*,*,#1872,.F.);
#2445=ORIENTED_EDGE('',*,*,#1873,.F.);
#2446=ORIENTED_EDGE('',*,*,#1874,.F.);
#2447=ORIENTED_EDGE('',*,*,#1873,.T.);
#2448=ORIENTED_EDGE('',*,*,#1875,.F.);
#2449=ORIENTED_EDGE('',*,*,#1876,.F.);
#2450=ORIENTED_EDGE('',*,*,#1877,.F.);
#2451=ORIENTED_EDGE('',*,*,#1876,.T.);
#2452=ORIENTED_EDGE('',*,*,#1878,.F.);
#2453=ORIENTED_EDGE('',*,*,#1879,.F.);
#2454=ORIENTED_EDGE('',*,*,#1880,.F.);
#2455=ORIENTED_EDGE('',*,*,#1879,.T.);
#2456=ORIENTED_EDGE('',*,*,#1881,.F.);
#2457=ORIENTED_EDGE('',*,*,#1882,.F.);
#2458=ORIENTED_EDGE('',*,*,#1883,.F.);
#2459=ORIENTED_EDGE('',*,*,#1882,.T.);
#2460=ORIENTED_EDGE('',*,*,#1884,.F.);
#2461=ORIENTED_EDGE('',*,*,#1885,.F.);
#2462=ORIENTED_EDGE('',*,*,#1886,.F.);
#2463=ORIENTED_EDGE('',*,*,#1885,.T.);
#2464=ORIENTED_EDGE('',*,*,#1887,.F.);
#2465=ORIENTED_EDGE('',*,*,#1888,.F.);
#2466=ORIENTED_EDGE('',*,*,#1889,.F.);
#2467=ORIENTED_EDGE('',*,*,#1888,.T.);
#2468=ORIENTED_EDGE('',*,*,#1890,.F.);
#2469=ORIENTED_EDGE('',*,*,#1891,.F.);
#2470=ORIENTED_EDGE('',*,*,#1892,.F.);
#2471=ORIENTED_EDGE('',*,*,#1891,.T.);
#2472=ORIENTED_EDGE('',*,*,#1893,.F.);
#2473=ORIENTED_EDGE('',*,*,#1894,.F.);
#2474=ORIENTED_EDGE('',*,*,#1895,.F.);
#2475=ORIENTED_EDGE('',*,*,#1894,.T.);
#2476=ORIENTED_EDGE('',*,*,#1896,.F.);
#2477=ORIENTED_EDGE('',*,*,#1897,.F.);
#2478=ORIENTED_EDGE('',*,*,#1898,.F.);
#2479=ORIENTED_EDGE('',*,*,#1897,.T.);
#2480=ORIENTED_EDGE('',*,*,#1899,.F.);
#2481=ORIENTED_EDGE('',*,*,#1900,.F.);
#2482=ORIENTED_EDGE('',*,*,#1901,.F.);
#2483=ORIENTED_EDGE('',*,*,#1900,.T.);
#2484=ORIENTED_EDGE('',*,*,#1902,.F.);
#2485=ORIENTED_EDGE('',*,*,#1903,.F.);
#2486=ORIENTED_EDGE('',*,*,#1904,.F.);
#2487=ORIENTED_EDGE('',*,*,#1903,.T.);
#2488=ORIENTED_EDGE('',*,*,#1905,.F.);
#2489=ORIENTED_EDGE('',*,*,#1906,.F.);
#2490=ORIENTED_EDGE('',*,*,#1907,.F.);
#2491=ORIENTED_EDGE('',*,*,#1906,.T.);
#2492=ORIENTED_EDGE('',*,*,#1908,.F.);
#2493=ORIENTED_EDGE('',*,*,#1909,.F.);
#2494=ORIENTED_EDGE('',*,*,#1910,.F.);
#2495=ORIENTED_EDGE('',*,*,#1909,.T.);
#2496=ORIENTED_EDGE('',*,*,#1911,.F.);
#2497=ORIENTED_EDGE('',*,*,#1912,.F.);
#2498=ORIENTED_EDGE('',*,*,#1913,.F.);
#2499=ORIENTED_EDGE('',*,*,#1912,.T.);
#2500=ORIENTED_EDGE('',*,*,#1914,.F.);
#2501=ORIENTED_EDGE('',*,*,#1915,.F.);
#2502=ORIENTED_EDGE('',*,*,#1916,.F.);
#2503=ORIENTED_EDGE('',*,*,#1915,.T.);
#2504=ORIENTED_EDGE('',*,*,#1917,.F.);
#2505=ORIENTED_EDGE('',*,*,#1918,.F.);
#2506=ORIENTED_EDGE('',*,*,#1919,.F.);
#2507=ORIENTED_EDGE('',*,*,#1918,.T.);
#2508=ORIENTED_EDGE('',*,*,#1920,.F.);
#2509=ORIENTED_EDGE('',*,*,#1921,.F.);
#2510=ORIENTED_EDGE('',*,*,#1922,.F.);
#2511=ORIENTED_EDGE('',*,*,#1921,.T.);
#2512=ORIENTED_EDGE('',*,*,#1923,.F.);
#2513=ORIENTED_EDGE('',*,*,#1924,.F.);
#2514=ORIENTED_EDGE('',*,*,#1925,.F.);
#2515=ORIENTED_EDGE('',*,*,#1924,.T.);
#2516=ORIENTED_EDGE('',*,*,#1926,.F.);
#2517=ORIENTED_EDGE('',*,*,#1927,.F.);
#2518=ORIENTED_EDGE('',*,*,#1928,.F.);
#2519=ORIENTED_EDGE('',*,*,#1927,.T.);
#2520=ORIENTED_EDGE('',*,*,#1929,.F.);
#2521=ORIENTED_EDGE('',*,*,#1930,.F.);
#2522=ORIENTED_EDGE('',*,*,#1931,.F.);
#2523=ORIENTED_EDGE('',*,*,#1930,.T.);
#2524=ORIENTED_EDGE('',*,*,#1932,.F.);
#2525=ORIENTED_EDGE('',*,*,#1838,.F.);
#2526=ORIENTED_EDGE('',*,*,#1932,.T.);
#2527=ORIENTED_EDGE('',*,*,#1929,.T.);
#2528=ORIENTED_EDGE('',*,*,#1926,.T.);
#2529=ORIENTED_EDGE('',*,*,#1923,.T.);
#2530=ORIENTED_EDGE('',*,*,#1920,.T.);
#2531=ORIENTED_EDGE('',*,*,#1917,.T.);
#2532=ORIENTED_EDGE('',*,*,#1914,.T.);
#2533=ORIENTED_EDGE('',*,*,#1911,.T.);
#2534=ORIENTED_EDGE('',*,*,#1908,.T.);
#2535=ORIENTED_EDGE('',*,*,#1905,.T.);
#2536=ORIENTED_EDGE('',*,*,#1902,.T.);
#2537=ORIENTED_EDGE('',*,*,#1899,.T.);
#2538=ORIENTED_EDGE('',*,*,#1896,.T.);
#2539=ORIENTED_EDGE('',*,*,#1893,.T.);
#2540=ORIENTED_EDGE('',*,*,#1890,.T.);
#2541=ORIENTED_EDGE('',*,*,#1887,.T.);
#2542=ORIENTED_EDGE('',*,*,#1884,.T.);
#2543=ORIENTED_EDGE('',*,*,#1881,.T.);
#2544=ORIENTED_EDGE('',*,*,#1878,.T.);
#2545=ORIENTED_EDGE('',*,*,#1875,.T.);
#2546=ORIENTED_EDGE('',*,*,#1872,.T.);
#2547=ORIENTED_EDGE('',*,*,#1869,.T.);
#2548=ORIENTED_EDGE('',*,*,#1866,.T.);
#2549=ORIENTED_EDGE('',*,*,#1863,.T.);
#2550=ORIENTED_EDGE('',*,*,#1860,.T.);
#2551=ORIENTED_EDGE('',*,*,#1857,.T.);
#2552=ORIENTED_EDGE('',*,*,#1854,.T.);
#2553=ORIENTED_EDGE('',*,*,#1851,.T.);
#2554=ORIENTED_EDGE('',*,*,#1848,.T.);
#2555=ORIENTED_EDGE('',*,*,#1845,.T.);
#2556=ORIENTED_EDGE('',*,*,#1842,.T.);
#2557=ORIENTED_EDGE('',*,*,#1839,.T.);
#2558=ORIENTED_EDGE('',*,*,#1836,.T.);
#2559=ORIENTED_EDGE('',*,*,#1833,.T.);
#2560=ORIENTED_EDGE('',*,*,#1830,.T.);
#2561=ORIENTED_EDGE('',*,*,#1827,.T.);
#2562=ORIENTED_EDGE('',*,*,#1824,.T.);
#2563=ORIENTED_EDGE('',*,*,#1821,.T.);
#2564=ORIENTED_EDGE('',*,*,#1818,.T.);
#2565=ORIENTED_EDGE('',*,*,#1815,.T.);
#2566=ORIENTED_EDGE('',*,*,#1813,.T.);
#2567=ORIENTED_EDGE('',*,*,#1817,.T.);
#2568=ORIENTED_EDGE('',*,*,#1820,.T.);
#2569=ORIENTED_EDGE('',*,*,#1823,.T.);
#2570=ORIENTED_EDGE('',*,*,#1826,.T.);
#2571=ORIENTED_EDGE('',*,*,#1829,.T.);
#2572=ORIENTED_EDGE('',*,*,#1832,.T.);
#2573=ORIENTED_EDGE('',*,*,#1835,.T.);
#2574=ORIENTED_EDGE('',*,*,#1933,.T.);
#2575=ORIENTED_EDGE('',*,*,#1934,.T.);
#2576=ORIENTED_EDGE('',*,*,#1935,.F.);
#2577=ORIENTED_EDGE('',*,*,#1936,.F.);
#2578=ORIENTED_EDGE('',*,*,#1937,.F.);
#2579=ORIENTED_EDGE('',*,*,#1938,.F.);
#2580=ORIENTED_EDGE('',*,*,#1939,.F.);
#2581=ORIENTED_EDGE('',*,*,#1940,.F.);
#2582=ORIENTED_EDGE('',*,*,#1941,.F.);
#2583=ORIENTED_EDGE('',*,*,#1942,.F.);
#2584=ORIENTED_EDGE('',*,*,#1943,.F.);
#2585=ORIENTED_EDGE('',*,*,#1944,.F.);
#2586=ORIENTED_EDGE('',*,*,#1945,.F.);
#2587=ORIENTED_EDGE('',*,*,#1946,.F.);
#2588=ORIENTED_EDGE('',*,*,#1947,.F.);
#2589=ORIENTED_EDGE('',*,*,#1948,.F.);
#2590=ORIENTED_EDGE('',*,*,#1949,.F.);
#2591=ORIENTED_EDGE('',*,*,#1950,.F.);
#2592=ORIENTED_EDGE('',*,*,#1951,.F.);
#2593=ORIENTED_EDGE('',*,*,#1952,.F.);
#2594=ORIENTED_EDGE('',*,*,#1953,.F.);
#2595=ORIENTED_EDGE('',*,*,#1954,.F.);
#2596=ORIENTED_EDGE('',*,*,#1955,.F.);
#2597=ORIENTED_EDGE('',*,*,#1956,.F.);
#2598=ORIENTED_EDGE('',*,*,#1957,.F.);
#2599=ORIENTED_EDGE('',*,*,#1958,.F.);
#2600=ORIENTED_EDGE('',*,*,#1959,.F.);
#2601=ORIENTED_EDGE('',*,*,#1960,.F.);
#2602=ORIENTED_EDGE('',*,*,#1961,.F.);
#2603=ORIENTED_EDGE('',*,*,#1962,.F.);
#2604=ORIENTED_EDGE('',*,*,#1963,.F.);
#2605=ORIENTED_EDGE('',*,*,#1964,.F.);
#2606=ORIENTED_EDGE('',*,*,#1965,.T.);
#2607=ORIENTED_EDGE('',*,*,#1966,.T.);
#2608=ORIENTED_EDGE('',*,*,#1967,.T.);
#2609=ORIENTED_EDGE('',*,*,#1968,.F.);
#2610=ORIENTED_EDGE('',*,*,#1969,.F.);
#2611=ORIENTED_EDGE('',*,*,#1970,.F.);
#2612=ORIENTED_EDGE('',*,*,#1971,.F.);
#2613=ORIENTED_EDGE('',*,*,#1972,.F.);
#2614=ORIENTED_EDGE('',*,*,#1973,.F.);
#2615=ORIENTED_EDGE('',*,*,#1974,.F.);
#2616=ORIENTED_EDGE('',*,*,#1975,.F.);
#2617=ORIENTED_EDGE('',*,*,#1976,.F.);
#2618=ORIENTED_EDGE('',*,*,#1977,.F.);
#2619=ORIENTED_EDGE('',*,*,#1978,.F.);
#2620=ORIENTED_EDGE('',*,*,#1979,.F.);
#2621=ORIENTED_EDGE('',*,*,#1980,.F.);
#2622=ORIENTED_EDGE('',*,*,#1981,.F.);
#2623=ORIENTED_EDGE('',*,*,#1982,.F.);
#2624=ORIENTED_EDGE('',*,*,#1983,.F.);
#2625=ORIENTED_EDGE('',*,*,#1984,.F.);
#2626=ORIENTED_EDGE('',*,*,#1985,.F.);
#2627=ORIENTED_EDGE('',*,*,#1986,.F.);
#2628=ORIENTED_EDGE('',*,*,#1987,.T.);
#2629=ORIENTED_EDGE('',*,*,#1988,.T.);
#2630=ORIENTED_EDGE('',*,*,#1989,.T.);
#2631=ORIENTED_EDGE('',*,*,#1990,.F.);
#2632=ORIENTED_EDGE('',*,*,#1991,.T.);
#2633=ORIENTED_EDGE('',*,*,#1935,.T.);
#2634=ORIENTED_EDGE('',*,*,#1992,.T.);
#2635=ORIENTED_EDGE('',*,*,#1969,.T.);
#2636=ORIENTED_EDGE('',*,*,#1993,.F.);
#2637=ORIENTED_EDGE('',*,*,#1994,.F.);
#2638=ORIENTED_EDGE('',*,*,#1995,.T.);
#2639=ORIENTED_EDGE('',*,*,#1996,.T.);
#2640=ORIENTED_EDGE('',*,*,#1997,.T.);
#2641=ORIENTED_EDGE('',*,*,#1998,.F.);
#2642=ORIENTED_EDGE('',*,*,#1999,.T.);
#2643=ORIENTED_EDGE('',*,*,#1960,.T.);
#2644=ORIENTED_EDGE('',*,*,#2000,.T.);
#2645=ORIENTED_EDGE('',*,*,#1958,.T.);
#2646=ORIENTED_EDGE('',*,*,#2001,.T.);
#2647=ORIENTED_EDGE('',*,*,#2002,.F.);
#2648=ORIENTED_EDGE('',*,*,#2003,.T.);
#2649=ORIENTED_EDGE('',*,*,#1961,.T.);
#2650=ORIENTED_EDGE('',*,*,#1999,.F.);
#2651=ORIENTED_EDGE('',*,*,#2004,.F.);
#2652=ORIENTED_EDGE('',*,*,#2005,.T.);
#2653=ORIENTED_EDGE('',*,*,#2006,.F.);
#2654=ORIENTED_EDGE('',*,*,#2007,.T.);
#2655=ORIENTED_EDGE('',*,*,#1963,.T.);
#2656=ORIENTED_EDGE('',*,*,#2008,.T.);
#2657=ORIENTED_EDGE('',*,*,#2009,.F.);
#2658=ORIENTED_EDGE('',*,*,#2010,.T.);
#2659=ORIENTED_EDGE('',*,*,#1955,.T.);
#2660=ORIENTED_EDGE('',*,*,#2011,.T.);
#2661=ORIENTED_EDGE('',*,*,#1937,.T.);
#2662=ORIENTED_EDGE('',*,*,#2012,.F.);
#2663=ORIENTED_EDGE('',*,*,#2013,.F.);
#2664=ORIENTED_EDGE('',*,*,#2008,.F.);
#2665=ORIENTED_EDGE('',*,*,#1954,.T.);
#2666=ORIENTED_EDGE('',*,*,#2014,.T.);
#2667=ORIENTED_EDGE('',*,*,#2015,.F.);
#2668=ORIENTED_EDGE('',*,*,#2016,.T.);
#2669=ORIENTED_EDGE('',*,*,#1956,.T.);
#2670=ORIENTED_EDGE('',*,*,#2010,.F.);
#2671=ORIENTED_EDGE('',*,*,#2017,.F.);
#2672=ORIENTED_EDGE('',*,*,#2011,.F.);
#2673=ORIENTED_EDGE('',*,*,#2018,.F.);
#2674=ORIENTED_EDGE('',*,*,#2019,.T.);
#2675=ORIENTED_EDGE('',*,*,#1938,.T.);
#2676=ORIENTED_EDGE('',*,*,#2014,.F.);
#2677=ORIENTED_EDGE('',*,*,#1953,.T.);
#2678=ORIENTED_EDGE('',*,*,#2020,.T.);
#2679=ORIENTED_EDGE('',*,*,#2021,.F.);
#2680=ORIENTED_EDGE('',*,*,#2022,.T.);
#2681=ORIENTED_EDGE('',*,*,#1947,.T.);
#2682=ORIENTED_EDGE('',*,*,#2023,.T.);
#2683=ORIENTED_EDGE('',*,*,#2024,.F.);
#2684=ORIENTED_EDGE('',*,*,#2019,.F.);
#2685=ORIENTED_EDGE('',*,*,#2025,.F.);
#2686=ORIENTED_EDGE('',*,*,#2026,.T.);
#2687=ORIENTED_EDGE('',*,*,#1939,.T.);
#2688=ORIENTED_EDGE('',*,*,#2022,.F.);
#2689=ORIENTED_EDGE('',*,*,#2027,.F.);
#2690=ORIENTED_EDGE('',*,*,#2028,.T.);
#2691=ORIENTED_EDGE('',*,*,#1948,.T.);
#2692=ORIENTED_EDGE('',*,*,#2029,.F.);
#2693=ORIENTED_EDGE('',*,*,#2030,.T.);
#2694=ORIENTED_EDGE('',*,*,#1980,.T.);
#2695=ORIENTED_EDGE('',*,*,#2031,.F.);
#2696=ORIENTED_EDGE('',*,*,#2032,.F.);
#2697=ORIENTED_EDGE('',*,*,#2033,.T.);
#2698=ORIENTED_EDGE('',*,*,#1978,.T.);
#2699=ORIENTED_EDGE('',*,*,#2034,.F.);
#2700=ORIENTED_EDGE('',*,*,#2035,.T.);
#2701=ORIENTED_EDGE('',*,*,#2036,.F.);
#2702=ORIENTED_EDGE('',*,*,#2037,.T.);
#2703=ORIENTED_EDGE('',*,*,#1970,.T.);
#2704=ORIENTED_EDGE('',*,*,#2038,.T.);
#2705=ORIENTED_EDGE('',*,*,#1973,.T.);
#2706=ORIENTED_EDGE('',*,*,#2039,.F.);
#2707=ORIENTED_EDGE('',*,*,#2040,.F.);
#2708=ORIENTED_EDGE('',*,*,#2041,.T.);
#2709=ORIENTED_EDGE('',*,*,#1942,.T.);
#2710=ORIENTED_EDGE('',*,*,#2042,.F.);
#2711=ORIENTED_EDGE('',*,*,#2043,.F.);
#2712=ORIENTED_EDGE('',*,*,#1964,.T.);
#2713=ORIENTED_EDGE('',*,*,#2007,.F.);
#2714=ORIENTED_EDGE('',*,*,#2044,.F.);
#2715=ORIENTED_EDGE('',*,*,#2045,.F.);
#2716=ORIENTED_EDGE('',*,*,#2046,.F.);
#2717=ORIENTED_EDGE('',*,*,#2047,.T.);
#2718=ORIENTED_EDGE('',*,*,#1967,.F.);
#2719=ORIENTED_EDGE('',*,*,#2048,.F.);
#2720=ORIENTED_EDGE('',*,*,#2049,.F.);
#2721=ORIENTED_EDGE('',*,*,#2050,.F.);
#2722=ORIENTED_EDGE('',*,*,#1965,.F.);
#2723=ORIENTED_EDGE('',*,*,#2045,.T.);
#2724=ORIENTED_EDGE('',*,*,#2051,.F.);
#2725=ORIENTED_EDGE('',*,*,#2048,.T.);
#2726=ORIENTED_EDGE('',*,*,#1966,.F.);
#2727=ORIENTED_EDGE('',*,*,#2050,.T.);
#2728=ORIENTED_EDGE('',*,*,#1995,.F.);
#2729=ORIENTED_EDGE('',*,*,#2052,.F.);
#2730=ORIENTED_EDGE('',*,*,#1989,.F.);
#2731=ORIENTED_EDGE('',*,*,#2053,.F.);
#2732=ORIENTED_EDGE('',*,*,#2054,.T.);
#2733=ORIENTED_EDGE('',*,*,#2055,.T.);
#2734=ORIENTED_EDGE('',*,*,#1996,.F.);
#2735=ORIENTED_EDGE('',*,*,#2053,.T.);
#2736=ORIENTED_EDGE('',*,*,#1988,.F.);
#2737=ORIENTED_EDGE('',*,*,#2023,.F.);
#2738=ORIENTED_EDGE('',*,*,#1946,.T.);
#2739=ORIENTED_EDGE('',*,*,#2056,.F.);
#2740=ORIENTED_EDGE('',*,*,#2057,.F.);
#2741=ORIENTED_EDGE('',*,*,#2058,.F.);
#2742=ORIENTED_EDGE('',*,*,#2056,.T.);
#2743=ORIENTED_EDGE('',*,*,#1945,.T.);
#2744=ORIENTED_EDGE('',*,*,#2059,.F.);
#2745=ORIENTED_EDGE('',*,*,#2060,.F.);
#2746=ORIENTED_EDGE('',*,*,#2059,.T.);
#2747=ORIENTED_EDGE('',*,*,#1944,.T.);
#2748=ORIENTED_EDGE('',*,*,#2061,.F.);
#2749=ORIENTED_EDGE('',*,*,#2041,.F.);
#2750=ORIENTED_EDGE('',*,*,#2062,.F.);
#2751=ORIENTED_EDGE('',*,*,#2061,.T.);
#2752=ORIENTED_EDGE('',*,*,#1943,.T.);
#2753=ORIENTED_EDGE('',*,*,#2063,.F.);
#2754=ORIENTED_EDGE('',*,*,#2064,.T.);
#2755=ORIENTED_EDGE('',*,*,#1975,.T.);
#2756=ORIENTED_EDGE('',*,*,#2065,.F.);
#2757=ORIENTED_EDGE('',*,*,#2038,.F.);
#2758=ORIENTED_EDGE('',*,*,#2066,.F.);
#2759=ORIENTED_EDGE('',*,*,#2065,.T.);
#2760=ORIENTED_EDGE('',*,*,#1974,.T.);
#2761=ORIENTED_EDGE('',*,*,#2035,.F.);
#2762=ORIENTED_EDGE('',*,*,#1977,.T.);
#2763=ORIENTED_EDGE('',*,*,#2067,.F.);
#2764=ORIENTED_EDGE('',*,*,#2068,.F.);
#2765=ORIENTED_EDGE('',*,*,#2069,.F.);
#2766=ORIENTED_EDGE('',*,*,#2067,.T.);
#2767=ORIENTED_EDGE('',*,*,#1976,.T.);
#2768=ORIENTED_EDGE('',*,*,#2064,.F.);
#2769=ORIENTED_EDGE('',*,*,#2070,.F.);
#2770=ORIENTED_EDGE('',*,*,#2039,.T.);
#2771=ORIENTED_EDGE('',*,*,#1972,.T.);
#2772=ORIENTED_EDGE('',*,*,#2071,.F.);
#2773=ORIENTED_EDGE('',*,*,#2072,.F.);
#2774=ORIENTED_EDGE('',*,*,#2071,.T.);
#2775=ORIENTED_EDGE('',*,*,#1971,.T.);
#2776=ORIENTED_EDGE('',*,*,#2037,.F.);
#2777=ORIENTED_EDGE('',*,*,#2073,.F.);
#2778=ORIENTED_EDGE('',*,*,#2031,.T.);
#2779=ORIENTED_EDGE('',*,*,#1979,.T.);
#2780=ORIENTED_EDGE('',*,*,#2033,.F.);
#2781=ORIENTED_EDGE('',*,*,#1986,.T.);
#2782=ORIENTED_EDGE('',*,*,#2074,.T.);
#2783=ORIENTED_EDGE('',*,*,#2075,.F.);
#2784=ORIENTED_EDGE('',*,*,#2074,.F.);
#2785=ORIENTED_EDGE('',*,*,#2076,.F.);
#2786=ORIENTED_EDGE('',*,*,#2034,.T.);
#2787=ORIENTED_EDGE('',*,*,#1981,.T.);
#2788=ORIENTED_EDGE('',*,*,#2030,.F.);
#2789=ORIENTED_EDGE('',*,*,#2077,.F.);
#2790=ORIENTED_EDGE('',*,*,#2078,.T.);
#2791=ORIENTED_EDGE('',*,*,#1949,.T.);
#2792=ORIENTED_EDGE('',*,*,#2028,.F.);
#2793=ORIENTED_EDGE('',*,*,#2020,.F.);
#2794=ORIENTED_EDGE('',*,*,#1952,.T.);
#2795=ORIENTED_EDGE('',*,*,#2079,.F.);
#2796=ORIENTED_EDGE('',*,*,#2080,.F.);
#2797=ORIENTED_EDGE('',*,*,#2081,.F.);
#2798=ORIENTED_EDGE('',*,*,#2079,.T.);
#2799=ORIENTED_EDGE('',*,*,#1951,.T.);
#2800=ORIENTED_EDGE('',*,*,#2082,.F.);
#2801=ORIENTED_EDGE('',*,*,#2083,.F.);
#2802=ORIENTED_EDGE('',*,*,#2082,.T.);
#2803=ORIENTED_EDGE('',*,*,#1950,.T.);
#2804=ORIENTED_EDGE('',*,*,#2078,.F.);
#2805=ORIENTED_EDGE('',*,*,#2084,.F.);
#2806=ORIENTED_EDGE('',*,*,#2042,.T.);
#2807=ORIENTED_EDGE('',*,*,#1941,.T.);
#2808=ORIENTED_EDGE('',*,*,#2085,.F.);
#2809=ORIENTED_EDGE('',*,*,#2086,.F.);
#2810=ORIENTED_EDGE('',*,*,#2085,.T.);
#2811=ORIENTED_EDGE('',*,*,#1940,.T.);
#2812=ORIENTED_EDGE('',*,*,#2026,.F.);
#2813=ORIENTED_EDGE('',*,*,#2087,.F.);
#2814=ORIENTED_EDGE('',*,*,#2088,.T.);
#2815=ORIENTED_EDGE('',*,*,#1982,.T.);
#2816=ORIENTED_EDGE('',*,*,#2089,.F.);
#2817=ORIENTED_EDGE('',*,*,#2090,.F.);
#2818=ORIENTED_EDGE('',*,*,#2089,.T.);
#2819=ORIENTED_EDGE('',*,*,#1985,.T.);
#2820=ORIENTED_EDGE('',*,*,#2091,.F.);
#2821=ORIENTED_EDGE('',*,*,#2092,.F.);
#2822=ORIENTED_EDGE('',*,*,#2091,.T.);
#2823=ORIENTED_EDGE('',*,*,#1984,.T.);
#2824=ORIENTED_EDGE('',*,*,#2093,.F.);
#2825=ORIENTED_EDGE('',*,*,#2094,.F.);
#2826=ORIENTED_EDGE('',*,*,#2093,.T.);
#2827=ORIENTED_EDGE('',*,*,#1983,.T.);
#2828=ORIENTED_EDGE('',*,*,#2088,.F.);
#2829=ORIENTED_EDGE('',*,*,#2016,.F.);
#2830=ORIENTED_EDGE('',*,*,#2095,.F.);
#2831=ORIENTED_EDGE('',*,*,#2001,.F.);
#2832=ORIENTED_EDGE('',*,*,#1957,.T.);
#2833=ORIENTED_EDGE('',*,*,#2005,.F.);
#2834=ORIENTED_EDGE('',*,*,#1962,.T.);
#2835=ORIENTED_EDGE('',*,*,#2003,.F.);
#2836=ORIENTED_EDGE('',*,*,#2096,.F.);
#2837=ORIENTED_EDGE('',*,*,#1997,.F.);
#2838=ORIENTED_EDGE('',*,*,#1959,.T.);
#2839=ORIENTED_EDGE('',*,*,#2000,.F.);
#2840=ORIENTED_EDGE('',*,*,#2097,.F.);
#2841=ORIENTED_EDGE('',*,*,#2098,.F.);
#2842=ORIENTED_EDGE('',*,*,#1993,.T.);
#2843=ORIENTED_EDGE('',*,*,#1968,.T.);
#2844=ORIENTED_EDGE('',*,*,#2047,.F.);
#2845=ORIENTED_EDGE('',*,*,#2099,.F.);
#2846=ORIENTED_EDGE('',*,*,#2012,.T.);
#2847=ORIENTED_EDGE('',*,*,#1936,.T.);
#2848=ORIENTED_EDGE('',*,*,#1991,.F.);
#2849=ORIENTED_EDGE('',*,*,#2087,.T.);
#2850=ORIENTED_EDGE('',*,*,#2090,.T.);
#2851=ORIENTED_EDGE('',*,*,#2092,.T.);
#2852=ORIENTED_EDGE('',*,*,#2094,.T.);
#2853=ORIENTED_EDGE('',*,*,#2100,.T.);
#2854=ORIENTED_EDGE('',*,*,#2101,.T.);
#2855=ORIENTED_EDGE('',*,*,#2102,.T.);
#2856=ORIENTED_EDGE('',*,*,#2103,.T.);
#2857=ORIENTED_EDGE('',*,*,#2075,.T.);
#2858=ORIENTED_EDGE('',*,*,#2104,.T.);
#2859=ORIENTED_EDGE('',*,*,#2063,.T.);
#2860=ORIENTED_EDGE('',*,*,#2066,.T.);
#2861=ORIENTED_EDGE('',*,*,#2040,.T.);
#2862=ORIENTED_EDGE('',*,*,#2070,.T.);
#2863=ORIENTED_EDGE('',*,*,#2072,.T.);
#2864=ORIENTED_EDGE('',*,*,#2036,.T.);
#2865=ORIENTED_EDGE('',*,*,#2068,.T.);
#2866=ORIENTED_EDGE('',*,*,#2069,.T.);
#2867=ORIENTED_EDGE('',*,*,#2105,.T.);
#2868=ORIENTED_EDGE('',*,*,#2106,.T.);
#2869=ORIENTED_EDGE('',*,*,#2107,.T.);
#2870=ORIENTED_EDGE('',*,*,#2108,.T.);
#2871=ORIENTED_EDGE('',*,*,#2109,.T.);
#2872=ORIENTED_EDGE('',*,*,#2110,.T.);
#2873=ORIENTED_EDGE('',*,*,#2111,.T.);
#2874=ORIENTED_EDGE('',*,*,#2112,.T.);
#2875=ORIENTED_EDGE('',*,*,#2032,.T.);
#2876=ORIENTED_EDGE('',*,*,#2076,.T.);
#2877=ORIENTED_EDGE('',*,*,#2029,.T.);
#2878=ORIENTED_EDGE('',*,*,#2073,.T.);
#2879=ORIENTED_EDGE('',*,*,#2113,.T.);
#2880=ORIENTED_EDGE('',*,*,#2114,.T.);
#2881=ORIENTED_EDGE('',*,*,#2115,.T.);
#2882=ORIENTED_EDGE('',*,*,#2116,.T.);
#2883=ORIENTED_EDGE('',*,*,#2117,.T.);
#2884=ORIENTED_EDGE('',*,*,#2118,.T.);
#2885=ORIENTED_EDGE('',*,*,#2119,.T.);
#2886=ORIENTED_EDGE('',*,*,#2120,.T.);
#2887=ORIENTED_EDGE('',*,*,#2121,.F.);
#2888=ORIENTED_EDGE('',*,*,#2122,.T.);
#2889=ORIENTED_EDGE('',*,*,#2123,.T.);
#2890=ORIENTED_EDGE('',*,*,#2124,.F.);
#2891=ORIENTED_EDGE('',*,*,#2125,.F.);
#2892=ORIENTED_EDGE('',*,*,#2126,.T.);
#2893=ORIENTED_EDGE('',*,*,#2127,.T.);
#2894=ORIENTED_EDGE('',*,*,#2122,.F.);
#2895=ORIENTED_EDGE('',*,*,#2128,.F.);
#2896=ORIENTED_EDGE('',*,*,#2129,.T.);
#2897=ORIENTED_EDGE('',*,*,#2130,.T.);
#2898=ORIENTED_EDGE('',*,*,#2126,.F.);
#2899=ORIENTED_EDGE('',*,*,#2131,.F.);
#2900=ORIENTED_EDGE('',*,*,#2124,.T.);
#2901=ORIENTED_EDGE('',*,*,#2132,.T.);
#2902=ORIENTED_EDGE('',*,*,#2129,.F.);
#2903=ORIENTED_EDGE('',*,*,#2132,.F.);
#2904=ORIENTED_EDGE('',*,*,#2123,.F.);
#2905=ORIENTED_EDGE('',*,*,#2127,.F.);
#2906=ORIENTED_EDGE('',*,*,#2130,.F.);
#2907=ORIENTED_EDGE('',*,*,#2133,.F.);
#2908=ORIENTED_EDGE('',*,*,#2134,.T.);
#2909=ORIENTED_EDGE('',*,*,#2054,.F.);
#2910=ORIENTED_EDGE('',*,*,#1987,.F.);
#2911=ORIENTED_EDGE('',*,*,#1934,.F.);
#2912=ORIENTED_EDGE('',*,*,#2135,.T.);
#2913=ORIENTED_EDGE('',*,*,#2136,.F.);
#2914=ORIENTED_EDGE('',*,*,#2135,.F.);
#2915=ORIENTED_EDGE('',*,*,#1933,.F.);
#2916=ORIENTED_EDGE('',*,*,#1992,.F.);
#2917=ORIENTED_EDGE('',*,*,#2055,.F.);
#2918=ORIENTED_EDGE('',*,*,#2134,.F.);
#2919=ORIENTED_EDGE('',*,*,#2137,.F.);
#2920=ORIENTED_EDGE('',*,*,#2138,.T.);
#2921=ORIENTED_EDGE('',*,*,#2139,.F.);
#2922=ORIENTED_EDGE('',*,*,#2140,.F.);
#2923=ORIENTED_EDGE('',*,*,#2141,.F.);
#2924=ORIENTED_EDGE('',*,*,#2142,.T.);
#2925=ORIENTED_EDGE('',*,*,#2143,.F.);
#2926=ORIENTED_EDGE('',*,*,#2138,.F.);
#2927=ORIENTED_EDGE('',*,*,#2144,.F.);
#2928=ORIENTED_EDGE('',*,*,#2145,.T.);
#2929=ORIENTED_EDGE('',*,*,#2146,.F.);
#2930=ORIENTED_EDGE('',*,*,#2142,.F.);
#2931=ORIENTED_EDGE('',*,*,#2147,.F.);
#2932=ORIENTED_EDGE('',*,*,#2140,.T.);
#2933=ORIENTED_EDGE('',*,*,#2148,.F.);
#2934=ORIENTED_EDGE('',*,*,#2145,.F.);
#2935=ORIENTED_EDGE('',*,*,#2105,.F.);
#2936=ORIENTED_EDGE('',*,*,#2149,.T.);
#2937=ORIENTED_EDGE('',*,*,#2150,.F.);
#2938=ORIENTED_EDGE('',*,*,#2151,.F.);
#2939=ORIENTED_EDGE('',*,*,#2108,.F.);
#2940=ORIENTED_EDGE('',*,*,#2152,.T.);
#2941=ORIENTED_EDGE('',*,*,#2153,.F.);
#2942=ORIENTED_EDGE('',*,*,#2149,.F.);
#2943=ORIENTED_EDGE('',*,*,#2107,.F.);
#2944=ORIENTED_EDGE('',*,*,#2154,.T.);
#2945=ORIENTED_EDGE('',*,*,#2155,.F.);
#2946=ORIENTED_EDGE('',*,*,#2152,.F.);
#2947=ORIENTED_EDGE('',*,*,#2106,.F.);
#2948=ORIENTED_EDGE('',*,*,#2151,.T.);
#2949=ORIENTED_EDGE('',*,*,#2156,.F.);
#2950=ORIENTED_EDGE('',*,*,#2154,.F.);
#2951=ORIENTED_EDGE('',*,*,#2109,.F.);
#2952=ORIENTED_EDGE('',*,*,#2157,.T.);
#2953=ORIENTED_EDGE('',*,*,#2158,.F.);
#2954=ORIENTED_EDGE('',*,*,#2159,.F.);
#2955=ORIENTED_EDGE('',*,*,#2112,.F.);
#2956=ORIENTED_EDGE('',*,*,#2160,.T.);
#2957=ORIENTED_EDGE('',*,*,#2161,.F.);
#2958=ORIENTED_EDGE('',*,*,#2157,.F.);
#2959=ORIENTED_EDGE('',*,*,#2111,.F.);
#2960=ORIENTED_EDGE('',*,*,#2162,.T.);
#2961=ORIENTED_EDGE('',*,*,#2163,.F.);
#2962=ORIENTED_EDGE('',*,*,#2160,.F.);
#2963=ORIENTED_EDGE('',*,*,#2110,.F.);
#2964=ORIENTED_EDGE('',*,*,#2159,.T.);
#2965=ORIENTED_EDGE('',*,*,#2164,.F.);
#2966=ORIENTED_EDGE('',*,*,#2162,.F.);
#2967=ORIENTED_EDGE('',*,*,#2117,.F.);
#2968=ORIENTED_EDGE('',*,*,#2165,.T.);
#2969=ORIENTED_EDGE('',*,*,#2166,.F.);
#2970=ORIENTED_EDGE('',*,*,#2167,.F.);
#2971=ORIENTED_EDGE('',*,*,#2120,.F.);
#2972=ORIENTED_EDGE('',*,*,#2168,.T.);
#2973=ORIENTED_EDGE('',*,*,#2169,.F.);
#2974=ORIENTED_EDGE('',*,*,#2165,.F.);
#2975=ORIENTED_EDGE('',*,*,#2119,.F.);
#2976=ORIENTED_EDGE('',*,*,#2170,.T.);
#2977=ORIENTED_EDGE('',*,*,#2171,.F.);
#2978=ORIENTED_EDGE('',*,*,#2168,.F.);
#2979=ORIENTED_EDGE('',*,*,#2118,.F.);
#2980=ORIENTED_EDGE('',*,*,#2167,.T.);
#2981=ORIENTED_EDGE('',*,*,#2172,.F.);
#2982=ORIENTED_EDGE('',*,*,#2170,.F.);
#2983=ORIENTED_EDGE('',*,*,#2104,.F.);
#2984=ORIENTED_EDGE('',*,*,#2173,.T.);
#2985=ORIENTED_EDGE('',*,*,#2174,.F.);
#2986=ORIENTED_EDGE('',*,*,#2173,.F.);
#2987=ORIENTED_EDGE('',*,*,#2113,.F.);
#2988=ORIENTED_EDGE('',*,*,#2175,.T.);
#2989=ORIENTED_EDGE('',*,*,#2176,.F.);
#2990=ORIENTED_EDGE('',*,*,#2177,.F.);
#2991=ORIENTED_EDGE('',*,*,#2116,.F.);
#2992=ORIENTED_EDGE('',*,*,#2178,.T.);
#2993=ORIENTED_EDGE('',*,*,#2179,.F.);
#2994=ORIENTED_EDGE('',*,*,#2175,.F.);
#2995=ORIENTED_EDGE('',*,*,#2115,.F.);
#2996=ORIENTED_EDGE('',*,*,#2180,.T.);
#2997=ORIENTED_EDGE('',*,*,#2181,.F.);
#2998=ORIENTED_EDGE('',*,*,#2178,.F.);
#2999=ORIENTED_EDGE('',*,*,#2114,.F.);
#3000=ORIENTED_EDGE('',*,*,#2177,.T.);
#3001=ORIENTED_EDGE('',*,*,#2182,.F.);
#3002=ORIENTED_EDGE('',*,*,#2180,.F.);
#3003=ORIENTED_EDGE('',*,*,#2183,.F.);
#3004=ORIENTED_EDGE('',*,*,#2184,.T.);
#3005=ORIENTED_EDGE('',*,*,#2185,.F.);
#3006=ORIENTED_EDGE('',*,*,#2186,.F.);
#3007=ORIENTED_EDGE('',*,*,#2187,.F.);
#3008=ORIENTED_EDGE('',*,*,#2188,.T.);
#3009=ORIENTED_EDGE('',*,*,#2189,.F.);
#3010=ORIENTED_EDGE('',*,*,#2184,.F.);
#3011=ORIENTED_EDGE('',*,*,#2190,.F.);
#3012=ORIENTED_EDGE('',*,*,#2191,.T.);
#3013=ORIENTED_EDGE('',*,*,#2192,.F.);
#3014=ORIENTED_EDGE('',*,*,#2188,.F.);
#3015=ORIENTED_EDGE('',*,*,#2193,.F.);
#3016=ORIENTED_EDGE('',*,*,#2186,.T.);
#3017=ORIENTED_EDGE('',*,*,#2194,.F.);
#3018=ORIENTED_EDGE('',*,*,#2191,.F.);
#3019=ORIENTED_EDGE('',*,*,#2195,.F.);
#3020=ORIENTED_EDGE('',*,*,#2196,.T.);
#3021=ORIENTED_EDGE('',*,*,#2197,.F.);
#3022=ORIENTED_EDGE('',*,*,#2198,.F.);
#3023=ORIENTED_EDGE('',*,*,#2199,.F.);
#3024=ORIENTED_EDGE('',*,*,#2200,.T.);
#3025=ORIENTED_EDGE('',*,*,#2201,.F.);
#3026=ORIENTED_EDGE('',*,*,#2196,.F.);
#3027=ORIENTED_EDGE('',*,*,#2202,.F.);
#3028=ORIENTED_EDGE('',*,*,#2203,.T.);
#3029=ORIENTED_EDGE('',*,*,#2204,.F.);
#3030=ORIENTED_EDGE('',*,*,#2200,.F.);
#3031=ORIENTED_EDGE('',*,*,#2205,.F.);
#3032=ORIENTED_EDGE('',*,*,#2198,.T.);
#3033=ORIENTED_EDGE('',*,*,#2206,.F.);
#3034=ORIENTED_EDGE('',*,*,#2203,.F.);
#3035=ORIENTED_EDGE('',*,*,#2100,.F.);
#3036=ORIENTED_EDGE('',*,*,#2207,.T.);
#3037=ORIENTED_EDGE('',*,*,#2208,.F.);
#3038=ORIENTED_EDGE('',*,*,#2209,.F.);
#3039=ORIENTED_EDGE('',*,*,#2103,.F.);
#3040=ORIENTED_EDGE('',*,*,#2210,.T.);
#3041=ORIENTED_EDGE('',*,*,#2211,.F.);
#3042=ORIENTED_EDGE('',*,*,#2207,.F.);
#3043=ORIENTED_EDGE('',*,*,#2102,.F.);
#3044=ORIENTED_EDGE('',*,*,#2212,.T.);
#3045=ORIENTED_EDGE('',*,*,#2213,.F.);
#3046=ORIENTED_EDGE('',*,*,#2210,.F.);
#3047=ORIENTED_EDGE('',*,*,#2101,.F.);
#3048=ORIENTED_EDGE('',*,*,#2209,.T.);
#3049=ORIENTED_EDGE('',*,*,#2214,.F.);
#3050=ORIENTED_EDGE('',*,*,#2212,.F.);
#3051=ORIENTED_EDGE('',*,*,#2215,.F.);
#3052=ORIENTED_EDGE('',*,*,#2216,.T.);
#3053=ORIENTED_EDGE('',*,*,#2217,.F.);
#3054=ORIENTED_EDGE('',*,*,#2216,.F.);
#3055=ORIENTED_EDGE('',*,*,#2218,.F.);
#3056=ORIENTED_EDGE('',*,*,#2219,.T.);
#3057=ORIENTED_EDGE('',*,*,#2220,.F.);
#3058=ORIENTED_EDGE('',*,*,#2219,.F.);
#3059=ORIENTED_EDGE('',*,*,#2221,.F.);
#3060=ORIENTED_EDGE('',*,*,#2222,.T.);
#3061=ORIENTED_EDGE('',*,*,#2223,.F.);
#3062=ORIENTED_EDGE('',*,*,#2222,.F.);
#3063=ORIENTED_EDGE('',*,*,#2224,.F.);
#3064=ORIENTED_EDGE('',*,*,#2225,.T.);
#3065=ORIENTED_EDGE('',*,*,#2226,.F.);
#3066=ORIENTED_EDGE('',*,*,#2225,.F.);
#3067=ORIENTED_EDGE('',*,*,#2227,.T.);
#3068=ORIENTED_EDGE('',*,*,#2228,.T.);
#3069=ORIENTED_EDGE('',*,*,#2229,.T.);
#3070=ORIENTED_EDGE('',*,*,#2230,.T.);
#3071=ORIENTED_EDGE('',*,*,#2231,.T.);
#3072=ORIENTED_EDGE('',*,*,#2232,.T.);
#3073=ORIENTED_EDGE('',*,*,#2233,.T.);
#3074=ORIENTED_EDGE('',*,*,#2234,.T.);
#3075=ORIENTED_EDGE('',*,*,#1786,.T.);
#3076=ORIENTED_EDGE('',*,*,#1790,.T.);
#3077=ORIENTED_EDGE('',*,*,#1793,.T.);
#3078=ORIENTED_EDGE('',*,*,#1796,.T.);
#3079=ORIENTED_EDGE('',*,*,#1799,.T.);
#3080=ORIENTED_EDGE('',*,*,#1802,.T.);
#3081=ORIENTED_EDGE('',*,*,#1805,.T.);
#3082=ORIENTED_EDGE('',*,*,#1808,.T.);
#3083=ORIENTED_EDGE('',*,*,#1811,.T.);
#3084=ORIENTED_EDGE('',*,*,#2136,.T.);
#3085=ORIENTED_EDGE('',*,*,#2150,.T.);
#3086=ORIENTED_EDGE('',*,*,#2153,.T.);
#3087=ORIENTED_EDGE('',*,*,#2155,.T.);
#3088=ORIENTED_EDGE('',*,*,#2156,.T.);
#3089=ORIENTED_EDGE('',*,*,#2166,.T.);
#3090=ORIENTED_EDGE('',*,*,#2169,.T.);
#3091=ORIENTED_EDGE('',*,*,#2171,.T.);
#3092=ORIENTED_EDGE('',*,*,#2172,.T.);
#3093=ORIENTED_EDGE('',*,*,#2176,.T.);
#3094=ORIENTED_EDGE('',*,*,#2179,.T.);
#3095=ORIENTED_EDGE('',*,*,#2181,.T.);
#3096=ORIENTED_EDGE('',*,*,#2182,.T.);
#3097=ORIENTED_EDGE('',*,*,#2185,.T.);
#3098=ORIENTED_EDGE('',*,*,#2189,.T.);
#3099=ORIENTED_EDGE('',*,*,#2192,.T.);
#3100=ORIENTED_EDGE('',*,*,#2194,.T.);
#3101=ORIENTED_EDGE('',*,*,#2197,.T.);
#3102=ORIENTED_EDGE('',*,*,#2201,.T.);
#3103=ORIENTED_EDGE('',*,*,#2204,.T.);
#3104=ORIENTED_EDGE('',*,*,#2206,.T.);
#3105=ORIENTED_EDGE('',*,*,#2208,.T.);
#3106=ORIENTED_EDGE('',*,*,#2211,.T.);
#3107=ORIENTED_EDGE('',*,*,#2213,.T.);
#3108=ORIENTED_EDGE('',*,*,#2214,.T.);
#3109=ORIENTED_EDGE('',*,*,#2224,.T.);
#3110=ORIENTED_EDGE('',*,*,#2221,.T.);
#3111=ORIENTED_EDGE('',*,*,#2218,.T.);
#3112=ORIENTED_EDGE('',*,*,#2215,.T.);
#3113=ORIENTED_EDGE('',*,*,#2174,.T.);
#3114=ORIENTED_EDGE('',*,*,#2158,.T.);
#3115=ORIENTED_EDGE('',*,*,#2161,.T.);
#3116=ORIENTED_EDGE('',*,*,#2163,.T.);
#3117=ORIENTED_EDGE('',*,*,#2164,.T.);
#3118=ORIENTED_EDGE('',*,*,#2139,.T.);
#3119=ORIENTED_EDGE('',*,*,#2143,.T.);
#3120=ORIENTED_EDGE('',*,*,#2146,.T.);
#3121=ORIENTED_EDGE('',*,*,#2148,.T.);
#3122=ORIENTED_EDGE('',*,*,#1837,.T.);
#3123=ORIENTED_EDGE('',*,*,#1841,.T.);
#3124=ORIENTED_EDGE('',*,*,#1844,.T.);
#3125=ORIENTED_EDGE('',*,*,#1847,.T.);
#3126=ORIENTED_EDGE('',*,*,#1850,.T.);
#3127=ORIENTED_EDGE('',*,*,#1853,.T.);
#3128=ORIENTED_EDGE('',*,*,#1856,.T.);
#3129=ORIENTED_EDGE('',*,*,#1859,.T.);
#3130=ORIENTED_EDGE('',*,*,#1862,.T.);
#3131=ORIENTED_EDGE('',*,*,#1865,.T.);
#3132=ORIENTED_EDGE('',*,*,#1868,.T.);
#3133=ORIENTED_EDGE('',*,*,#1871,.T.);
#3134=ORIENTED_EDGE('',*,*,#1874,.T.);
#3135=ORIENTED_EDGE('',*,*,#1877,.T.);
#3136=ORIENTED_EDGE('',*,*,#1880,.T.);
#3137=ORIENTED_EDGE('',*,*,#1883,.T.);
#3138=ORIENTED_EDGE('',*,*,#1886,.T.);
#3139=ORIENTED_EDGE('',*,*,#1889,.T.);
#3140=ORIENTED_EDGE('',*,*,#1892,.T.);
#3141=ORIENTED_EDGE('',*,*,#1895,.T.);
#3142=ORIENTED_EDGE('',*,*,#1898,.T.);
#3143=ORIENTED_EDGE('',*,*,#1901,.T.);
#3144=ORIENTED_EDGE('',*,*,#1904,.T.);
#3145=ORIENTED_EDGE('',*,*,#1907,.T.);
#3146=ORIENTED_EDGE('',*,*,#1910,.T.);
#3147=ORIENTED_EDGE('',*,*,#1913,.T.);
#3148=ORIENTED_EDGE('',*,*,#1916,.T.);
#3149=ORIENTED_EDGE('',*,*,#1919,.T.);
#3150=ORIENTED_EDGE('',*,*,#1922,.T.);
#3151=ORIENTED_EDGE('',*,*,#1925,.T.);
#3152=ORIENTED_EDGE('',*,*,#1928,.T.);
#3153=ORIENTED_EDGE('',*,*,#1931,.T.);
#3154=ORIENTED_EDGE('',*,*,#1744,.T.);
#3155=ORIENTED_EDGE('',*,*,#1748,.T.);
#3156=ORIENTED_EDGE('',*,*,#1751,.T.);
#3157=ORIENTED_EDGE('',*,*,#1754,.T.);
#3158=ORIENTED_EDGE('',*,*,#1757,.T.);
#3159=ORIENTED_EDGE('',*,*,#1760,.T.);
#3160=ORIENTED_EDGE('',*,*,#1763,.T.);
#3161=ORIENTED_EDGE('',*,*,#1766,.T.);
#3162=ORIENTED_EDGE('',*,*,#1769,.T.);
#3163=ORIENTED_EDGE('',*,*,#1772,.T.);
#3164=ORIENTED_EDGE('',*,*,#1775,.T.);
#3165=ORIENTED_EDGE('',*,*,#1778,.T.);
#3166=ORIENTED_EDGE('',*,*,#1781,.T.);
#3167=ORIENTED_EDGE('',*,*,#1784,.T.);
#3168=ORIENTED_EDGE('',*,*,#2235,.F.);
#3169=ORIENTED_EDGE('',*,*,#2236,.T.);
#3170=ORIENTED_EDGE('',*,*,#2234,.F.);
#3171=ORIENTED_EDGE('',*,*,#2237,.F.);
#3172=ORIENTED_EDGE('',*,*,#2238,.F.);
#3173=ORIENTED_EDGE('',*,*,#2237,.T.);
#3174=ORIENTED_EDGE('',*,*,#2233,.F.);
#3175=ORIENTED_EDGE('',*,*,#2239,.F.);
#3176=ORIENTED_EDGE('',*,*,#2240,.T.);
#3177=ORIENTED_EDGE('',*,*,#2239,.T.);
#3178=ORIENTED_EDGE('',*,*,#2232,.F.);
#3179=ORIENTED_EDGE('',*,*,#2241,.F.);
#3180=ORIENTED_EDGE('',*,*,#2242,.F.);
#3181=ORIENTED_EDGE('',*,*,#2241,.T.);
#3182=ORIENTED_EDGE('',*,*,#2231,.F.);
#3183=ORIENTED_EDGE('',*,*,#2243,.F.);
#3184=ORIENTED_EDGE('',*,*,#2121,.T.);
#3185=ORIENTED_EDGE('',*,*,#2131,.T.);
#3186=ORIENTED_EDGE('',*,*,#2128,.T.);
#3187=ORIENTED_EDGE('',*,*,#2125,.T.);
#3188=ORIENTED_EDGE('',*,*,#2244,.T.);
#3189=ORIENTED_EDGE('',*,*,#2243,.T.);
#3190=ORIENTED_EDGE('',*,*,#2230,.F.);
#3191=ORIENTED_EDGE('',*,*,#2245,.F.);
#3192=ORIENTED_EDGE('',*,*,#2246,.F.);
#3193=ORIENTED_EDGE('',*,*,#2245,.T.);
#3194=ORIENTED_EDGE('',*,*,#2229,.F.);
#3195=ORIENTED_EDGE('',*,*,#2247,.F.);
#3196=ORIENTED_EDGE('',*,*,#2248,.T.);
#3197=ORIENTED_EDGE('',*,*,#2247,.T.);
#3198=ORIENTED_EDGE('',*,*,#2228,.F.);
#3199=ORIENTED_EDGE('',*,*,#2249,.F.);
#3200=ORIENTED_EDGE('',*,*,#2250,.F.);
#3201=ORIENTED_EDGE('',*,*,#2249,.T.);
#3202=ORIENTED_EDGE('',*,*,#2227,.F.);
#3203=ORIENTED_EDGE('',*,*,#2236,.F.);
#3204=ORIENTED_EDGE('',*,*,#2250,.T.);
#3205=ORIENTED_EDGE('',*,*,#2235,.T.);
#3206=ORIENTED_EDGE('',*,*,#2238,.T.);
#3207=ORIENTED_EDGE('',*,*,#2240,.F.);
#3208=ORIENTED_EDGE('',*,*,#2242,.T.);
#3209=ORIENTED_EDGE('',*,*,#2244,.F.);
#3210=ORIENTED_EDGE('',*,*,#2246,.T.);
#3211=ORIENTED_EDGE('',*,*,#2248,.F.);
#3212=ORIENTED_EDGE('',*,*,#2133,.T.);
#3213=ORIENTED_EDGE('',*,*,#2217,.T.);
#3214=ORIENTED_EDGE('',*,*,#2220,.T.);
#3215=ORIENTED_EDGE('',*,*,#2226,.T.);
#3216=ORIENTED_EDGE('',*,*,#2183,.T.);
#3217=ORIENTED_EDGE('',*,*,#2193,.T.);
#3218=ORIENTED_EDGE('',*,*,#2190,.T.);
#3219=ORIENTED_EDGE('',*,*,#2187,.T.);
#3220=ORIENTED_EDGE('',*,*,#2195,.T.);
#3221=ORIENTED_EDGE('',*,*,#2205,.T.);
#3222=ORIENTED_EDGE('',*,*,#2202,.T.);
#3223=ORIENTED_EDGE('',*,*,#2199,.T.);
#3224=ORIENTED_EDGE('',*,*,#2223,.T.);
#3225=ORIENTED_EDGE('',*,*,#2137,.T.);
#3226=ORIENTED_EDGE('',*,*,#2147,.T.);
#3227=ORIENTED_EDGE('',*,*,#2144,.T.);
#3228=ORIENTED_EDGE('',*,*,#2141,.T.);
#3229=ORIENTED_EDGE('',*,*,#2046,.T.);
#3230=ORIENTED_EDGE('',*,*,#2051,.T.);
#3231=ORIENTED_EDGE('',*,*,#2049,.T.);
#3232=ORIENTED_EDGE('',*,*,#2044,.T.);
#3233=ORIENTED_EDGE('',*,*,#2006,.T.);
#3234=ORIENTED_EDGE('',*,*,#2096,.T.);
#3235=ORIENTED_EDGE('',*,*,#2004,.T.);
#3236=ORIENTED_EDGE('',*,*,#1998,.T.);
#3237=ORIENTED_EDGE('',*,*,#2097,.T.);
#3238=ORIENTED_EDGE('',*,*,#2002,.T.);
#3239=ORIENTED_EDGE('',*,*,#2095,.T.);
#3240=ORIENTED_EDGE('',*,*,#2017,.T.);
#3241=ORIENTED_EDGE('',*,*,#2009,.T.);
#3242=ORIENTED_EDGE('',*,*,#2015,.T.);
#3243=ORIENTED_EDGE('',*,*,#2021,.T.);
#3244=ORIENTED_EDGE('',*,*,#2080,.T.);
#3245=ORIENTED_EDGE('',*,*,#2081,.T.);
#3246=ORIENTED_EDGE('',*,*,#2083,.T.);
#3247=ORIENTED_EDGE('',*,*,#2077,.T.);
#3248=ORIENTED_EDGE('',*,*,#2027,.T.);
#3249=ORIENTED_EDGE('',*,*,#2024,.T.);
#3250=ORIENTED_EDGE('',*,*,#2057,.T.);
#3251=ORIENTED_EDGE('',*,*,#2058,.T.);
#3252=ORIENTED_EDGE('',*,*,#2060,.T.);
#3253=ORIENTED_EDGE('',*,*,#2062,.T.);
#3254=ORIENTED_EDGE('',*,*,#2043,.T.);
#3255=ORIENTED_EDGE('',*,*,#2084,.T.);
#3256=ORIENTED_EDGE('',*,*,#2086,.T.);
#3257=ORIENTED_EDGE('',*,*,#2025,.T.);
#3258=ORIENTED_EDGE('',*,*,#2018,.T.);
#3259=ORIENTED_EDGE('',*,*,#2013,.T.);
#3260=ORIENTED_EDGE('',*,*,#2099,.T.);
#3261=ORIENTED_EDGE('',*,*,#1990,.T.);
#3262=ORIENTED_EDGE('',*,*,#2052,.T.);
#3263=ORIENTED_EDGE('',*,*,#1994,.T.);
#3264=ORIENTED_EDGE('',*,*,#2098,.T.);
#3265=(
BOUNDED_SURFACE()
B_SPLINE_SURFACE(3,1,((#4353,#4354),(#4355,#4356),(#4357,#4358),(#4359,
#4360)),.UNSPECIFIED.,.F.,.F.,.F.)
B_SPLINE_SURFACE_WITH_KNOTS((4,4),(2,2),(-1.,0.),(0.,0.04),
 .UNSPECIFIED.)
GEOMETRIC_REPRESENTATION_ITEM()
RATIONAL_B_SPLINE_SURFACE(((1.,1.),(1.,1.),(1.,1.),(1.,1.)))
REPRESENTATION_ITEM('')
SURFACE()
);
#3266=(
BOUNDED_SURFACE()
B_SPLINE_SURFACE(3,1,((#4375,#4376),(#4377,#4378),(#4379,#4380),(#4381,
#4382)),.UNSPECIFIED.,.F.,.F.,.F.)
B_SPLINE_SURFACE_WITH_KNOTS((4,4),(2,2),(-1.,0.),(0.,0.04),
 .UNSPECIFIED.)
GEOMETRIC_REPRESENTATION_ITEM()
RATIONAL_B_SPLINE_SURFACE(((1.,1.),(1.,1.),(1.,1.),(1.,1.)))
REPRESENTATION_ITEM('')
SURFACE()
);
#3267=(
BOUNDED_SURFACE()
B_SPLINE_SURFACE(3,1,((#4394,#4395),(#4396,#4397),(#4398,#4399),(#4400,
#4401)),.UNSPECIFIED.,.F.,.F.,.F.)
B_SPLINE_SURFACE_WITH_KNOTS((4,4),(2,2),(-1.,0.),(0.,0.04),
 .UNSPECIFIED.)
GEOMETRIC_REPRESENTATION_ITEM()
RATIONAL_B_SPLINE_SURFACE(((1.,1.),(1.,1.),(1.,1.),(1.,1.)))
REPRESENTATION_ITEM('')
SURFACE()
);
#3268=(
BOUNDED_SURFACE()
B_SPLINE_SURFACE(3,1,((#4413,#4414),(#4415,#4416),(#4417,#4418),(#4419,
#4420)),.UNSPECIFIED.,.F.,.F.,.F.)
B_SPLINE_SURFACE_WITH_KNOTS((4,4),(2,2),(-1.,0.),(0.,0.04),
 .UNSPECIFIED.)
GEOMETRIC_REPRESENTATION_ITEM()
RATIONAL_B_SPLINE_SURFACE(((1.,1.),(1.,1.),(1.,1.),(1.,1.)))
REPRESENTATION_ITEM('')
SURFACE()
);
#3269=(
BOUNDED_SURFACE()
B_SPLINE_SURFACE(3,1,((#4432,#4433),(#4434,#4435),(#4436,#4437),(#4438,
#4439)),.UNSPECIFIED.,.F.,.F.,.F.)
B_SPLINE_SURFACE_WITH_KNOTS((4,4),(2,2),(-1.,0.),(0.,0.04),
 .UNSPECIFIED.)
GEOMETRIC_REPRESENTATION_ITEM()
RATIONAL_B_SPLINE_SURFACE(((1.,1.),(1.,1.),(1.,1.),(1.,1.)))
REPRESENTATION_ITEM('')
SURFACE()
);
#3270=(
BOUNDED_SURFACE()
B_SPLINE_SURFACE(3,1,((#4451,#4452),(#4453,#4454),(#4455,#4456),(#4457,
#4458)),.UNSPECIFIED.,.F.,.F.,.F.)
B_SPLINE_SURFACE_WITH_KNOTS((4,4),(2,2),(-1.,0.),(0.,0.04),
 .UNSPECIFIED.)
GEOMETRIC_REPRESENTATION_ITEM()
RATIONAL_B_SPLINE_SURFACE(((1.,1.),(1.,1.),(1.,1.),(1.,1.)))
REPRESENTATION_ITEM('')
SURFACE()
);
#3271=(
BOUNDED_SURFACE()
B_SPLINE_SURFACE(3,1,((#4470,#4471),(#4472,#4473),(#4474,#4475),(#4476,
#4477)),.UNSPECIFIED.,.F.,.F.,.F.)
B_SPLINE_SURFACE_WITH_KNOTS((4,4),(2,2),(-1.,0.),(0.,0.04),
 .UNSPECIFIED.)
GEOMETRIC_REPRESENTATION_ITEM()
RATIONAL_B_SPLINE_SURFACE(((1.,1.),(1.,1.),(1.,1.),(1.,1.)))
REPRESENTATION_ITEM('')
SURFACE()
);
#3272=(
BOUNDED_SURFACE()
B_SPLINE_SURFACE(3,1,((#4489,#4490),(#4491,#4492),(#4493,#4494),(#4495,
#4496)),.UNSPECIFIED.,.F.,.F.,.F.)
B_SPLINE_SURFACE_WITH_KNOTS((4,4),(2,2),(-1.,0.),(0.,0.04),
 .UNSPECIFIED.)
GEOMETRIC_REPRESENTATION_ITEM()
RATIONAL_B_SPLINE_SURFACE(((1.,1.),(1.,1.),(1.,1.),(1.,1.)))
REPRESENTATION_ITEM('')
SURFACE()
);
#3273=(
BOUNDED_SURFACE()
B_SPLINE_SURFACE(3,1,((#4508,#4509),(#4510,#4511),(#4512,#4513),(#4514,
#4515)),.UNSPECIFIED.,.F.,.F.,.F.)
B_SPLINE_SURFACE_WITH_KNOTS((4,4),(2,2),(-1.,0.),(0.,0.04),
 .UNSPECIFIED.)
GEOMETRIC_REPRESENTATION_ITEM()
RATIONAL_B_SPLINE_SURFACE(((1.,1.),(1.,1.),(1.,1.),(1.,1.)))
REPRESENTATION_ITEM('')
SURFACE()
);
#3274=(
BOUNDED_SURFACE()
B_SPLINE_SURFACE(3,1,((#4527,#4528),(#4529,#4530),(#4531,#4532),(#4533,
#4534)),.UNSPECIFIED.,.F.,.F.,.F.)
B_SPLINE_SURFACE_WITH_KNOTS((4,4),(2,2),(-1.,0.),(0.,0.04),
 .UNSPECIFIED.)
GEOMETRIC_REPRESENTATION_ITEM()
RATIONAL_B_SPLINE_SURFACE(((1.,1.),(1.,1.),(1.,1.),(1.,1.)))
REPRESENTATION_ITEM('')
SURFACE()
);
#3275=(
BOUNDED_SURFACE()
B_SPLINE_SURFACE(3,1,((#4546,#4547),(#4548,#4549),(#4550,#4551),(#4552,
#4553)),.UNSPECIFIED.,.F.,.F.,.F.)
B_SPLINE_SURFACE_WITH_KNOTS((4,4),(2,2),(-1.,0.),(0.,0.04),
 .UNSPECIFIED.)
GEOMETRIC_REPRESENTATION_ITEM()
RATIONAL_B_SPLINE_SURFACE(((1.,1.),(1.,1.),(1.,1.),(1.,1.)))
REPRESENTATION_ITEM('')
SURFACE()
);
#3276=(
BOUNDED_SURFACE()
B_SPLINE_SURFACE(3,1,((#4565,#4566),(#4567,#4568),(#4569,#4570),(#4571,
#4572)),.UNSPECIFIED.,.F.,.F.,.F.)
B_SPLINE_SURFACE_WITH_KNOTS((4,4),(2,2),(-1.,0.),(0.,0.04),
 .UNSPECIFIED.)
GEOMETRIC_REPRESENTATION_ITEM()
RATIONAL_B_SPLINE_SURFACE(((1.,1.),(1.,1.),(1.,1.),(1.,1.)))
REPRESENTATION_ITEM('')
SURFACE()
);
#3277=(
BOUNDED_SURFACE()
B_SPLINE_SURFACE(3,1,((#4584,#4585),(#4586,#4587),(#4588,#4589),(#4590,
#4591)),.UNSPECIFIED.,.F.,.F.,.F.)
B_SPLINE_SURFACE_WITH_KNOTS((4,4),(2,2),(-1.,0.),(0.,0.04),
 .UNSPECIFIED.)
GEOMETRIC_REPRESENTATION_ITEM()
RATIONAL_B_SPLINE_SURFACE(((1.,1.),(1.,1.),(1.,1.),(1.,1.)))
REPRESENTATION_ITEM('')
SURFACE()
);
#3278=(
BOUNDED_SURFACE()
B_SPLINE_SURFACE(3,1,((#4603,#4604),(#4605,#4606),(#4607,#4608),(#4609,
#4610)),.UNSPECIFIED.,.F.,.F.,.F.)
B_SPLINE_SURFACE_WITH_KNOTS((4,4),(2,2),(-1.,0.),(0.,0.04),
 .UNSPECIFIED.)
GEOMETRIC_REPRESENTATION_ITEM()
RATIONAL_B_SPLINE_SURFACE(((1.,1.),(1.,1.),(1.,1.),(1.,1.)))
REPRESENTATION_ITEM('')
SURFACE()
);
#3279=(
BOUNDED_SURFACE()
B_SPLINE_SURFACE(3,1,((#4620,#4621),(#4622,#4623),(#4624,#4625),(#4626,
#4627)),.UNSPECIFIED.,.F.,.F.,.F.)
B_SPLINE_SURFACE_WITH_KNOTS((4,4),(2,2),(-1.,0.),(0.,0.04),
 .UNSPECIFIED.)
GEOMETRIC_REPRESENTATION_ITEM()
RATIONAL_B_SPLINE_SURFACE(((1.,1.),(1.,1.),(1.,1.),(1.,1.)))
REPRESENTATION_ITEM('')
SURFACE()
);
#3280=(
BOUNDED_SURFACE()
B_SPLINE_SURFACE(3,1,((#4642,#4643),(#4644,#4645),(#4646,#4647),(#4648,
#4649)),.UNSPECIFIED.,.F.,.F.,.F.)
B_SPLINE_SURFACE_WITH_KNOTS((4,4),(2,2),(-1.,0.),(0.,0.04),
 .UNSPECIFIED.)
GEOMETRIC_REPRESENTATION_ITEM()
RATIONAL_B_SPLINE_SURFACE(((1.,1.),(1.,1.),(1.,1.),(1.,1.)))
REPRESENTATION_ITEM('')
SURFACE()
);
#3281=(
BOUNDED_SURFACE()
B_SPLINE_SURFACE(3,1,((#4661,#4662),(#4663,#4664),(#4665,#4666),(#4667,
#4668)),.UNSPECIFIED.,.F.,.F.,.F.)
B_SPLINE_SURFACE_WITH_KNOTS((4,4),(2,2),(-1.,0.),(0.,0.04),
 .UNSPECIFIED.)
GEOMETRIC_REPRESENTATION_ITEM()
RATIONAL_B_SPLINE_SURFACE(((1.,1.),(1.,1.),(1.,1.),(1.,1.)))
REPRESENTATION_ITEM('')
SURFACE()
);
#3282=(
BOUNDED_SURFACE()
B_SPLINE_SURFACE(3,1,((#4680,#4681),(#4682,#4683),(#4684,#4685),(#4686,
#4687)),.UNSPECIFIED.,.F.,.F.,.F.)
B_SPLINE_SURFACE_WITH_KNOTS((4,4),(2,2),(-1.,0.),(0.,0.04),
 .UNSPECIFIED.)
GEOMETRIC_REPRESENTATION_ITEM()
RATIONAL_B_SPLINE_SURFACE(((1.,1.),(1.,1.),(1.,1.),(1.,1.)))
REPRESENTATION_ITEM('')
SURFACE()
);
#3283=(
BOUNDED_SURFACE()
B_SPLINE_SURFACE(3,1,((#4699,#4700),(#4701,#4702),(#4703,#4704),(#4705,
#4706)),.UNSPECIFIED.,.F.,.F.,.F.)
B_SPLINE_SURFACE_WITH_KNOTS((4,4),(2,2),(-1.,0.),(0.,0.04),
 .UNSPECIFIED.)
GEOMETRIC_REPRESENTATION_ITEM()
RATIONAL_B_SPLINE_SURFACE(((1.,1.),(1.,1.),(1.,1.),(1.,1.)))
REPRESENTATION_ITEM('')
SURFACE()
);
#3284=(
BOUNDED_SURFACE()
B_SPLINE_SURFACE(3,1,((#4718,#4719),(#4720,#4721),(#4722,#4723),(#4724,
#4725)),.UNSPECIFIED.,.F.,.F.,.F.)
B_SPLINE_SURFACE_WITH_KNOTS((4,4),(2,2),(-1.,0.),(0.,0.04),
 .UNSPECIFIED.)
GEOMETRIC_REPRESENTATION_ITEM()
RATIONAL_B_SPLINE_SURFACE(((1.,1.),(1.,1.),(1.,1.),(1.,1.)))
REPRESENTATION_ITEM('')
SURFACE()
);
#3285=(
BOUNDED_SURFACE()
B_SPLINE_SURFACE(3,1,((#4737,#4738),(#4739,#4740),(#4741,#4742),(#4743,
#4744)),.UNSPECIFIED.,.F.,.F.,.F.)
B_SPLINE_SURFACE_WITH_KNOTS((4,4),(2,2),(-1.,0.),(0.,0.04),
 .UNSPECIFIED.)
GEOMETRIC_REPRESENTATION_ITEM()
RATIONAL_B_SPLINE_SURFACE(((1.,1.),(1.,1.),(1.,1.),(1.,1.)))
REPRESENTATION_ITEM('')
SURFACE()
);
#3286=(
BOUNDED_SURFACE()
B_SPLINE_SURFACE(3,1,((#4756,#4757),(#4758,#4759),(#4760,#4761),(#4762,
#4763)),.UNSPECIFIED.,.F.,.F.,.F.)
B_SPLINE_SURFACE_WITH_KNOTS((4,4),(2,2),(-1.,0.),(0.,0.04),
 .UNSPECIFIED.)
GEOMETRIC_REPRESENTATION_ITEM()
RATIONAL_B_SPLINE_SURFACE(((1.,1.),(1.,1.),(1.,1.),(1.,1.)))
REPRESENTATION_ITEM('')
SURFACE()
);
#3287=(
BOUNDED_SURFACE()
B_SPLINE_SURFACE(3,1,((#4775,#4776),(#4777,#4778),(#4779,#4780),(#4781,
#4782)),.UNSPECIFIED.,.F.,.F.,.F.)
B_SPLINE_SURFACE_WITH_KNOTS((4,4),(2,2),(-1.,0.),(0.,0.04),
 .UNSPECIFIED.)
GEOMETRIC_REPRESENTATION_ITEM()
RATIONAL_B_SPLINE_SURFACE(((1.,1.),(1.,1.),(1.,1.),(1.,1.)))
REPRESENTATION_ITEM('')
SURFACE()
);
#3288=(
BOUNDED_SURFACE()
B_SPLINE_SURFACE(3,1,((#4792,#4793),(#4794,#4795),(#4796,#4797),(#4798,
#4799)),.UNSPECIFIED.,.F.,.F.,.F.)
B_SPLINE_SURFACE_WITH_KNOTS((4,4),(2,2),(-1.,0.),(0.,0.04),
 .UNSPECIFIED.)
GEOMETRIC_REPRESENTATION_ITEM()
RATIONAL_B_SPLINE_SURFACE(((1.,1.),(1.,1.),(1.,1.),(1.,1.)))
REPRESENTATION_ITEM('')
SURFACE()
);
#3289=(
BOUNDED_SURFACE()
B_SPLINE_SURFACE(3,1,((#4814,#4815),(#4816,#4817),(#4818,#4819),(#4820,
#4821)),.UNSPECIFIED.,.F.,.F.,.F.)
B_SPLINE_SURFACE_WITH_KNOTS((4,4),(2,2),(-1.,0.),(0.,0.04),
 .UNSPECIFIED.)
GEOMETRIC_REPRESENTATION_ITEM()
RATIONAL_B_SPLINE_SURFACE(((1.,1.),(1.,1.),(1.,1.),(1.,1.)))
REPRESENTATION_ITEM('')
SURFACE()
);
#3290=(
BOUNDED_SURFACE()
B_SPLINE_SURFACE(3,1,((#4833,#4834),(#4835,#4836),(#4837,#4838),(#4839,
#4840)),.UNSPECIFIED.,.F.,.F.,.F.)
B_SPLINE_SURFACE_WITH_KNOTS((4,4),(2,2),(-1.,0.),(0.,0.04),
 .UNSPECIFIED.)
GEOMETRIC_REPRESENTATION_ITEM()
RATIONAL_B_SPLINE_SURFACE(((1.,1.),(1.,1.),(1.,1.),(1.,1.)))
REPRESENTATION_ITEM('')
SURFACE()
);
#3291=(
BOUNDED_SURFACE()
B_SPLINE_SURFACE(3,1,((#4852,#4853),(#4854,#4855),(#4856,#4857),(#4858,
#4859)),.UNSPECIFIED.,.F.,.F.,.F.)
B_SPLINE_SURFACE_WITH_KNOTS((4,4),(2,2),(-1.,0.),(0.,0.04),
 .UNSPECIFIED.)
GEOMETRIC_REPRESENTATION_ITEM()
RATIONAL_B_SPLINE_SURFACE(((1.,1.),(1.,1.),(1.,1.),(1.,1.)))
REPRESENTATION_ITEM('')
SURFACE()
);
#3292=(
BOUNDED_SURFACE()
B_SPLINE_SURFACE(3,1,((#4871,#4872),(#4873,#4874),(#4875,#4876),(#4877,
#4878)),.UNSPECIFIED.,.F.,.F.,.F.)
B_SPLINE_SURFACE_WITH_KNOTS((4,4),(2,2),(-1.,0.),(0.,0.04),
 .UNSPECIFIED.)
GEOMETRIC_REPRESENTATION_ITEM()
RATIONAL_B_SPLINE_SURFACE(((1.,1.),(1.,1.),(1.,1.),(1.,1.)))
REPRESENTATION_ITEM('')
SURFACE()
);
#3293=(
BOUNDED_SURFACE()
B_SPLINE_SURFACE(3,1,((#4890,#4891),(#4892,#4893),(#4894,#4895),(#4896,
#4897)),.UNSPECIFIED.,.F.,.F.,.F.)
B_SPLINE_SURFACE_WITH_KNOTS((4,4),(2,2),(-1.,0.),(0.,0.04),
 .UNSPECIFIED.)
GEOMETRIC_REPRESENTATION_ITEM()
RATIONAL_B_SPLINE_SURFACE(((1.,1.),(1.,1.),(1.,1.),(1.,1.)))
REPRESENTATION_ITEM('')
SURFACE()
);
#3294=(
BOUNDED_SURFACE()
B_SPLINE_SURFACE(3,1,((#4909,#4910),(#4911,#4912),(#4913,#4914),(#4915,
#4916)),.UNSPECIFIED.,.F.,.F.,.F.)
B_SPLINE_SURFACE_WITH_KNOTS((4,4),(2,2),(-1.,0.),(0.,0.04),
 .UNSPECIFIED.)
GEOMETRIC_REPRESENTATION_ITEM()
RATIONAL_B_SPLINE_SURFACE(((1.,1.),(1.,1.),(1.,1.),(1.,1.)))
REPRESENTATION_ITEM('')
SURFACE()
);
#3295=(
BOUNDED_SURFACE()
B_SPLINE_SURFACE(3,1,((#4928,#4929),(#4930,#4931),(#4932,#4933),(#4934,
#4935)),.UNSPECIFIED.,.F.,.F.,.F.)
B_SPLINE_SURFACE_WITH_KNOTS((4,4),(2,2),(-1.,0.),(0.,0.04),
 .UNSPECIFIED.)
GEOMETRIC_REPRESENTATION_ITEM()
RATIONAL_B_SPLINE_SURFACE(((1.,1.),(1.,1.),(1.,1.),(1.,1.)))
REPRESENTATION_ITEM('')
SURFACE()
);
#3296=(
BOUNDED_SURFACE()
B_SPLINE_SURFACE(3,1,((#4944,#4945),(#4946,#4947),(#4948,#4949),(#4950,
#4951)),.UNSPECIFIED.,.F.,.F.,.F.)
B_SPLINE_SURFACE_WITH_KNOTS((4,4),(2,2),(-1.,0.),(0.,0.04),
 .UNSPECIFIED.)
GEOMETRIC_REPRESENTATION_ITEM()
RATIONAL_B_SPLINE_SURFACE(((1.,1.),(1.,1.),(1.,1.),(1.,1.)))
REPRESENTATION_ITEM('')
SURFACE()
);
#3297=(
BOUNDED_SURFACE()
B_SPLINE_SURFACE(3,1,((#4966,#4967),(#4968,#4969),(#4970,#4971),(#4972,
#4973)),.UNSPECIFIED.,.F.,.F.,.F.)
B_SPLINE_SURFACE_WITH_KNOTS((4,4),(2,2),(-1.,0.),(0.,0.04),
 .UNSPECIFIED.)
GEOMETRIC_REPRESENTATION_ITEM()
RATIONAL_B_SPLINE_SURFACE(((1.,1.),(1.,1.),(1.,1.),(1.,1.)))
REPRESENTATION_ITEM('')
SURFACE()
);
#3298=(
BOUNDED_SURFACE()
B_SPLINE_SURFACE(3,1,((#4985,#4986),(#4987,#4988),(#4989,#4990),(#4991,
#4992)),.UNSPECIFIED.,.F.,.F.,.F.)
B_SPLINE_SURFACE_WITH_KNOTS((4,4),(2,2),(-1.,0.),(0.,0.04),
 .UNSPECIFIED.)
GEOMETRIC_REPRESENTATION_ITEM()
RATIONAL_B_SPLINE_SURFACE(((1.,1.),(1.,1.),(1.,1.),(1.,1.)))
REPRESENTATION_ITEM('')
SURFACE()
);
#3299=(
BOUNDED_SURFACE()
B_SPLINE_SURFACE(3,1,((#5004,#5005),(#5006,#5007),(#5008,#5009),(#5010,
#5011)),.UNSPECIFIED.,.F.,.F.,.F.)
B_SPLINE_SURFACE_WITH_KNOTS((4,4),(2,2),(-1.,0.),(0.,0.04),
 .UNSPECIFIED.)
GEOMETRIC_REPRESENTATION_ITEM()
RATIONAL_B_SPLINE_SURFACE(((1.,1.),(1.,1.),(1.,1.),(1.,1.)))
REPRESENTATION_ITEM('')
SURFACE()
);
#3300=(
BOUNDED_SURFACE()
B_SPLINE_SURFACE(3,1,((#5023,#5024),(#5025,#5026),(#5027,#5028),(#5029,
#5030)),.UNSPECIFIED.,.F.,.F.,.F.)
B_SPLINE_SURFACE_WITH_KNOTS((4,4),(2,2),(-1.,0.),(0.,0.04),
 .UNSPECIFIED.)
GEOMETRIC_REPRESENTATION_ITEM()
RATIONAL_B_SPLINE_SURFACE(((1.,1.),(1.,1.),(1.,1.),(1.,1.)))
REPRESENTATION_ITEM('')
SURFACE()
);
#3301=(
BOUNDED_SURFACE()
B_SPLINE_SURFACE(3,1,((#5042,#5043),(#5044,#5045),(#5046,#5047),(#5048,
#5049)),.UNSPECIFIED.,.F.,.F.,.F.)
B_SPLINE_SURFACE_WITH_KNOTS((4,4),(2,2),(-1.,0.),(0.,0.04),
 .UNSPECIFIED.)
GEOMETRIC_REPRESENTATION_ITEM()
RATIONAL_B_SPLINE_SURFACE(((1.,1.),(1.,1.),(1.,1.),(1.,1.)))
REPRESENTATION_ITEM('')
SURFACE()
);
#3302=(
BOUNDED_SURFACE()
B_SPLINE_SURFACE(3,1,((#5061,#5062),(#5063,#5064),(#5065,#5066),(#5067,
#5068)),.UNSPECIFIED.,.F.,.F.,.F.)
B_SPLINE_SURFACE_WITH_KNOTS((4,4),(2,2),(-1.,0.),(0.,0.04),
 .UNSPECIFIED.)
GEOMETRIC_REPRESENTATION_ITEM()
RATIONAL_B_SPLINE_SURFACE(((1.,1.),(1.,1.),(1.,1.),(1.,1.)))
REPRESENTATION_ITEM('')
SURFACE()
);
#3303=(
BOUNDED_SURFACE()
B_SPLINE_SURFACE(3,1,((#5080,#5081),(#5082,#5083),(#5084,#5085),(#5086,
#5087)),.UNSPECIFIED.,.F.,.F.,.F.)
B_SPLINE_SURFACE_WITH_KNOTS((4,4),(2,2),(-1.,0.),(0.,0.04),
 .UNSPECIFIED.)
GEOMETRIC_REPRESENTATION_ITEM()
RATIONAL_B_SPLINE_SURFACE(((1.,1.),(1.,1.),(1.,1.),(1.,1.)))
REPRESENTATION_ITEM('')
SURFACE()
);
#3304=(
BOUNDED_SURFACE()
B_SPLINE_SURFACE(3,1,((#5099,#5100),(#5101,#5102),(#5103,#5104),(#5105,
#5106)),.UNSPECIFIED.,.F.,.F.,.F.)
B_SPLINE_SURFACE_WITH_KNOTS((4,4),(2,2),(-1.,0.),(0.,0.04),
 .UNSPECIFIED.)
GEOMETRIC_REPRESENTATION_ITEM()
RATIONAL_B_SPLINE_SURFACE(((1.,1.),(1.,1.),(1.,1.),(1.,1.)))
REPRESENTATION_ITEM('')
SURFACE()
);
#3305=(
BOUNDED_SURFACE()
B_SPLINE_SURFACE(3,1,((#5118,#5119),(#5120,#5121),(#5122,#5123),(#5124,
#5125)),.UNSPECIFIED.,.F.,.F.,.F.)
B_SPLINE_SURFACE_WITH_KNOTS((4,4),(2,2),(-1.,0.),(0.,0.04),
 .UNSPECIFIED.)
GEOMETRIC_REPRESENTATION_ITEM()
RATIONAL_B_SPLINE_SURFACE(((1.,1.),(1.,1.),(1.,1.),(1.,1.)))
REPRESENTATION_ITEM('')
SURFACE()
);
#3306=(
BOUNDED_SURFACE()
B_SPLINE_SURFACE(3,1,((#5137,#5138),(#5139,#5140),(#5141,#5142),(#5143,
#5144)),.UNSPECIFIED.,.F.,.F.,.F.)
B_SPLINE_SURFACE_WITH_KNOTS((4,4),(2,2),(-1.,0.),(0.,0.04),
 .UNSPECIFIED.)
GEOMETRIC_REPRESENTATION_ITEM()
RATIONAL_B_SPLINE_SURFACE(((1.,1.),(1.,1.),(1.,1.),(1.,1.)))
REPRESENTATION_ITEM('')
SURFACE()
);
#3307=(
BOUNDED_SURFACE()
B_SPLINE_SURFACE(3,1,((#5156,#5157),(#5158,#5159),(#5160,#5161),(#5162,
#5163)),.UNSPECIFIED.,.F.,.F.,.F.)
B_SPLINE_SURFACE_WITH_KNOTS((4,4),(2,2),(-1.,0.),(0.,0.04),
 .UNSPECIFIED.)
GEOMETRIC_REPRESENTATION_ITEM()
RATIONAL_B_SPLINE_SURFACE(((1.,1.),(1.,1.),(1.,1.),(1.,1.)))
REPRESENTATION_ITEM('')
SURFACE()
);
#3308=(
BOUNDED_SURFACE()
B_SPLINE_SURFACE(3,1,((#5175,#5176),(#5177,#5178),(#5179,#5180),(#5181,
#5182)),.UNSPECIFIED.,.F.,.F.,.F.)
B_SPLINE_SURFACE_WITH_KNOTS((4,4),(2,2),(-1.,0.),(0.,0.04),
 .UNSPECIFIED.)
GEOMETRIC_REPRESENTATION_ITEM()
RATIONAL_B_SPLINE_SURFACE(((1.,1.),(1.,1.),(1.,1.),(1.,1.)))
REPRESENTATION_ITEM('')
SURFACE()
);
#3309=(
BOUNDED_SURFACE()
B_SPLINE_SURFACE(3,1,((#5194,#5195),(#5196,#5197),(#5198,#5199),(#5200,
#5201)),.UNSPECIFIED.,.F.,.F.,.F.)
B_SPLINE_SURFACE_WITH_KNOTS((4,4),(2,2),(-1.,0.),(0.,0.04),
 .UNSPECIFIED.)
GEOMETRIC_REPRESENTATION_ITEM()
RATIONAL_B_SPLINE_SURFACE(((1.,1.),(1.,1.),(1.,1.),(1.,1.)))
REPRESENTATION_ITEM('')
SURFACE()
);
#3310=(
BOUNDED_SURFACE()
B_SPLINE_SURFACE(3,1,((#5213,#5214),(#5215,#5216),(#5217,#5218),(#5219,
#5220)),.UNSPECIFIED.,.F.,.F.,.F.)
B_SPLINE_SURFACE_WITH_KNOTS((4,4),(2,2),(-1.,0.),(0.,0.04),
 .UNSPECIFIED.)
GEOMETRIC_REPRESENTATION_ITEM()
RATIONAL_B_SPLINE_SURFACE(((1.,1.),(1.,1.),(1.,1.),(1.,1.)))
REPRESENTATION_ITEM('')
SURFACE()
);
#3311=(
BOUNDED_SURFACE()
B_SPLINE_SURFACE(3,1,((#5232,#5233),(#5234,#5235),(#5236,#5237),(#5238,
#5239)),.UNSPECIFIED.,.F.,.F.,.F.)
B_SPLINE_SURFACE_WITH_KNOTS((4,4),(2,2),(-1.,0.),(0.,0.04),
 .UNSPECIFIED.)
GEOMETRIC_REPRESENTATION_ITEM()
RATIONAL_B_SPLINE_SURFACE(((1.,1.),(1.,1.),(1.,1.),(1.,1.)))
REPRESENTATION_ITEM('')
SURFACE()
);
#3312=(
BOUNDED_SURFACE()
B_SPLINE_SURFACE(3,1,((#5251,#5252),(#5253,#5254),(#5255,#5256),(#5257,
#5258)),.UNSPECIFIED.,.F.,.F.,.F.)
B_SPLINE_SURFACE_WITH_KNOTS((4,4),(2,2),(-1.,0.),(0.,0.04),
 .UNSPECIFIED.)
GEOMETRIC_REPRESENTATION_ITEM()
RATIONAL_B_SPLINE_SURFACE(((1.,1.),(1.,1.),(1.,1.),(1.,1.)))
REPRESENTATION_ITEM('')
SURFACE()
);
#3313=(
BOUNDED_SURFACE()
B_SPLINE_SURFACE(3,1,((#5270,#5271),(#5272,#5273),(#5274,#5275),(#5276,
#5277)),.UNSPECIFIED.,.F.,.F.,.F.)
B_SPLINE_SURFACE_WITH_KNOTS((4,4),(2,2),(-1.,0.),(0.,0.04),
 .UNSPECIFIED.)
GEOMETRIC_REPRESENTATION_ITEM()
RATIONAL_B_SPLINE_SURFACE(((1.,1.),(1.,1.),(1.,1.),(1.,1.)))
REPRESENTATION_ITEM('')
SURFACE()
);
#3314=(
BOUNDED_SURFACE()
B_SPLINE_SURFACE(3,1,((#5289,#5290),(#5291,#5292),(#5293,#5294),(#5295,
#5296)),.UNSPECIFIED.,.F.,.F.,.F.)
B_SPLINE_SURFACE_WITH_KNOTS((4,4),(2,2),(-1.,0.),(0.,0.04),
 .UNSPECIFIED.)
GEOMETRIC_REPRESENTATION_ITEM()
RATIONAL_B_SPLINE_SURFACE(((1.,1.),(1.,1.),(1.,1.),(1.,1.)))
REPRESENTATION_ITEM('')
SURFACE()
);
#3315=(
BOUNDED_SURFACE()
B_SPLINE_SURFACE(3,1,((#5308,#5309),(#5310,#5311),(#5312,#5313),(#5314,
#5315)),.UNSPECIFIED.,.F.,.F.,.F.)
B_SPLINE_SURFACE_WITH_KNOTS((4,4),(2,2),(-1.,0.),(0.,0.04),
 .UNSPECIFIED.)
GEOMETRIC_REPRESENTATION_ITEM()
RATIONAL_B_SPLINE_SURFACE(((1.,1.),(1.,1.),(1.,1.),(1.,1.)))
REPRESENTATION_ITEM('')
SURFACE()
);
#3316=(
BOUNDED_SURFACE()
B_SPLINE_SURFACE(3,1,((#5327,#5328),(#5329,#5330),(#5331,#5332),(#5333,
#5334)),.UNSPECIFIED.,.F.,.F.,.F.)
B_SPLINE_SURFACE_WITH_KNOTS((4,4),(2,2),(-1.,0.),(0.,0.04),
 .UNSPECIFIED.)
GEOMETRIC_REPRESENTATION_ITEM()
RATIONAL_B_SPLINE_SURFACE(((1.,1.),(1.,1.),(1.,1.),(1.,1.)))
REPRESENTATION_ITEM('')
SURFACE()
);
#3317=(
BOUNDED_SURFACE()
B_SPLINE_SURFACE(3,1,((#5346,#5347),(#5348,#5349),(#5350,#5351),(#5352,
#5353)),.UNSPECIFIED.,.F.,.F.,.F.)
B_SPLINE_SURFACE_WITH_KNOTS((4,4),(2,2),(-1.,0.),(0.,0.04),
 .UNSPECIFIED.)
GEOMETRIC_REPRESENTATION_ITEM()
RATIONAL_B_SPLINE_SURFACE(((1.,1.),(1.,1.),(1.,1.),(1.,1.)))
REPRESENTATION_ITEM('')
SURFACE()
);
#3318=(
BOUNDED_SURFACE()
B_SPLINE_SURFACE(3,1,((#5365,#5366),(#5367,#5368),(#5369,#5370),(#5371,
#5372)),.UNSPECIFIED.,.F.,.F.,.F.)
B_SPLINE_SURFACE_WITH_KNOTS((4,4),(2,2),(-1.,0.),(0.,0.04),
 .UNSPECIFIED.)
GEOMETRIC_REPRESENTATION_ITEM()
RATIONAL_B_SPLINE_SURFACE(((1.,1.),(1.,1.),(1.,1.),(1.,1.)))
REPRESENTATION_ITEM('')
SURFACE()
);
#3319=(
BOUNDED_SURFACE()
B_SPLINE_SURFACE(3,1,((#5384,#5385),(#5386,#5387),(#5388,#5389),(#5390,
#5391)),.UNSPECIFIED.,.F.,.F.,.F.)
B_SPLINE_SURFACE_WITH_KNOTS((4,4),(2,2),(-1.,0.),(0.,0.04),
 .UNSPECIFIED.)
GEOMETRIC_REPRESENTATION_ITEM()
RATIONAL_B_SPLINE_SURFACE(((1.,1.),(1.,1.),(1.,1.),(1.,1.)))
REPRESENTATION_ITEM('')
SURFACE()
);
#3320=(
BOUNDED_SURFACE()
B_SPLINE_SURFACE(3,1,((#5403,#5404),(#5405,#5406),(#5407,#5408),(#5409,
#5410)),.UNSPECIFIED.,.F.,.F.,.F.)
B_SPLINE_SURFACE_WITH_KNOTS((4,4),(2,2),(-1.,0.),(0.,0.04),
 .UNSPECIFIED.)
GEOMETRIC_REPRESENTATION_ITEM()
RATIONAL_B_SPLINE_SURFACE(((1.,1.),(1.,1.),(1.,1.),(1.,1.)))
REPRESENTATION_ITEM('')
SURFACE()
);
#3321=(
BOUNDED_SURFACE()
B_SPLINE_SURFACE(3,1,((#5422,#5423),(#5424,#5425),(#5426,#5427),(#5428,
#5429)),.UNSPECIFIED.,.F.,.F.,.F.)
B_SPLINE_SURFACE_WITH_KNOTS((4,4),(2,2),(-1.,0.),(0.,0.04),
 .UNSPECIFIED.)
GEOMETRIC_REPRESENTATION_ITEM()
RATIONAL_B_SPLINE_SURFACE(((1.,1.),(1.,1.),(1.,1.),(1.,1.)))
REPRESENTATION_ITEM('')
SURFACE()
);
#3322=(
BOUNDED_SURFACE()
B_SPLINE_SURFACE(3,1,((#5441,#5442),(#5443,#5444),(#5445,#5446),(#5447,
#5448)),.UNSPECIFIED.,.F.,.F.,.F.)
B_SPLINE_SURFACE_WITH_KNOTS((4,4),(2,2),(-1.,0.),(0.,0.04),
 .UNSPECIFIED.)
GEOMETRIC_REPRESENTATION_ITEM()
RATIONAL_B_SPLINE_SURFACE(((1.,1.),(1.,1.),(1.,1.),(1.,1.)))
REPRESENTATION_ITEM('')
SURFACE()
);
#3323=(
BOUNDED_SURFACE()
B_SPLINE_SURFACE(3,1,((#5460,#5461),(#5462,#5463),(#5464,#5465),(#5466,
#5467)),.UNSPECIFIED.,.F.,.F.,.F.)
B_SPLINE_SURFACE_WITH_KNOTS((4,4),(2,2),(-1.,0.),(0.,0.04),
 .UNSPECIFIED.)
GEOMETRIC_REPRESENTATION_ITEM()
RATIONAL_B_SPLINE_SURFACE(((1.,1.),(1.,1.),(1.,1.),(1.,1.)))
REPRESENTATION_ITEM('')
SURFACE()
);
#3324=(
BOUNDED_SURFACE()
B_SPLINE_SURFACE(3,1,((#5479,#5480),(#5481,#5482),(#5483,#5484),(#5485,
#5486)),.UNSPECIFIED.,.F.,.F.,.F.)
B_SPLINE_SURFACE_WITH_KNOTS((4,4),(2,2),(-1.,0.),(0.,0.04),
 .UNSPECIFIED.)
GEOMETRIC_REPRESENTATION_ITEM()
RATIONAL_B_SPLINE_SURFACE(((1.,1.),(1.,1.),(1.,1.),(1.,1.)))
REPRESENTATION_ITEM('')
SURFACE()
);
#3325=(
BOUNDED_SURFACE()
B_SPLINE_SURFACE(3,1,((#5498,#5499),(#5500,#5501),(#5502,#5503),(#5504,
#5505)),.UNSPECIFIED.,.F.,.F.,.F.)
B_SPLINE_SURFACE_WITH_KNOTS((4,4),(2,2),(-1.,0.),(0.,0.04),
 .UNSPECIFIED.)
GEOMETRIC_REPRESENTATION_ITEM()
RATIONAL_B_SPLINE_SURFACE(((1.,1.),(1.,1.),(1.,1.),(1.,1.)))
REPRESENTATION_ITEM('')
SURFACE()
);
#3326=(
BOUNDED_SURFACE()
B_SPLINE_SURFACE(3,1,((#5517,#5518),(#5519,#5520),(#5521,#5522),(#5523,
#5524)),.UNSPECIFIED.,.F.,.F.,.F.)
B_SPLINE_SURFACE_WITH_KNOTS((4,4),(2,2),(-1.,0.),(0.,0.04),
 .UNSPECIFIED.)
GEOMETRIC_REPRESENTATION_ITEM()
RATIONAL_B_SPLINE_SURFACE(((1.,1.),(1.,1.),(1.,1.),(1.,1.)))
REPRESENTATION_ITEM('')
SURFACE()
);
#3327=(
BOUNDED_SURFACE()
B_SPLINE_SURFACE(3,1,((#5536,#5537),(#5538,#5539),(#5540,#5541),(#5542,
#5543)),.UNSPECIFIED.,.F.,.F.,.F.)
B_SPLINE_SURFACE_WITH_KNOTS((4,4),(2,2),(-1.,0.),(0.,0.04),
 .UNSPECIFIED.)
GEOMETRIC_REPRESENTATION_ITEM()
RATIONAL_B_SPLINE_SURFACE(((1.,1.),(1.,1.),(1.,1.),(1.,1.)))
REPRESENTATION_ITEM('')
SURFACE()
);
#3328=ADVANCED_FACE('',(#222),#3265,.T.);
#3329=ADVANCED_FACE('',(#223),#3266,.T.);
#3330=ADVANCED_FACE('',(#224),#3267,.T.);
#3331=ADVANCED_FACE('',(#225),#3268,.T.);
#3332=ADVANCED_FACE('',(#226),#3269,.T.);
#3333=ADVANCED_FACE('',(#227),#3270,.T.);
#3334=ADVANCED_FACE('',(#228),#3271,.T.);
#3335=ADVANCED_FACE('',(#229),#3272,.T.);
#3336=ADVANCED_FACE('',(#230),#3273,.T.);
#3337=ADVANCED_FACE('',(#231),#3274,.T.);
#3338=ADVANCED_FACE('',(#232),#3275,.T.);
#3339=ADVANCED_FACE('',(#233),#3276,.T.);
#3340=ADVANCED_FACE('',(#234),#3277,.T.);
#3341=ADVANCED_FACE('',(#235),#3278,.T.);
#3342=ADVANCED_FACE('',(#236),#124,.T.);
#3343=ADVANCED_FACE('',(#237),#3279,.T.);
#3344=ADVANCED_FACE('',(#238),#3280,.T.);
#3345=ADVANCED_FACE('',(#239),#3281,.T.);
#3346=ADVANCED_FACE('',(#240),#3282,.T.);
#3347=ADVANCED_FACE('',(#241),#3283,.T.);
#3348=ADVANCED_FACE('',(#242),#3284,.T.);
#3349=ADVANCED_FACE('',(#243),#3285,.T.);
#3350=ADVANCED_FACE('',(#244),#3286,.T.);
#3351=ADVANCED_FACE('',(#245),#3287,.T.);
#3352=ADVANCED_FACE('',(#246),#125,.T.);
#3353=ADVANCED_FACE('',(#247),#3288,.T.);
#3354=ADVANCED_FACE('',(#248),#3289,.T.);
#3355=ADVANCED_FACE('',(#249),#3290,.T.);
#3356=ADVANCED_FACE('',(#250),#3291,.T.);
#3357=ADVANCED_FACE('',(#251),#3292,.T.);
#3358=ADVANCED_FACE('',(#252),#3293,.T.);
#3359=ADVANCED_FACE('',(#253),#3294,.T.);
#3360=ADVANCED_FACE('',(#254),#3295,.T.);
#3361=ADVANCED_FACE('',(#255),#3296,.T.);
#3362=ADVANCED_FACE('',(#256),#3297,.T.);
#3363=ADVANCED_FACE('',(#257),#3298,.T.);
#3364=ADVANCED_FACE('',(#258),#3299,.T.);
#3365=ADVANCED_FACE('',(#259),#3300,.T.);
#3366=ADVANCED_FACE('',(#260),#3301,.T.);
#3367=ADVANCED_FACE('',(#261),#3302,.T.);
#3368=ADVANCED_FACE('',(#262),#3303,.T.);
#3369=ADVANCED_FACE('',(#263),#3304,.T.);
#3370=ADVANCED_FACE('',(#264),#3305,.T.);
#3371=ADVANCED_FACE('',(#265),#3306,.T.);
#3372=ADVANCED_FACE('',(#266),#3307,.T.);
#3373=ADVANCED_FACE('',(#267),#3308,.T.);
#3374=ADVANCED_FACE('',(#268),#3309,.T.);
#3375=ADVANCED_FACE('',(#269),#3310,.T.);
#3376=ADVANCED_FACE('',(#270),#3311,.T.);
#3377=ADVANCED_FACE('',(#271),#3312,.T.);
#3378=ADVANCED_FACE('',(#272),#3313,.T.);
#3379=ADVANCED_FACE('',(#273),#3314,.T.);
#3380=ADVANCED_FACE('',(#274),#3315,.T.);
#3381=ADVANCED_FACE('',(#275),#3316,.T.);
#3382=ADVANCED_FACE('',(#276),#3317,.T.);
#3383=ADVANCED_FACE('',(#277),#3318,.T.);
#3384=ADVANCED_FACE('',(#278),#3319,.T.);
#3385=ADVANCED_FACE('',(#279),#3320,.T.);
#3386=ADVANCED_FACE('',(#280),#3321,.T.);
#3387=ADVANCED_FACE('',(#281),#3322,.T.);
#3388=ADVANCED_FACE('',(#282),#3323,.T.);
#3389=ADVANCED_FACE('',(#283),#3324,.T.);
#3390=ADVANCED_FACE('',(#284),#3325,.T.);
#3391=ADVANCED_FACE('',(#285),#3326,.T.);
#3392=ADVANCED_FACE('',(#286),#3327,.T.);
#3393=ADVANCED_FACE('',(#287,#86),#126,.T.);
#3394=ADVANCED_FACE('',(#288),#127,.T.);
#3395=ADVANCED_FACE('',(#289,#87,#88,#89,#90),#128,.F.);
#3396=ADVANCED_FACE('',(#290),#14,.F.);
#3397=ADVANCED_FACE('',(#291),#15,.F.);
#3398=ADVANCED_FACE('',(#292),#129,.F.);
#3399=ADVANCED_FACE('',(#293),#130,.F.);
#3400=ADVANCED_FACE('',(#294),#16,.F.);
#3401=ADVANCED_FACE('',(#295),#17,.F.);
#3402=ADVANCED_FACE('',(#296),#18,.F.);
#3403=ADVANCED_FACE('',(#297),#19,.F.);
#3404=ADVANCED_FACE('',(#298),#20,.T.);
#3405=ADVANCED_FACE('',(#299),#131,.F.);
#3406=ADVANCED_FACE('',(#300),#21,.T.);
#3407=ADVANCED_FACE('',(#301),#132,.T.);
#3408=ADVANCED_FACE('',(#302),#133,.T.);
#3409=ADVANCED_FACE('',(#303),#134,.T.);
#3410=ADVANCED_FACE('',(#304),#135,.T.);
#3411=ADVANCED_FACE('',(#305),#136,.T.);
#3412=ADVANCED_FACE('',(#306),#137,.T.);
#3413=ADVANCED_FACE('',(#307),#138,.T.);
#3414=ADVANCED_FACE('',(#308),#139,.T.);
#3415=ADVANCED_FACE('',(#309),#140,.T.);
#3416=ADVANCED_FACE('',(#310),#141,.F.);
#3417=ADVANCED_FACE('',(#311),#142,.T.);
#3418=ADVANCED_FACE('',(#312),#143,.T.);
#3419=ADVANCED_FACE('',(#313),#144,.T.);
#3420=ADVANCED_FACE('',(#314),#22,.T.);
#3421=ADVANCED_FACE('',(#315),#145,.T.);
#3422=ADVANCED_FACE('',(#316),#146,.T.);
#3423=ADVANCED_FACE('',(#317),#147,.T.);
#3424=ADVANCED_FACE('',(#318),#148,.T.);
#3425=ADVANCED_FACE('',(#319),#149,.T.);
#3426=ADVANCED_FACE('',(#320),#150,.T.);
#3427=ADVANCED_FACE('',(#321),#151,.T.);
#3428=ADVANCED_FACE('',(#322),#152,.T.);
#3429=ADVANCED_FACE('',(#323),#153,.T.);
#3430=ADVANCED_FACE('',(#324),#154,.T.);
#3431=ADVANCED_FACE('',(#325),#155,.T.);
#3432=ADVANCED_FACE('',(#326),#156,.T.);
#3433=ADVANCED_FACE('',(#327),#23,.T.);
#3434=ADVANCED_FACE('',(#328),#157,.T.);
#3435=ADVANCED_FACE('',(#329),#158,.T.);
#3436=ADVANCED_FACE('',(#330),#159,.T.);
#3437=ADVANCED_FACE('',(#331),#160,.T.);
#3438=ADVANCED_FACE('',(#332),#161,.T.);
#3439=ADVANCED_FACE('',(#333),#162,.T.);
#3440=ADVANCED_FACE('',(#334),#163,.T.);
#3441=ADVANCED_FACE('',(#335),#164,.T.);
#3442=ADVANCED_FACE('',(#336),#165,.T.);
#3443=ADVANCED_FACE('',(#337),#166,.T.);
#3444=ADVANCED_FACE('',(#338),#167,.T.);
#3445=ADVANCED_FACE('',(#339),#24,.T.);
#3446=ADVANCED_FACE('',(#340),#25,.T.);
#3447=ADVANCED_FACE('',(#341),#26,.T.);
#3448=ADVANCED_FACE('',(#342),#168,.F.);
#3449=ADVANCED_FACE('',(#343),#169,.F.);
#3450=ADVANCED_FACE('',(#344,#91),#170,.F.);
#3451=ADVANCED_FACE('',(#345,#92),#171,.F.);
#3452=ADVANCED_FACE('',(#346,#93,#94),#172,.F.);
#3453=ADVANCED_FACE('',(#347,#95,#96),#173,.F.);
#3454=ADVANCED_FACE('',(#348),#174,.F.);
#3455=ADVANCED_FACE('',(#349),#175,.F.);
#3456=ADVANCED_FACE('',(#350),#176,.F.);
#3457=ADVANCED_FACE('',(#351),#177,.F.);
#3458=ADVANCED_FACE('',(#352),#178,.F.);
#3459=ADVANCED_FACE('',(#353),#27,.F.);
#3460=ADVANCED_FACE('',(#354),#179,.F.);
#3461=ADVANCED_FACE('',(#355),#180,.F.);
#3462=ADVANCED_FACE('',(#356),#181,.F.);
#3463=ADVANCED_FACE('',(#357),#182,.F.);
#3464=ADVANCED_FACE('',(#358),#183,.F.);
#3465=ADVANCED_FACE('',(#359),#184,.F.);
#3466=ADVANCED_FACE('',(#360),#185,.F.);
#3467=ADVANCED_FACE('',(#361),#186,.F.);
#3468=ADVANCED_FACE('',(#362),#187,.F.);
#3469=ADVANCED_FACE('',(#363),#188,.F.);
#3470=ADVANCED_FACE('',(#364),#189,.F.);
#3471=ADVANCED_FACE('',(#365),#190,.F.);
#3472=ADVANCED_FACE('',(#366),#191,.F.);
#3473=ADVANCED_FACE('',(#367),#192,.F.);
#3474=ADVANCED_FACE('',(#368),#193,.F.);
#3475=ADVANCED_FACE('',(#369),#194,.F.);
#3476=ADVANCED_FACE('',(#370),#28,.F.);
#3477=ADVANCED_FACE('',(#371),#195,.F.);
#3478=ADVANCED_FACE('',(#372),#196,.F.);
#3479=ADVANCED_FACE('',(#373),#197,.F.);
#3480=ADVANCED_FACE('',(#374),#198,.F.);
#3481=ADVANCED_FACE('',(#375),#199,.F.);
#3482=ADVANCED_FACE('',(#376),#200,.F.);
#3483=ADVANCED_FACE('',(#377),#201,.F.);
#3484=ADVANCED_FACE('',(#378),#202,.F.);
#3485=ADVANCED_FACE('',(#379),#203,.F.);
#3486=ADVANCED_FACE('',(#380),#204,.F.);
#3487=ADVANCED_FACE('',(#381),#205,.F.);
#3488=ADVANCED_FACE('',(#382),#206,.F.);
#3489=ADVANCED_FACE('',(#383),#207,.F.);
#3490=ADVANCED_FACE('',(#384),#208,.F.);
#3491=ADVANCED_FACE('',(#385),#209,.F.);
#3492=ADVANCED_FACE('',(#386),#210,.F.);
#3493=ADVANCED_FACE('',(#387),#29,.F.);
#3494=ADVANCED_FACE('',(#388),#30,.F.);
#3495=ADVANCED_FACE('',(#389),#31,.F.);
#3496=ADVANCED_FACE('',(#390),#32,.F.);
#3497=ADVANCED_FACE('',(#391,#97,#98,#99,#100,#101,#102,#103,#104,#105,
#106,#107,#108,#109,#110,#111,#112,#113),#211,.T.);
#3498=ADVANCED_FACE('',(#392),#212,.T.);
#3499=ADVANCED_FACE('',(#393),#213,.T.);
#3500=ADVANCED_FACE('',(#394),#33,.T.);
#3501=ADVANCED_FACE('',(#395,#114),#214,.T.);
#3502=ADVANCED_FACE('',(#396),#34,.T.);
#3503=ADVANCED_FACE('',(#397),#215,.T.);
#3504=ADVANCED_FACE('',(#398),#35,.T.);
#3505=ADVANCED_FACE('',(#399),#216,.T.);
#3506=ADVANCED_FACE('',(#400,#115,#116,#117,#118,#119,#120,#121,#122,#123),
#217,.F.);
#3507=CLOSED_SHELL('',(#3328,#3329,#3330,#3331,#3332,#3333,#3334,#3335,
#3336,#3337,#3338,#3339,#3340,#3341,#3342,#3343,#3344,#3345,#3346,#3347,
#3348,#3349,#3350,#3351,#3352,#3353,#3354,#3355,#3356,#3357,#3358,#3359,
#3360,#3361,#3362,#3363,#3364,#3365,#3366,#3367,#3368,#3369,#3370,#3371,
#3372,#3373,#3374,#3375,#3376,#3377,#3378,#3379,#3380,#3381,#3382,#3383,
#3384,#3385,#3386,#3387,#3388,#3389,#3390,#3391,#3392,#3393,#3394,#3395,
#3396,#3397,#3398,#3399,#3400,#3401,#3402,#3403,#3404,#3405,#3406,#3407,
#3408,#3409,#3410,#3411,#3412,#3413,#3414,#3415,#3416,#3417,#3418,#3419,
#3420,#3421,#3422,#3423,#3424,#3425,#3426,#3427,#3428,#3429,#3430,#3431,
#3432,#3433,#3434,#3435,#3436,#3437,#3438,#3439,#3440,#3441,#3442,#3443,
#3444,#3445,#3446,#3447,#3448,#3449,#3450,#3451,#3452,#3453,#3454,#3455,
#3456,#3457,#3458,#3459,#3460,#3461,#3462,#3463,#3464,#3465,#3466,#3467,
#3468,#3469,#3470,#3471,#3472,#3473,#3474,#3475,#3476,#3477,#3478,#3479,
#3480,#3481,#3482,#3483,#3484,#3485,#3486,#3487,#3488,#3489,#3490,#3491,
#3492,#3493,#3494,#3495,#3496,#3497,#3498,#3499,#3500,#3501,#3502,#3503,
#3504,#3505,#3506));
#3508=DERIVED_UNIT_ELEMENT(#3510,1.);
#3509=DERIVED_UNIT_ELEMENT(#6201,-3.);
#3510=(
MASS_UNIT()
NAMED_UNIT(*)
SI_UNIT(.KILO.,.GRAM.)
);
#3511=DERIVED_UNIT((#3508,#3509));
#3512=MEASURE_REPRESENTATION_ITEM('density measure',
POSITIVE_RATIO_MEASURE(7850.),#3511);
#3513=PROPERTY_DEFINITION_REPRESENTATION(#3518,#3515);
#3514=PROPERTY_DEFINITION_REPRESENTATION(#3519,#3516);
#3515=REPRESENTATION('material name',(#3517),#6198);
#3516=REPRESENTATION('density',(#3512),#6198);
#3517=DESCRIPTIVE_REPRESENTATION_ITEM('Steel','Steel');
#3518=PROPERTY_DEFINITION('material property','material name',#6208);
#3519=PROPERTY_DEFINITION('material property','density of part',#6208);
#3520=AXIS2_PLACEMENT_3D('',#4352,#3687,#3688);
#3521=AXIS2_PLACEMENT_3D('',#4619,#3703,#3704);
#3522=AXIS2_PLACEMENT_3D('',#4791,#3714,#3715);
#3523=AXIS2_PLACEMENT_3D('',#5552,#3756,#3757);
#3524=AXIS2_PLACEMENT_3D('',#5553,#3758,#3759);
#3525=AXIS2_PLACEMENT_3D('',#5554,#3760,#3761);
#3526=AXIS2_PLACEMENT_3D('',#5557,#3762,#3763);
#3527=AXIS2_PLACEMENT_3D('',#5559,#3764,#3765);
#3528=AXIS2_PLACEMENT_3D('',#5561,#3766,#3767);
#3529=AXIS2_PLACEMENT_3D('',#5565,#3769,#3770);
#3530=AXIS2_PLACEMENT_3D('',#5567,#3771,#3772);
#3531=AXIS2_PLACEMENT_3D('',#5599,#3788,#3789);
#3532=AXIS2_PLACEMENT_3D('',#5601,#3790,#3791);
#3533=AXIS2_PLACEMENT_3D('',#5605,#3793,#3794);
#3534=AXIS2_PLACEMENT_3D('',#5609,#3796,#3797);
#3535=AXIS2_PLACEMENT_3D('',#5613,#3799,#3800);
#3536=AXIS2_PLACEMENT_3D('',#5615,#3801,#3802);
#3537=AXIS2_PLACEMENT_3D('',#5617,#3803,#3804);
#3538=AXIS2_PLACEMENT_3D('',#5628,#3810,#3811);
#3539=AXIS2_PLACEMENT_3D('',#5662,#3828,#3829);
#3540=AXIS2_PLACEMENT_3D('',#5663,#3830,#3831);
#3541=AXIS2_PLACEMENT_3D('',#5667,#3833,#3834);
#3542=AXIS2_PLACEMENT_3D('',#5671,#3836,#3837);
#3543=AXIS2_PLACEMENT_3D('',#5673,#3839,#3840);
#3544=AXIS2_PLACEMENT_3D('',#5679,#3843,#3844);
#3545=AXIS2_PLACEMENT_3D('',#5682,#3846,#3847);
#3546=AXIS2_PLACEMENT_3D('',#5683,#3848,#3849);
#3547=AXIS2_PLACEMENT_3D('',#5689,#3853,#3854);
#3548=AXIS2_PLACEMENT_3D('',#5695,#3858,#3859);
#3549=AXIS2_PLACEMENT_3D('',#5698,#3861,#3862);
#3550=AXIS2_PLACEMENT_3D('',#5699,#3863,#3864);
#3551=AXIS2_PLACEMENT_3D('',#5703,#3866,#3867);
#3552=AXIS2_PLACEMENT_3D('',#5705,#3869,#3870);
#3553=AXIS2_PLACEMENT_3D('',#5709,#3872,#3873);
#3554=AXIS2_PLACEMENT_3D('',#5711,#3875,#3876);
#3555=AXIS2_PLACEMENT_3D('',#5716,#3879,#3880);
#3556=AXIS2_PLACEMENT_3D('',#5717,#3881,#3882);
#3557=AXIS2_PLACEMENT_3D('',#5720,#3884,#3885);
#3558=AXIS2_PLACEMENT_3D('',#5721,#3886,#3887);
#3559=AXIS2_PLACEMENT_3D('',#5725,#3890,#3891);
#3560=AXIS2_PLACEMENT_3D('',#5727,#3892,#3893);
#3561=AXIS2_PLACEMENT_3D('',#5729,#3895,#3896);
#3562=AXIS2_PLACEMENT_3D('',#5733,#3899,#3900);
#3563=AXIS2_PLACEMENT_3D('',#5739,#3904,#3905);
#3564=AXIS2_PLACEMENT_3D('',#5743,#3908,#3909);
#3565=AXIS2_PLACEMENT_3D('',#5747,#3912,#3913);
#3566=AXIS2_PLACEMENT_3D('',#5753,#3917,#3918);
#3567=AXIS2_PLACEMENT_3D('',#5759,#3922,#3923);
#3568=AXIS2_PLACEMENT_3D('',#5765,#3927,#3928);
#3569=AXIS2_PLACEMENT_3D('',#5771,#3932,#3933);
#3570=AXIS2_PLACEMENT_3D('',#5777,#3937,#3938);
#3571=AXIS2_PLACEMENT_3D('',#5781,#3941,#3942);
#3572=AXIS2_PLACEMENT_3D('',#5787,#3946,#3947);
#3573=AXIS2_PLACEMENT_3D('',#5791,#3950,#3951);
#3574=AXIS2_PLACEMENT_3D('',#5793,#3953,#3954);
#3575=AXIS2_PLACEMENT_3D('',#5794,#3955,#3956);
#3576=AXIS2_PLACEMENT_3D('',#5795,#3957,#3958);
#3577=AXIS2_PLACEMENT_3D('',#5796,#3959,#3960);
#3578=AXIS2_PLACEMENT_3D('',#5798,#3961,#3962);
#3579=AXIS2_PLACEMENT_3D('',#5799,#3963,#3964);
#3580=AXIS2_PLACEMENT_3D('',#5800,#3965,#3966);
#3581=AXIS2_PLACEMENT_3D('',#5804,#3969,#3970);
#3582=AXIS2_PLACEMENT_3D('',#5808,#3973,#3974);
#3583=AXIS2_PLACEMENT_3D('',#5812,#3977,#3978);
#3584=AXIS2_PLACEMENT_3D('',#5814,#3980,#3981);
#3585=AXIS2_PLACEMENT_3D('',#5820,#3985,#3986);
#3586=AXIS2_PLACEMENT_3D('',#5822,#3988,#3989);
#3587=AXIS2_PLACEMENT_3D('',#5826,#3992,#3993);
#3588=AXIS2_PLACEMENT_3D('',#5828,#3995,#3996);
#3589=AXIS2_PLACEMENT_3D('',#5832,#3999,#4000);
#3590=AXIS2_PLACEMENT_3D('',#5834,#4002,#4003);
#3591=AXIS2_PLACEMENT_3D('',#5836,#4005,#4006);
#3592=AXIS2_PLACEMENT_3D('',#5839,#4008,#4009);
#3593=AXIS2_PLACEMENT_3D('',#5840,#4010,#4011);
#3594=AXIS2_PLACEMENT_3D('',#5842,#4013,#4014);
#3595=AXIS2_PLACEMENT_3D('',#5846,#4017,#4018);
#3596=AXIS2_PLACEMENT_3D('',#5850,#4021,#4022);
#3597=AXIS2_PLACEMENT_3D('',#5854,#4025,#4026);
#3598=AXIS2_PLACEMENT_3D('',#5856,#4028,#4029);
#3599=AXIS2_PLACEMENT_3D('',#5860,#4032,#4033);
#3600=AXIS2_PLACEMENT_3D('',#5862,#4035,#4036);
#3601=AXIS2_PLACEMENT_3D('',#5868,#4040,#4041);
#3602=AXIS2_PLACEMENT_3D('',#5872,#4044,#4045);
#3603=AXIS2_PLACEMENT_3D('',#5876,#4048,#4049);
#3604=AXIS2_PLACEMENT_3D('',#5878,#4051,#4052);
#3605=AXIS2_PLACEMENT_3D('',#5879,#4053,#4054);
#3606=AXIS2_PLACEMENT_3D('',#5880,#4055,#4056);
#3607=AXIS2_PLACEMENT_3D('',#5881,#4057,#4058);
#3608=AXIS2_PLACEMENT_3D('',#5882,#4059,#4060);
#3609=AXIS2_PLACEMENT_3D('',#5883,#4061,#4062);
#3610=AXIS2_PLACEMENT_3D('',#5884,#4063,#4064);
#3611=AXIS2_PLACEMENT_3D('',#5886,#4066,#4067);
#3612=AXIS2_PLACEMENT_3D('',#5888,#4069,#4070);
#3613=AXIS2_PLACEMENT_3D('',#5897,#4075,#4076);
#3614=AXIS2_PLACEMENT_3D('',#5899,#4077,#4078);
#3615=AXIS2_PLACEMENT_3D('',#5900,#4079,#4080);
#3616=AXIS2_PLACEMENT_3D('',#5917,#4089,#4090);
#3617=AXIS2_PLACEMENT_3D('',#5934,#4099,#4100);
#3618=AXIS2_PLACEMENT_3D('',#5943,#4105,#4106);
#3619=AXIS2_PLACEMENT_3D('',#5949,#4110,#4111);
#3620=AXIS2_PLACEMENT_3D('',#5955,#4115,#4116);
#3621=AXIS2_PLACEMENT_3D('',#5958,#4119,#4120);
#3622=AXIS2_PLACEMENT_3D('',#5959,#4121,#4122);
#3623=AXIS2_PLACEMENT_3D('',#5961,#4123,#4124);
#3624=AXIS2_PLACEMENT_3D('',#5965,#4127,#4128);
#3625=AXIS2_PLACEMENT_3D('',#5966,#4129,#4130);
#3626=AXIS2_PLACEMENT_3D('',#5975,#4135,#4136);
#3627=AXIS2_PLACEMENT_3D('',#5981,#4140,#4141);
#3628=AXIS2_PLACEMENT_3D('',#5987,#4145,#4146);
#3629=AXIS2_PLACEMENT_3D('',#5990,#4149,#4150);
#3630=AXIS2_PLACEMENT_3D('',#5996,#4154,#4155);
#3631=AXIS2_PLACEMENT_3D('',#6000,#4158,#4159);
#3632=AXIS2_PLACEMENT_3D('',#6004,#4162,#4163);
#3633=AXIS2_PLACEMENT_3D('',#6006,#4165,#4166);
#3634=AXIS2_PLACEMENT_3D('',#6012,#4170,#4171);
#3635=AXIS2_PLACEMENT_3D('',#6016,#4174,#4175);
#3636=AXIS2_PLACEMENT_3D('',#6020,#4178,#4179);
#3637=AXIS2_PLACEMENT_3D('',#6022,#4181,#4182);
#3638=AXIS2_PLACEMENT_3D('',#6028,#4186,#4187);
#3639=AXIS2_PLACEMENT_3D('',#6032,#4190,#4191);
#3640=AXIS2_PLACEMENT_3D('',#6036,#4194,#4195);
#3641=AXIS2_PLACEMENT_3D('',#6038,#4197,#4198);
#3642=AXIS2_PLACEMENT_3D('',#6041,#4200,#4201);
#3643=AXIS2_PLACEMENT_3D('',#6042,#4202,#4203);
#3644=AXIS2_PLACEMENT_3D('',#6048,#4207,#4208);
#3645=AXIS2_PLACEMENT_3D('',#6052,#4211,#4212);
#3646=AXIS2_PLACEMENT_3D('',#6056,#4215,#4216);
#3647=AXIS2_PLACEMENT_3D('',#6058,#4218,#4219);
#3648=AXIS2_PLACEMENT_3D('',#6067,#4224,#4225);
#3649=AXIS2_PLACEMENT_3D('',#6073,#4229,#4230);
#3650=AXIS2_PLACEMENT_3D('',#6079,#4234,#4235);
#3651=AXIS2_PLACEMENT_3D('',#6082,#4238,#4239);
#3652=AXIS2_PLACEMENT_3D('',#6091,#4244,#4245);
#3653=AXIS2_PLACEMENT_3D('',#6097,#4249,#4250);
#3654=AXIS2_PLACEMENT_3D('',#6103,#4254,#4255);
#3655=AXIS2_PLACEMENT_3D('',#6106,#4258,#4259);
#3656=AXIS2_PLACEMENT_3D('',#6112,#4263,#4264);
#3657=AXIS2_PLACEMENT_3D('',#6116,#4267,#4268);
#3658=AXIS2_PLACEMENT_3D('',#6120,#4271,#4272);
#3659=AXIS2_PLACEMENT_3D('',#6122,#4274,#4275);
#3660=AXIS2_PLACEMENT_3D('',#6124,#4276,#4277);
#3661=AXIS2_PLACEMENT_3D('',#6127,#4279,#4280);
#3662=AXIS2_PLACEMENT_3D('',#6128,#4281,#4282);
#3663=AXIS2_PLACEMENT_3D('',#6130,#4283,#4284);
#3664=AXIS2_PLACEMENT_3D('',#6133,#4286,#4287);
#3665=AXIS2_PLACEMENT_3D('',#6134,#4288,#4289);
#3666=AXIS2_PLACEMENT_3D('',#6136,#4290,#4291);
#3667=AXIS2_PLACEMENT_3D('',#6139,#4293,#4294);
#3668=AXIS2_PLACEMENT_3D('',#6140,#4295,#4296);
#3669=AXIS2_PLACEMENT_3D('',#6142,#4297,#4298);
#3670=AXIS2_PLACEMENT_3D('',#6145,#4300,#4301);
#3671=AXIS2_PLACEMENT_3D('',#6146,#4302,#4303);
#3672=AXIS2_PLACEMENT_3D('',#6151,#4305,#4306);
#3673=AXIS2_PLACEMENT_3D('',#6155,#4308,#4309);
#3674=AXIS2_PLACEMENT_3D('',#6159,#4311,#4312);
#3675=AXIS2_PLACEMENT_3D('',#6163,#4315,#4316);
#3676=AXIS2_PLACEMENT_3D('',#6169,#4320,#4321);
#3677=AXIS2_PLACEMENT_3D('',#6173,#4324,#4325);
#3678=AXIS2_PLACEMENT_3D('',#6175,#4326,#4327);
#3679=AXIS2_PLACEMENT_3D('',#6177,#4329,#4330);
#3680=AXIS2_PLACEMENT_3D('',#6181,#4333,#4334);
#3681=AXIS2_PLACEMENT_3D('',#6183,#4335,#4336);
#3682=AXIS2_PLACEMENT_3D('',#6185,#4338,#4339);
#3683=AXIS2_PLACEMENT_3D('',#6189,#4342,#4343);
#3684=AXIS2_PLACEMENT_3D('',#6191,#4344,#4345);
#3685=AXIS2_PLACEMENT_3D('',#6193,#4347,#4348);
#3686=AXIS2_PLACEMENT_3D('',#6195,#4350,#4351);
#3687=DIRECTION('axis',(0.,0.,1.));
#3688=DIRECTION('refdir',(1.,0.,0.));
#3689=DIRECTION('',(0.,0.,1.));
#3690=DIRECTION('',(0.,0.,1.));
#3691=DIRECTION('',(0.,0.,1.));
#3692=DIRECTION('',(0.,0.,1.));
#3693=DIRECTION('',(0.,0.,1.));
#3694=DIRECTION('',(0.,0.,1.));
#3695=DIRECTION('',(0.,0.,1.));
#3696=DIRECTION('',(0.,0.,1.));
#3697=DIRECTION('',(0.,0.,1.));
#3698=DIRECTION('',(0.,0.,1.));
#3699=DIRECTION('',(0.,0.,1.));
#3700=DIRECTION('',(0.,0.,1.));
#3701=DIRECTION('',(0.,0.,1.));
#3702=DIRECTION('',(0.,0.,1.));
#3703=DIRECTION('center_axis',(0.,0.,1.));
#3704=DIRECTION('ref_axis',(1.,0.,0.));
#3705=DIRECTION('',(0.,0.,1.));
#3706=DIRECTION('',(0.,0.,1.));
#3707=DIRECTION('',(0.,0.,1.));
#3708=DIRECTION('',(0.,0.,1.));
#3709=DIRECTION('',(0.,0.,1.));
#3710=DIRECTION('',(0.,0.,1.));
#3711=DIRECTION('',(0.,0.,1.));
#3712=DIRECTION('',(0.,0.,1.));
#3713=DIRECTION('',(0.,0.,1.));
#3714=DIRECTION('center_axis',(0.,0.,1.));
#3715=DIRECTION('ref_axis',(1.,0.,0.));
#3716=DIRECTION('',(0.,0.,1.));
#3717=DIRECTION('',(0.,0.,1.));
#3718=DIRECTION('',(0.,0.,1.));
#3719=DIRECTION('',(0.,0.,1.));
#3720=DIRECTION('',(0.,0.,1.));
#3721=DIRECTION('',(0.,0.,1.));
#3722=DIRECTION('',(0.,0.,1.));
#3723=DIRECTION('',(0.,0.,1.));
#3724=DIRECTION('',(0.,0.,1.));
#3725=DIRECTION('',(0.,0.,1.));
#3726=DIRECTION('',(0.,0.,1.));
#3727=DIRECTION('',(0.,0.,1.));
#3728=DIRECTION('',(0.,0.,1.));
#3729=DIRECTION('',(0.,0.,1.));
#3730=DIRECTION('',(0.,0.,1.));
#3731=DIRECTION('',(0.,0.,1.));
#3732=DIRECTION('',(0.,0.,1.));
#3733=DIRECTION('',(0.,0.,1.));
#3734=DIRECTION('',(0.,0.,1.));
#3735=DIRECTION('',(0.,0.,1.));
#3736=DIRECTION('',(0.,0.,1.));
#3737=DIRECTION('',(0.,0.,1.));
#3738=DIRECTION('',(0.,0.,1.));
#3739=DIRECTION('',(0.,0.,1.));
#3740=DIRECTION('',(0.,0.,1.));
#3741=DIRECTION('',(0.,0.,1.));
#3742=DIRECTION('',(0.,0.,1.));
#3743=DIRECTION('',(0.,0.,1.));
#3744=DIRECTION('',(0.,0.,1.));
#3745=DIRECTION('',(0.,0.,1.));
#3746=DIRECTION('',(0.,0.,1.));
#3747=DIRECTION('',(0.,0.,1.));
#3748=DIRECTION('',(0.,0.,1.));
#3749=DIRECTION('',(0.,0.,1.));
#3750=DIRECTION('',(0.,0.,1.));
#3751=DIRECTION('',(0.,0.,1.));
#3752=DIRECTION('',(0.,0.,1.));
#3753=DIRECTION('',(0.,0.,1.));
#3754=DIRECTION('',(0.,0.,1.));
#3755=DIRECTION('',(0.,0.,1.));
#3756=DIRECTION('center_axis',(0.,0.,1.));
#3757=DIRECTION('ref_axis',(1.,0.,0.));
#3758=DIRECTION('center_axis',(0.,0.,1.));
#3759=DIRECTION('ref_axis',(1.,0.,0.));
#3760=DIRECTION('center_axis',(0.,0.,1.));
#3761=DIRECTION('ref_axis',(1.,0.,0.));
#3762=DIRECTION('center_axis',(0.,0.,1.));
#3763=DIRECTION('ref_axis',(1.,0.,0.));
#3764=DIRECTION('center_axis',(0.,0.,1.));
#3765=DIRECTION('ref_axis',(1.,0.,0.));
#3766=DIRECTION('center_axis',(0.,0.,1.));
#3767=DIRECTION('ref_axis',(0.613994709213421,0.789310139969028,0.));
#3768=DIRECTION('',(-0.789310139969028,0.613994709213421,0.));
#3769=DIRECTION('center_axis',(0.,0.,1.));
#3770=DIRECTION('ref_axis',(0.999999999256845,3.8552682171061E-5,0.));
#3771=DIRECTION('center_axis',(0.,0.,1.));
#3772=DIRECTION('ref_axis',(1.,0.,0.));
#3773=DIRECTION('',(-0.578432410059857,-0.815730315111769,0.));
#3774=DIRECTION('',(0.815946660841987,-0.578127188999801,0.));
#3775=DIRECTION('',(0.578127285869461,0.815946592206384,0.));
#3776=DIRECTION('',(-0.818925609622285,0.573899682788525,0.));
#3777=DIRECTION('',(1.,0.,0.));
#3778=DIRECTION('',(0.,1.,0.));
#3779=DIRECTION('',(-1.,0.,0.));
#3780=DIRECTION('',(0.,-1.,0.));
#3781=DIRECTION('',(-0.818925609622285,0.573899682788525,0.));
#3782=DIRECTION('',(1.,0.,0.));
#3783=DIRECTION('',(0.,1.,0.));
#3784=DIRECTION('',(-1.,0.,0.));
#3785=DIRECTION('',(0.,-1.,0.));
#3786=DIRECTION('',(1.,0.,0.));
#3787=DIRECTION('',(-0.578432410059857,-0.815730315111769,0.));
#3788=DIRECTION('center_axis',(0.,0.,1.));
#3789=DIRECTION('ref_axis',(1.,0.,0.));
#3790=DIRECTION('center_axis',(0.,0.,1.));
#3791=DIRECTION('ref_axis',(0.999999999256845,3.8552682171061E-5,0.));
#3792=DIRECTION('',(-3.85526821717133E-5,0.999999999256845,0.));
#3793=DIRECTION('center_axis',(0.,0.,1.));
#3794=DIRECTION('ref_axis',(1.,0.,0.));
#3795=DIRECTION('',(0.999999999256845,3.85526821709713E-5,0.));
#3796=DIRECTION('center_axis',(0.,0.,1.));
#3797=DIRECTION('ref_axis',(1.,0.,0.));
#3798=DIRECTION('',(3.85526821707867E-5,-0.999999999256845,0.));
#3799=DIRECTION('center_axis',(0.,0.,1.));
#3800=DIRECTION('ref_axis',(-0.55554518578071,0.831486347786827,0.));
#3801=DIRECTION('center_axis',(0.,0.,1.));
#3802=DIRECTION('ref_axis',(1.,0.,0.));
#3803=DIRECTION('center_axis',(0.,0.,1.));
#3804=DIRECTION('ref_axis',(-0.55554518578071,0.831486347786827,0.));
#3805=DIRECTION('',(-0.831486347786827,-0.555545185780709,0.));
#3806=DIRECTION('',(0.55554518578071,-0.831486347786827,0.));
#3807=DIRECTION('',(0.831486347786827,0.55554518578071,0.));
#3808=DIRECTION('',(-0.55554518578071,0.831486347786827,0.));
#3809=DIRECTION('',(-0.831486347786827,-0.555545185780709,0.));
#3810=DIRECTION('center_axis',(0.,0.,1.));
#3811=DIRECTION('ref_axis',(0.613994709213421,0.789310139969028,0.));
#3812=DIRECTION('',(1.,0.,0.));
#3813=DIRECTION('',(0.,1.,0.));
#3814=DIRECTION('',(-1.,0.,0.));
#3815=DIRECTION('',(0.,-1.,0.));
#3816=DIRECTION('',(-1.,0.,0.));
#3817=DIRECTION('',(0.,-1.,0.));
#3818=DIRECTION('',(1.,0.,0.));
#3819=DIRECTION('',(0.,1.,0.));
#3820=DIRECTION('',(-1.,0.,0.));
#3821=DIRECTION('',(0.,-1.,0.));
#3822=DIRECTION('',(1.,0.,0.));
#3823=DIRECTION('',(0.,1.,0.));
#3824=DIRECTION('',(0.,1.,0.));
#3825=DIRECTION('',(-1.,0.,0.));
#3826=DIRECTION('',(0.,-1.,0.));
#3827=DIRECTION('',(1.,0.,0.));
#3828=DIRECTION('center_axis',(0.,0.,-1.));
#3829=DIRECTION('ref_axis',(1.,0.,0.));
#3830=DIRECTION('center_axis',(0.,0.,1.));
#3831=DIRECTION('ref_axis',(0.613994709213421,0.789310139969028,0.));
#3832=DIRECTION('',(0.,0.,-1.));
#3833=DIRECTION('center_axis',(0.,0.,-1.));
#3834=DIRECTION('ref_axis',(0.613994709213421,0.789310139969028,0.));
#3835=DIRECTION('',(0.,0.,-1.));
#3836=DIRECTION('center_axis',(0.,0.,1.));
#3837=DIRECTION('ref_axis',(0.613994709213421,0.789310139969028,0.));
#3838=DIRECTION('',(0.,0.,1.));
#3839=DIRECTION('center_axis',(0.,0.,1.));
#3840=DIRECTION('ref_axis',(0.613994709213421,0.789310139969028,0.));
#3841=DIRECTION('',(0.,0.,1.));
#3842=DIRECTION('',(0.,0.,1.));
#3843=DIRECTION('center_axis',(0.,0.,1.));
#3844=DIRECTION('ref_axis',(0.613994709213421,0.789310139969028,0.));
#3845=DIRECTION('',(0.,0.,1.));
#3846=DIRECTION('center_axis',(0.,0.,-1.));
#3847=DIRECTION('ref_axis',(0.613994709213421,0.789310139969028,0.));
#3848=DIRECTION('center_axis',(-0.999999999256845,-3.85526821707867E-5,
0.));
#3849=DIRECTION('ref_axis',(3.85526821707867E-5,-0.999999999256845,0.));
#3850=DIRECTION('',(0.,0.,-1.));
#3851=DIRECTION('',(3.85526821707867E-5,-0.999999999256845,0.));
#3852=DIRECTION('',(0.,0.,1.));
#3853=DIRECTION('center_axis',(3.85526821709713E-5,-0.999999999256845,0.));
#3854=DIRECTION('ref_axis',(0.999999999256845,3.85526821709713E-5,0.));
#3855=DIRECTION('',(0.,0.,1.));
#3856=DIRECTION('',(0.,0.,-1.));
#3857=DIRECTION('',(0.999999999256845,3.85526821709713E-5,0.));
#3858=DIRECTION('center_axis',(0.,0.,1.));
#3859=DIRECTION('ref_axis',(-0.55554518578071,0.831486347786827,0.));
#3860=DIRECTION('',(0.,0.,1.));
#3861=DIRECTION('center_axis',(0.,0.,1.));
#3862=DIRECTION('ref_axis',(-0.55554518578071,0.831486347786827,0.));
#3863=DIRECTION('center_axis',(0.,0.,1.));
#3864=DIRECTION('ref_axis',(-0.55554518578071,0.831486347786827,0.));
#3865=DIRECTION('',(0.,0.,-1.));
#3866=DIRECTION('center_axis',(0.,0.,1.));
#3867=DIRECTION('ref_axis',(-0.55554518578071,0.831486347786827,0.));
#3868=DIRECTION('',(0.,0.,1.));
#3869=DIRECTION('center_axis',(0.,0.,1.));
#3870=DIRECTION('ref_axis',(0.999999999256845,3.8552682171061E-5,0.));
#3871=DIRECTION('',(0.,0.,-1.));
#3872=DIRECTION('center_axis',(0.,0.,1.));
#3873=DIRECTION('ref_axis',(0.999999999256845,3.8552682171061E-5,0.));
#3874=DIRECTION('',(0.,0.,1.));
#3875=DIRECTION('center_axis',(0.,0.,1.));
#3876=DIRECTION('ref_axis',(0.999999999256845,3.8552682171061E-5,0.));
#3877=DIRECTION('',(0.,0.,1.));
#3878=DIRECTION('',(0.,0.,1.));
#3879=DIRECTION('center_axis',(0.,0.,1.));
#3880=DIRECTION('ref_axis',(0.999999999256845,3.8552682171061E-5,0.));
#3881=DIRECTION('center_axis',(0.,0.,1.));
#3882=DIRECTION('ref_axis',(1.,0.,0.));
#3883=DIRECTION('',(0.,0.,-1.));
#3884=DIRECTION('center_axis',(0.,0.,-1.));
#3885=DIRECTION('ref_axis',(1.,0.,0.));
#3886=DIRECTION('center_axis',(0.999999999256845,3.85526821717133E-5,0.));
#3887=DIRECTION('ref_axis',(-3.85526821717133E-5,0.999999999256845,0.));
#3888=DIRECTION('',(0.,0.,1.));
#3889=DIRECTION('',(-3.85526821717133E-5,0.999999999256845,0.));
#3890=DIRECTION('center_axis',(0.,0.,1.));
#3891=DIRECTION('ref_axis',(1.,0.,0.));
#3892=DIRECTION('center_axis',(0.,0.,-1.));
#3893=DIRECTION('ref_axis',(1.,0.,0.));
#3894=DIRECTION('',(0.,0.,1.));
#3895=DIRECTION('center_axis',(0.815730315111769,-0.578432410059857,0.));
#3896=DIRECTION('ref_axis',(0.578432410059857,0.815730315111769,0.));
#3897=DIRECTION('',(0.,0.,-1.));
#3898=DIRECTION('',(-0.578432410059857,-0.815730315111769,0.));
#3899=DIRECTION('center_axis',(-0.573899682788525,-0.818925609622285,0.));
#3900=DIRECTION('ref_axis',(0.818925609622285,-0.573899682788525,0.));
#3901=DIRECTION('',(0.,0.,1.));
#3902=DIRECTION('',(0.,0.,-1.));
#3903=DIRECTION('',(-0.818925609622285,0.573899682788525,0.));
#3904=DIRECTION('center_axis',(0.815730315111769,-0.578432410059857,0.));
#3905=DIRECTION('ref_axis',(0.578432410059857,0.815730315111769,0.));
#3906=DIRECTION('',(-0.578432410059857,-0.815730315111769,0.));
#3907=DIRECTION('',(0.,0.,-1.));
#3908=DIRECTION('center_axis',(0.,1.,0.));
#3909=DIRECTION('ref_axis',(-1.,0.,0.));
#3910=DIRECTION('',(1.,0.,0.));
#3911=DIRECTION('',(0.,0.,-1.));
#3912=DIRECTION('center_axis',(0.,1.,0.));
#3913=DIRECTION('ref_axis',(-1.,0.,0.));
#3914=DIRECTION('',(1.,0.,0.));
#3915=DIRECTION('',(0.,0.,-1.));
#3916=DIRECTION('',(0.,0.,-1.));
#3917=DIRECTION('center_axis',(0.,-1.,0.));
#3918=DIRECTION('ref_axis',(1.,0.,0.));
#3919=DIRECTION('',(-1.,0.,0.));
#3920=DIRECTION('',(0.,0.,-1.));
#3921=DIRECTION('',(0.,0.,-1.));
#3922=DIRECTION('center_axis',(0.,1.,0.));
#3923=DIRECTION('ref_axis',(-1.,0.,0.));
#3924=DIRECTION('',(0.,0.,-1.));
#3925=DIRECTION('',(1.,0.,0.));
#3926=DIRECTION('',(0.,0.,-1.));
#3927=DIRECTION('center_axis',(1.,0.,0.));
#3928=DIRECTION('ref_axis',(0.,1.,0.));
#3929=DIRECTION('',(0.,0.,1.));
#3930=DIRECTION('',(0.,0.,-1.));
#3931=DIRECTION('',(0.,-1.,0.));
#3932=DIRECTION('center_axis',(-0.573899682788525,-0.818925609622285,0.));
#3933=DIRECTION('ref_axis',(0.818925609622285,-0.573899682788525,0.));
#3934=DIRECTION('',(0.,0.,1.));
#3935=DIRECTION('',(0.,0.,1.));
#3936=DIRECTION('',(-0.818925609622285,0.573899682788525,0.));
#3937=DIRECTION('center_axis',(-0.55554518578071,0.831486347786828,0.));
#3938=DIRECTION('ref_axis',(-0.831486347786827,-0.555545185780709,0.));
#3939=DIRECTION('',(-0.831486347786827,-0.555545185780709,0.));
#3940=DIRECTION('',(0.,0.,-1.));
#3941=DIRECTION('center_axis',(0.831486347786827,0.55554518578071,5.91645678915759E-31));
#3942=DIRECTION('ref_axis',(7.73972061119614E-16,-1.15840658664878E-15,
1.));
#3943=DIRECTION('',(0.55554518578071,-0.831486347786827,0.));
#3944=DIRECTION('',(-4.91945304745522E-31,-3.28685908609609E-31,1.));
#3945=DIRECTION('',(-7.40134867768085E-16,1.1077623455693E-15,-1.));
#3946=DIRECTION('center_axis',(-0.831486347786827,-0.55554518578071,0.));
#3947=DIRECTION('ref_axis',(0.,0.,-1.));
#3948=DIRECTION('',(-0.55554518578071,0.831486347786827,0.));
#3949=DIRECTION('',(7.40134867768085E-16,-1.1077623455693E-15,1.));
#3950=DIRECTION('center_axis',(0.55554518578071,-0.831486347786827,-1.33226762955019E-15));
#3951=DIRECTION('ref_axis',(-2.3981264956476E-15,0.,-1.));
#3952=DIRECTION('',(-0.831486347786827,-0.55554518578071,0.));
#3953=DIRECTION('center_axis',(0.,0.,1.));
#3954=DIRECTION('ref_axis',(0.0267743294061073,-0.999641503382514,0.));
#3955=DIRECTION('center_axis',(0.,0.,-1.));
#3956=DIRECTION('ref_axis',(1.,0.,0.));
#3957=DIRECTION('center_axis',(0.,0.,-1.));
#3958=DIRECTION('ref_axis',(1.,0.,0.));
#3959=DIRECTION('center_axis',(0.,0.,1.));
#3960=DIRECTION('ref_axis',(1.,0.,0.));
#3961=DIRECTION('center_axis',(0.,0.,-1.));
#3962=DIRECTION('ref_axis',(1.,0.,0.));
#3963=DIRECTION('center_axis',(0.,0.,-1.));
#3964=DIRECTION('ref_axis',(1.,0.,0.));
#3965=DIRECTION('center_axis',(1.,0.,0.));
#3966=DIRECTION('ref_axis',(0.,1.,0.));
#3967=DIRECTION('',(0.,0.,-1.));
#3968=DIRECTION('',(0.,-1.,0.));
#3969=DIRECTION('center_axis',(0.,-1.,0.));
#3970=DIRECTION('ref_axis',(1.,0.,0.));
#3971=DIRECTION('',(-1.,0.,0.));
#3972=DIRECTION('',(0.,0.,-1.));
#3973=DIRECTION('center_axis',(-1.,0.,0.));
#3974=DIRECTION('ref_axis',(0.,-1.,0.));
#3975=DIRECTION('',(0.,1.,0.));
#3976=DIRECTION('',(0.,0.,-1.));
#3977=DIRECTION('center_axis',(0.,1.,0.));
#3978=DIRECTION('ref_axis',(-1.,0.,0.));
#3979=DIRECTION('',(1.,0.,0.));
#3980=DIRECTION('center_axis',(1.,0.,0.));
#3981=DIRECTION('ref_axis',(0.,1.,0.));
#3982=DIRECTION('',(0.,-1.,0.));
#3983=DIRECTION('',(0.,0.,1.));
#3984=DIRECTION('',(0.,0.,-1.));
#3985=DIRECTION('center_axis',(0.,-1.,0.));
#3986=DIRECTION('ref_axis',(1.,0.,0.));
#3987=DIRECTION('',(-1.,0.,0.));
#3988=DIRECTION('center_axis',(-1.,0.,0.));
#3989=DIRECTION('ref_axis',(0.,-1.,0.));
#3990=DIRECTION('',(0.,0.,-1.));
#3991=DIRECTION('',(0.,1.,0.));
#3992=DIRECTION('center_axis',(0.,1.,0.));
#3993=DIRECTION('ref_axis',(-1.,0.,0.));
#3994=DIRECTION('',(1.,0.,0.));
#3995=DIRECTION('center_axis',(0.,-1.,0.));
#3996=DIRECTION('ref_axis',(1.,0.,0.));
#3997=DIRECTION('',(-1.,0.,0.));
#3998=DIRECTION('',(0.,0.,-1.));
#3999=DIRECTION('center_axis',(-1.,0.,0.));
#4000=DIRECTION('ref_axis',(0.,-1.,0.));
#4001=DIRECTION('',(0.,1.,0.));
#4002=DIRECTION('center_axis',(1.,0.,0.));
#4003=DIRECTION('ref_axis',(0.,1.,0.));
#4004=DIRECTION('',(0.,-1.,0.));
#4005=DIRECTION('center_axis',(0.,0.,1.));
#4006=DIRECTION('ref_axis',(1.,0.,0.));
#4007=DIRECTION('',(0.,0.,-1.));
#4008=DIRECTION('center_axis',(0.,0.,-1.));
#4009=DIRECTION('ref_axis',(1.,0.,0.));
#4010=DIRECTION('center_axis',(-1.,0.,0.));
#4011=DIRECTION('ref_axis',(0.,-1.,0.));
#4012=DIRECTION('',(0.,1.,0.));
#4013=DIRECTION('center_axis',(-1.,0.,0.));
#4014=DIRECTION('ref_axis',(0.,-1.,0.));
#4015=DIRECTION('',(0.,1.,0.));
#4016=DIRECTION('',(0.,0.,1.));
#4017=DIRECTION('center_axis',(0.,1.,0.));
#4018=DIRECTION('ref_axis',(-1.,0.,0.));
#4019=DIRECTION('',(0.,0.,-1.));
#4020=DIRECTION('',(1.,0.,0.));
#4021=DIRECTION('center_axis',(1.,0.,0.));
#4022=DIRECTION('ref_axis',(0.,1.,0.));
#4023=DIRECTION('',(0.,-1.,0.));
#4024=DIRECTION('',(0.,0.,-1.));
#4025=DIRECTION('center_axis',(0.,-1.,0.));
#4026=DIRECTION('ref_axis',(1.,0.,0.));
#4027=DIRECTION('',(-1.,0.,0.));
#4028=DIRECTION('center_axis',(-0.815946592206384,0.578127285869461,0.));
#4029=DIRECTION('ref_axis',(-0.578127285869461,-0.815946592206384,0.));
#4030=DIRECTION('',(0.578127285869461,0.815946592206384,0.));
#4031=DIRECTION('',(0.,0.,-1.));
#4032=DIRECTION('center_axis',(0.578127188999801,0.815946660841987,0.));
#4033=DIRECTION('ref_axis',(-0.815946660841987,0.578127188999801,0.));
#4034=DIRECTION('',(0.815946660841987,-0.578127188999801,0.));
#4035=DIRECTION('center_axis',(-1.,0.,0.));
#4036=DIRECTION('ref_axis',(0.,-1.,0.));
#4037=DIRECTION('',(0.,1.,0.));
#4038=DIRECTION('',(0.,0.,1.));
#4039=DIRECTION('',(0.,0.,-1.));
#4040=DIRECTION('center_axis',(0.,1.,0.));
#4041=DIRECTION('ref_axis',(-1.,0.,0.));
#4042=DIRECTION('',(1.,0.,0.));
#4043=DIRECTION('',(0.,0.,-1.));
#4044=DIRECTION('center_axis',(1.,0.,0.));
#4045=DIRECTION('ref_axis',(0.,1.,0.));
#4046=DIRECTION('',(0.,-1.,0.));
#4047=DIRECTION('',(0.,0.,-1.));
#4048=DIRECTION('center_axis',(0.,-1.,0.));
#4049=DIRECTION('ref_axis',(1.,0.,0.));
#4050=DIRECTION('',(-1.,0.,0.));
#4051=DIRECTION('center_axis',(0.,0.,1.));
#4052=DIRECTION('ref_axis',(-0.584426605090366,0.811446574496775,0.));
#4053=DIRECTION('center_axis',(0.,0.,-1.));
#4054=DIRECTION('ref_axis',(1.,0.,0.));
#4055=DIRECTION('center_axis',(0.,0.,1.));
#4056=DIRECTION('ref_axis',(1.,0.,0.));
#4057=DIRECTION('center_axis',(0.,0.,-1.));
#4058=DIRECTION('ref_axis',(1.,0.,0.));
#4059=DIRECTION('center_axis',(0.,0.,1.));
#4060=DIRECTION('ref_axis',(1.,0.,0.));
#4061=DIRECTION('center_axis',(0.,0.,-1.));
#4062=DIRECTION('ref_axis',(1.,0.,0.));
#4063=DIRECTION('center_axis',(-0.55554518578071,0.831486347786828,0.));
#4064=DIRECTION('ref_axis',(-0.831486347786827,-0.555545185780709,0.));
#4065=DIRECTION('',(-0.831486347786827,-0.555545185780709,0.));
#4066=DIRECTION('center_axis',(0.613994709213421,0.789310139969028,0.));
#4067=DIRECTION('ref_axis',(-0.789310139969028,0.613994709213421,0.));
#4068=DIRECTION('',(-0.789310139969028,0.613994709213421,0.));
#4069=DIRECTION('center_axis',(0.,0.,1.));
#4070=DIRECTION('ref_axis',(1.,0.,0.));
#4071=DIRECTION('',(0.,-1.,0.));
#4072=DIRECTION('',(1.,0.,0.));
#4073=DIRECTION('',(0.,1.,0.));
#4074=DIRECTION('',(-1.,0.,0.));
#4075=DIRECTION('center_axis',(0.,0.,1.));
#4076=DIRECTION('ref_axis',(1.,0.,0.));
#4077=DIRECTION('center_axis',(0.,0.,1.));
#4078=DIRECTION('ref_axis',(1.,0.,0.));
#4079=DIRECTION('center_axis',(0.,0.,1.));
#4080=DIRECTION('ref_axis',(1.,0.,0.));
#4081=DIRECTION('',(0.,1.,0.));
#4082=DIRECTION('',(-1.,0.,0.));
#4083=DIRECTION('',(0.,-1.,0.));
#4084=DIRECTION('',(1.,0.,0.));
#4085=DIRECTION('',(0.,1.,0.));
#4086=DIRECTION('',(-1.,0.,0.));
#4087=DIRECTION('',(0.,-1.,0.));
#4088=DIRECTION('',(1.,0.,0.));
#4089=DIRECTION('center_axis',(0.,0.,1.));
#4090=DIRECTION('ref_axis',(1.,0.,0.));
#4091=DIRECTION('',(1.,0.,0.));
#4092=DIRECTION('',(0.,1.,0.));
#4093=DIRECTION('',(-1.,0.,0.));
#4094=DIRECTION('',(0.,-1.,0.));
#4095=DIRECTION('',(0.,-1.,0.));
#4096=DIRECTION('',(1.,0.,0.));
#4097=DIRECTION('',(0.,1.,0.));
#4098=DIRECTION('',(-1.,0.,0.));
#4099=DIRECTION('center_axis',(7.40134867768085E-16,-1.1077623455693E-15,
1.));
#4100=DIRECTION('ref_axis',(-0.831486347786828,-0.555545185780709,0.));
#4101=DIRECTION('',(-0.831486347786827,-0.555545185780709,-3.94430452610506E-31));
#4102=DIRECTION('',(0.55554518578071,-0.831486347786827,-1.33226762955019E-15));
#4103=DIRECTION('',(-0.831486347786828,-0.555545185780709,0.));
#4104=DIRECTION('',(0.55554518578071,-0.831486347786827,-1.33226762955019E-15));
#4105=DIRECTION('center_axis',(0.831486347786827,0.55554518578071,5.91645678915759E-31));
#4106=DIRECTION('ref_axis',(7.73972061119614E-16,-1.15840658664878E-15,
1.));
#4107=DIRECTION('',(-4.91945304745522E-31,-3.28685908609609E-31,1.));
#4108=DIRECTION('',(0.55554518578071,-0.831486347786827,-1.33226762955019E-15));
#4109=DIRECTION('',(7.73972061119614E-16,-1.15840658664878E-15,1.));
#4110=DIRECTION('center_axis',(-7.40134867768086E-16,1.1077623455693E-15,
-1.));
#4111=DIRECTION('ref_axis',(0.831486347786827,0.55554518578071,0.));
#4112=DIRECTION('',(0.831486347786827,0.555545185780709,-6.90253292068385E-31));
#4113=DIRECTION('',(0.55554518578071,-0.831486347786827,-1.33226762955019E-15));
#4114=DIRECTION('',(0.831486347786827,0.55554518578071,0.));
#4115=DIRECTION('center_axis',(-0.831486347786827,-0.55554518578071,0.));
#4116=DIRECTION('ref_axis',(0.,0.,-1.));
#4117=DIRECTION('',(0.,0.,-1.));
#4118=DIRECTION('',(0.,0.,-1.));
#4119=DIRECTION('center_axis',(0.55554518578071,-0.831486347786827,-1.33226762955019E-15));
#4120=DIRECTION('ref_axis',(-2.3981264956476E-15,0.,-1.));
#4121=DIRECTION('center_axis',(0.,0.,1.));
#4122=DIRECTION('ref_axis',(1.,0.,0.));
#4123=DIRECTION('center_axis',(0.,0.,1.));
#4124=DIRECTION('ref_axis',(1.,0.,0.));
#4125=DIRECTION('',(0.,0.,1.));
#4126=DIRECTION('',(0.,0.,1.));
#4127=DIRECTION('center_axis',(0.,0.,-1.));
#4128=DIRECTION('ref_axis',(1.,0.,0.));
#4129=DIRECTION('center_axis',(1.,0.,0.));
#4130=DIRECTION('ref_axis',(0.,1.,0.));
#4131=DIRECTION('',(0.,1.,0.));
#4132=DIRECTION('',(0.,0.,1.));
#4133=DIRECTION('',(0.,-1.,0.));
#4134=DIRECTION('',(0.,0.,1.));
#4135=DIRECTION('center_axis',(0.,-1.,0.));
#4136=DIRECTION('ref_axis',(1.,0.,0.));
#4137=DIRECTION('',(1.,0.,0.));
#4138=DIRECTION('',(0.,0.,1.));
#4139=DIRECTION('',(-1.,0.,0.));
#4140=DIRECTION('center_axis',(-1.,0.,0.));
#4141=DIRECTION('ref_axis',(0.,-1.,0.));
#4142=DIRECTION('',(0.,-1.,0.));
#4143=DIRECTION('',(0.,0.,1.));
#4144=DIRECTION('',(0.,1.,0.));
#4145=DIRECTION('center_axis',(0.,1.,0.));
#4146=DIRECTION('ref_axis',(-1.,0.,0.));
#4147=DIRECTION('',(-1.,0.,0.));
#4148=DIRECTION('',(1.,0.,0.));
#4149=DIRECTION('center_axis',(1.,0.,0.));
#4150=DIRECTION('ref_axis',(0.,1.,0.));
#4151=DIRECTION('',(0.,0.,1.));
#4152=DIRECTION('',(0.,-1.,0.));
#4153=DIRECTION('',(0.,0.,1.));
#4154=DIRECTION('center_axis',(0.,-1.,0.));
#4155=DIRECTION('ref_axis',(1.,0.,0.));
#4156=DIRECTION('',(0.,0.,1.));
#4157=DIRECTION('',(-1.,0.,0.));
#4158=DIRECTION('center_axis',(-1.,0.,0.));
#4159=DIRECTION('ref_axis',(0.,-1.,0.));
#4160=DIRECTION('',(0.,0.,1.));
#4161=DIRECTION('',(0.,1.,0.));
#4162=DIRECTION('center_axis',(0.,1.,0.));
#4163=DIRECTION('ref_axis',(-1.,0.,0.));
#4164=DIRECTION('',(1.,0.,0.));
#4165=DIRECTION('center_axis',(1.,0.,0.));
#4166=DIRECTION('ref_axis',(0.,1.,0.));
#4167=DIRECTION('',(0.,0.,1.));
#4168=DIRECTION('',(0.,-1.,0.));
#4169=DIRECTION('',(0.,0.,1.));
#4170=DIRECTION('center_axis',(0.,-1.,0.));
#4171=DIRECTION('ref_axis',(1.,0.,0.));
#4172=DIRECTION('',(0.,0.,1.));
#4173=DIRECTION('',(-1.,0.,0.));
#4174=DIRECTION('center_axis',(-1.,0.,0.));
#4175=DIRECTION('ref_axis',(0.,-1.,0.));
#4176=DIRECTION('',(0.,0.,1.));
#4177=DIRECTION('',(0.,1.,0.));
#4178=DIRECTION('center_axis',(0.,1.,0.));
#4179=DIRECTION('ref_axis',(-1.,0.,0.));
#4180=DIRECTION('',(1.,0.,0.));
#4181=DIRECTION('center_axis',(-1.,0.,0.));
#4182=DIRECTION('ref_axis',(0.,-1.,0.));
#4183=DIRECTION('',(0.,0.,1.));
#4184=DIRECTION('',(0.,1.,0.));
#4185=DIRECTION('',(0.,0.,1.));
#4186=DIRECTION('center_axis',(0.,1.,0.));
#4187=DIRECTION('ref_axis',(-1.,0.,0.));
#4188=DIRECTION('',(0.,0.,1.));
#4189=DIRECTION('',(1.,0.,0.));
#4190=DIRECTION('center_axis',(1.,0.,0.));
#4191=DIRECTION('ref_axis',(0.,1.,0.));
#4192=DIRECTION('',(0.,0.,1.));
#4193=DIRECTION('',(0.,-1.,0.));
#4194=DIRECTION('center_axis',(0.,-1.,0.));
#4195=DIRECTION('ref_axis',(1.,0.,0.));
#4196=DIRECTION('',(-1.,0.,0.));
#4197=DIRECTION('center_axis',(0.,0.,1.));
#4198=DIRECTION('ref_axis',(1.,0.,0.));
#4199=DIRECTION('',(0.,0.,1.));
#4200=DIRECTION('center_axis',(0.,0.,-1.));
#4201=DIRECTION('ref_axis',(1.,0.,0.));
#4202=DIRECTION('center_axis',(0.,-1.,0.));
#4203=DIRECTION('ref_axis',(1.,0.,0.));
#4204=DIRECTION('',(0.,0.,1.));
#4205=DIRECTION('',(-1.,0.,0.));
#4206=DIRECTION('',(0.,0.,1.));
#4207=DIRECTION('center_axis',(-1.,0.,0.));
#4208=DIRECTION('ref_axis',(0.,-1.,0.));
#4209=DIRECTION('',(0.,0.,1.));
#4210=DIRECTION('',(0.,1.,0.));
#4211=DIRECTION('center_axis',(0.,1.,0.));
#4212=DIRECTION('ref_axis',(-1.,0.,0.));
#4213=DIRECTION('',(0.,0.,1.));
#4214=DIRECTION('',(1.,0.,0.));
#4215=DIRECTION('center_axis',(1.,0.,0.));
#4216=DIRECTION('ref_axis',(0.,1.,0.));
#4217=DIRECTION('',(0.,-1.,0.));
#4218=DIRECTION('center_axis',(-1.,0.,0.));
#4219=DIRECTION('ref_axis',(0.,-1.,0.));
#4220=DIRECTION('',(0.,-1.,0.));
#4221=DIRECTION('',(0.,0.,1.));
#4222=DIRECTION('',(0.,1.,0.));
#4223=DIRECTION('',(0.,0.,1.));
#4224=DIRECTION('center_axis',(0.,1.,0.));
#4225=DIRECTION('ref_axis',(-1.,0.,0.));
#4226=DIRECTION('',(-1.,0.,0.));
#4227=DIRECTION('',(0.,0.,1.));
#4228=DIRECTION('',(1.,0.,0.));
#4229=DIRECTION('center_axis',(1.,0.,0.));
#4230=DIRECTION('ref_axis',(0.,1.,0.));
#4231=DIRECTION('',(0.,1.,0.));
#4232=DIRECTION('',(0.,0.,1.));
#4233=DIRECTION('',(0.,-1.,0.));
#4234=DIRECTION('center_axis',(0.,-1.,0.));
#4235=DIRECTION('ref_axis',(1.,0.,0.));
#4236=DIRECTION('',(1.,0.,0.));
#4237=DIRECTION('',(-1.,0.,0.));
#4238=DIRECTION('center_axis',(-0.815946592206384,0.578127285869461,0.));
#4239=DIRECTION('ref_axis',(-0.578127285869461,-0.815946592206384,0.));
#4240=DIRECTION('',(-0.578127285869461,-0.815946592206384,0.));
#4241=DIRECTION('',(0.,0.,1.));
#4242=DIRECTION('',(0.578127285869461,0.815946592206384,0.));
#4243=DIRECTION('',(0.,0.,1.));
#4244=DIRECTION('center_axis',(0.578127188999801,0.815946660841987,0.));
#4245=DIRECTION('ref_axis',(-0.815946660841987,0.578127188999801,0.));
#4246=DIRECTION('',(-0.815946660841987,0.578127188999801,0.));
#4247=DIRECTION('',(0.,0.,1.));
#4248=DIRECTION('',(0.815946660841987,-0.578127188999801,0.));
#4249=DIRECTION('center_axis',(0.815730315111769,-0.578432410059857,0.));
#4250=DIRECTION('ref_axis',(0.578432410059857,0.815730315111769,0.));
#4251=DIRECTION('',(0.578432410059857,0.815730315111769,0.));
#4252=DIRECTION('',(0.,0.,1.));
#4253=DIRECTION('',(-0.578432410059857,-0.815730315111769,0.));
#4254=DIRECTION('center_axis',(-0.573899682788525,-0.818925609622285,0.));
#4255=DIRECTION('ref_axis',(0.818925609622285,-0.573899682788525,0.));
#4256=DIRECTION('',(0.818925609622285,-0.573899682788525,0.));
#4257=DIRECTION('',(-0.818925609622285,0.573899682788525,0.));
#4258=DIRECTION('center_axis',(-1.,0.,0.));
#4259=DIRECTION('ref_axis',(0.,-1.,0.));
#4260=DIRECTION('',(0.,0.,1.));
#4261=DIRECTION('',(0.,1.,0.));
#4262=DIRECTION('',(0.,0.,1.));
#4263=DIRECTION('center_axis',(0.,1.,0.));
#4264=DIRECTION('ref_axis',(-1.,0.,0.));
#4265=DIRECTION('',(0.,0.,1.));
#4266=DIRECTION('',(1.,0.,0.));
#4267=DIRECTION('center_axis',(1.,0.,0.));
#4268=DIRECTION('ref_axis',(0.,1.,0.));
#4269=DIRECTION('',(0.,0.,1.));
#4270=DIRECTION('',(0.,-1.,0.));
#4271=DIRECTION('center_axis',(0.,-1.,0.));
#4272=DIRECTION('ref_axis',(1.,0.,0.));
#4273=DIRECTION('',(-1.,0.,0.));
#4274=DIRECTION('center_axis',(0.,0.,1.));
#4275=DIRECTION('ref_axis',(1.,0.,0.));
#4276=DIRECTION('center_axis',(0.,0.,-1.));
#4277=DIRECTION('ref_axis',(1.,0.,0.));
#4278=DIRECTION('',(0.,0.,-1.));
#4279=DIRECTION('center_axis',(0.,0.,1.));
#4280=DIRECTION('ref_axis',(1.,0.,0.));
#4281=DIRECTION('center_axis',(0.,0.,1.));
#4282=DIRECTION('ref_axis',(1.,0.,0.));
#4283=DIRECTION('center_axis',(0.,0.,-1.));
#4284=DIRECTION('ref_axis',(1.,0.,0.));
#4285=DIRECTION('',(0.,0.,-1.));
#4286=DIRECTION('center_axis',(0.,0.,1.));
#4287=DIRECTION('ref_axis',(1.,0.,0.));
#4288=DIRECTION('center_axis',(0.,0.,1.));
#4289=DIRECTION('ref_axis',(1.,0.,0.));
#4290=DIRECTION('center_axis',(0.,0.,-1.));
#4291=DIRECTION('ref_axis',(1.,0.,0.));
#4292=DIRECTION('',(0.,0.,-1.));
#4293=DIRECTION('center_axis',(0.,0.,1.));
#4294=DIRECTION('ref_axis',(1.,0.,0.));
#4295=DIRECTION('center_axis',(0.,0.,1.));
#4296=DIRECTION('ref_axis',(1.,0.,0.));
#4297=DIRECTION('center_axis',(0.,0.,-1.));
#4298=DIRECTION('ref_axis',(1.,0.,0.));
#4299=DIRECTION('',(0.,0.,-1.));
#4300=DIRECTION('center_axis',(0.,0.,1.));
#4301=DIRECTION('ref_axis',(1.,0.,0.));
#4302=DIRECTION('center_axis',(0.,0.,1.));
#4303=DIRECTION('ref_axis',(1.,0.,0.));
#4304=DIRECTION('',(-3.85526821717133E-5,0.999999999256845,0.));
#4305=DIRECTION('center_axis',(0.,0.,1.));
#4306=DIRECTION('ref_axis',(0.999999999256845,3.8552682171061E-5,0.));
#4307=DIRECTION('',(-0.789310139969028,0.613994709213421,0.));
#4308=DIRECTION('center_axis',(0.,0.,1.));
#4309=DIRECTION('ref_axis',(0.613994709213422,0.789310139969028,0.));
#4310=DIRECTION('',(-0.831486347786827,-0.555545185780709,0.));
#4311=DIRECTION('center_axis',(0.,0.,1.));
#4312=DIRECTION('ref_axis',(-0.55554518578071,0.831486347786827,0.));
#4313=DIRECTION('',(3.85526821707867E-5,-0.999999999256845,0.));
#4314=DIRECTION('',(0.999999999256845,3.85526821709713E-5,0.));
#4315=DIRECTION('center_axis',(3.85526821709713E-5,-0.999999999256845,0.));
#4316=DIRECTION('ref_axis',(0.999999999256845,3.85526821709713E-5,0.));
#4317=DIRECTION('',(-0.999999999256845,-3.85526821709713E-5,0.));
#4318=DIRECTION('',(0.,0.,1.));
#4319=DIRECTION('',(0.,0.,1.));
#4320=DIRECTION('center_axis',(-0.999999999256845,-3.85526821707867E-5,
0.));
#4321=DIRECTION('ref_axis',(3.85526821707867E-5,-0.999999999256845,0.));
#4322=DIRECTION('',(-3.85526821707867E-5,0.999999999256845,0.));
#4323=DIRECTION('',(0.,0.,1.));
#4324=DIRECTION('center_axis',(0.,0.,1.));
#4325=DIRECTION('ref_axis',(-0.55554518578071,0.831486347786827,0.));
#4326=DIRECTION('center_axis',(0.,0.,1.));
#4327=DIRECTION('ref_axis',(-0.55554518578071,0.831486347786827,0.));
#4328=DIRECTION('',(0.,0.,1.));
#4329=DIRECTION('center_axis',(-0.55554518578071,0.831486347786828,0.));
#4330=DIRECTION('ref_axis',(-0.831486347786827,-0.555545185780709,0.));
#4331=DIRECTION('',(0.831486347786827,0.555545185780709,0.));
#4332=DIRECTION('',(0.,0.,1.));
#4333=DIRECTION('center_axis',(0.,0.,1.));
#4334=DIRECTION('ref_axis',(0.613994709213422,0.789310139969028,0.));
#4335=DIRECTION('center_axis',(0.,0.,1.));
#4336=DIRECTION('ref_axis',(0.613994709213422,0.789310139969028,0.));
#4337=DIRECTION('',(0.,0.,1.));
#4338=DIRECTION('center_axis',(0.613994709213421,0.789310139969028,0.));
#4339=DIRECTION('ref_axis',(-0.789310139969028,0.613994709213421,0.));
#4340=DIRECTION('',(0.789310139969028,-0.613994709213421,0.));
#4341=DIRECTION('',(0.,0.,1.));
#4342=DIRECTION('center_axis',(0.,0.,1.));
#4343=DIRECTION('ref_axis',(0.999999999256845,3.8552682171061E-5,0.));
#4344=DIRECTION('center_axis',(0.,0.,1.));
#4345=DIRECTION('ref_axis',(0.999999999256845,3.8552682171061E-5,0.));
#4346=DIRECTION('',(0.,0.,1.));
#4347=DIRECTION('center_axis',(0.999999999256845,3.85526821717133E-5,0.));
#4348=DIRECTION('ref_axis',(-3.85526821717133E-5,0.999999999256845,0.));
#4349=DIRECTION('',(3.85526821717133E-5,-0.999999999256845,0.));
#4350=DIRECTION('center_axis',(0.,0.,1.));
#4351=DIRECTION('ref_axis',(1.,0.,0.));
#4352=CARTESIAN_POINT('',(0.,0.,0.));
#4353=CARTESIAN_POINT('Ctrl Pts',(37.547542962828,56.5445587036966,13.));
#4354=CARTESIAN_POINT('Ctrl Pts',(37.547542962828,56.5445587036966,13.4));
#4355=CARTESIAN_POINT('Ctrl Pts',(37.8528489396957,56.1420493576883,13.));
#4356=CARTESIAN_POINT('Ctrl Pts',(37.8528489396957,56.1420493576883,13.4));
#4357=CARTESIAN_POINT('Ctrl Pts',(38.6334211264836,56.0361097646911,13.));
#4358=CARTESIAN_POINT('Ctrl Pts',(38.6334211264836,56.0361097646911,13.4));
#4359=CARTESIAN_POINT('Ctrl Pts',(39.0772596681503,56.2209205124735,13.));
#4360=CARTESIAN_POINT('Ctrl Pts',(39.0772596681503,56.2209205124735,13.4));
#4361=CARTESIAN_POINT('',(39.0772596681503,56.2209205124735,13.));
#4362=CARTESIAN_POINT('',(37.5475455578863,56.5445552824454,13.));
#4363=CARTESIAN_POINT('Ctrl Pts',(39.0772596681503,56.2209205124735,13.));
#4364=CARTESIAN_POINT('Ctrl Pts',(38.633422384,56.0361102883106,13.));
#4365=CARTESIAN_POINT('Ctrl Pts',(37.8528533628435,56.1420487573788,13.));
#4366=CARTESIAN_POINT('Ctrl Pts',(37.5475455578863,56.5445552824454,13.));
#4367=CARTESIAN_POINT('',(39.0772596681503,56.2209205124735,13.4));
#4368=CARTESIAN_POINT('',(39.0772596681503,56.2209205124735,13.));
#4369=CARTESIAN_POINT('',(37.5475455578863,56.5445552824454,13.4));
#4370=CARTESIAN_POINT('Ctrl Pts',(37.5475455578863,56.5445552824454,13.4));
#4371=CARTESIAN_POINT('Ctrl Pts',(37.8528533628435,56.1420487573788,13.4));
#4372=CARTESIAN_POINT('Ctrl Pts',(38.633422384,56.0361102883106,13.4));
#4373=CARTESIAN_POINT('Ctrl Pts',(39.0772596681503,56.2209205124735,13.4));
#4374=CARTESIAN_POINT('',(37.5475455578863,56.5445552824454,13.));
#4375=CARTESIAN_POINT('Ctrl Pts',(37.9078562410263,57.3591840444762,13.));
#4376=CARTESIAN_POINT('Ctrl Pts',(37.9078562410263,57.3591840444762,13.4));
#4377=CARTESIAN_POINT('Ctrl Pts',(37.7856201621281,57.0885138733743,13.));
#4378=CARTESIAN_POINT('Ctrl Pts',(37.7856201621281,57.0885138733743,13.4));
#4379=CARTESIAN_POINT('Ctrl Pts',(37.6654198116846,56.8172646032531,13.));
#4380=CARTESIAN_POINT('Ctrl Pts',(37.6654198116846,56.8172646032531,13.4));
#4381=CARTESIAN_POINT('Ctrl Pts',(37.5475465155827,56.5445587036966,13.));
#4382=CARTESIAN_POINT('Ctrl Pts',(37.5475465155827,56.5445587036966,13.4));
#4383=CARTESIAN_POINT('',(37.9078562410263,57.3591840444762,13.));
#4384=CARTESIAN_POINT('Ctrl Pts',(37.5475470748498,56.5445599975896,13.));
#4385=CARTESIAN_POINT('Ctrl Pts',(37.66542019189,56.817265461241,13.));
#4386=CARTESIAN_POINT('Ctrl Pts',(37.7856203554505,57.0885143014524,13.));
#4387=CARTESIAN_POINT('Ctrl Pts',(37.9078562410263,57.3591840444762,13.));
#4388=CARTESIAN_POINT('',(37.9078562410263,57.3591840444762,13.4));
#4389=CARTESIAN_POINT('Ctrl Pts',(37.9078562410263,57.3591840444762,13.4));
#4390=CARTESIAN_POINT('Ctrl Pts',(37.7856203554505,57.0885143014524,13.4));
#4391=CARTESIAN_POINT('Ctrl Pts',(37.66542019189,56.817265461241,13.4));
#4392=CARTESIAN_POINT('Ctrl Pts',(37.5475470748498,56.5445599975896,13.4));
#4393=CARTESIAN_POINT('',(37.9078562410263,57.3591840444762,13.));
#4394=CARTESIAN_POINT('Ctrl Pts',(37.9622808905827,57.3603493480244,13.));
#4395=CARTESIAN_POINT('Ctrl Pts',(37.9622808905827,57.3603493480244,13.4));
#4396=CARTESIAN_POINT('Ctrl Pts',(37.9430711458114,57.3775198115864,13.));
#4397=CARTESIAN_POINT('Ctrl Pts',(37.9430711458114,57.3775198115864,13.4));
#4398=CARTESIAN_POINT('Ctrl Pts',(37.9250267045883,57.3772284856994,13.));
#4399=CARTESIAN_POINT('Ctrl Pts',(37.9250267045883,57.3772284856994,13.4));
#4400=CARTESIAN_POINT('Ctrl Pts',(37.9078562410263,57.3591840444762,13.));
#4401=CARTESIAN_POINT('Ctrl Pts',(37.9078562410263,57.3591840444762,13.4));
#4402=CARTESIAN_POINT('',(37.9622824704484,57.3603475825445,13.));
#4403=CARTESIAN_POINT('Ctrl Pts',(37.9078579293142,57.359185818638,13.));
#4404=CARTESIAN_POINT('Ctrl Pts',(37.9250278874022,57.377228504777,13.));
#4405=CARTESIAN_POINT('Ctrl Pts',(37.9430717754105,57.3775192488247,13.));
#4406=CARTESIAN_POINT('Ctrl Pts',(37.9622808905827,57.3603493480244,13.));
#4407=CARTESIAN_POINT('',(37.9622824704484,57.3603475825445,13.4));
#4408=CARTESIAN_POINT('Ctrl Pts',(37.9622808905827,57.3603493480244,13.4));
#4409=CARTESIAN_POINT('Ctrl Pts',(37.9430717754105,57.3775192488247,13.4));
#4410=CARTESIAN_POINT('Ctrl Pts',(37.9250278874022,57.377228504777,13.4));
#4411=CARTESIAN_POINT('Ctrl Pts',(37.9078579293142,57.359185818638,13.4));
#4412=CARTESIAN_POINT('',(37.9622824704484,57.3603475825445,13.));
#4413=CARTESIAN_POINT('Ctrl Pts',(40.0301333533513,56.9202944901346,13.));
#4414=CARTESIAN_POINT('Ctrl Pts',(40.0301333533513,56.9202944901346,13.4));
#4415=CARTESIAN_POINT('Ctrl Pts',(39.5161527752466,56.4223226247985,13.));
#4416=CARTESIAN_POINT('Ctrl Pts',(39.5161527752466,56.4223226247985,13.4));
#4417=CARTESIAN_POINT('Ctrl Pts',(38.3834173295883,56.8897336940327,13.));
#4418=CARTESIAN_POINT('Ctrl Pts',(38.3834173295883,56.8897336940327,13.4));
#4419=CARTESIAN_POINT('Ctrl Pts',(37.9622808905827,57.3603493480244,13.));
#4420=CARTESIAN_POINT('Ctrl Pts',(37.9622808905827,57.3603493480244,13.4));
#4421=CARTESIAN_POINT('',(40.0301348862807,56.9202962497555,13.));
#4422=CARTESIAN_POINT('Ctrl Pts',(37.9622824704498,57.3603475825428,13.));
#4423=CARTESIAN_POINT('Ctrl Pts',(38.3834201625056,56.889732525061,13.));
#4424=CARTESIAN_POINT('Ctrl Pts',(39.5161534179673,56.4223232475007,13.));
#4425=CARTESIAN_POINT('Ctrl Pts',(40.0301333533513,56.9202944901346,13.));
#4426=CARTESIAN_POINT('',(40.0301348862807,56.9202962497555,13.4));
#4427=CARTESIAN_POINT('Ctrl Pts',(40.0301333533513,56.9202944901346,13.4));
#4428=CARTESIAN_POINT('Ctrl Pts',(39.5161534179673,56.4223232475007,13.4));
#4429=CARTESIAN_POINT('Ctrl Pts',(38.3834201625056,56.889732525061,13.4));
#4430=CARTESIAN_POINT('Ctrl Pts',(37.9622824704498,57.3603475825428,13.4));
#4431=CARTESIAN_POINT('',(40.0301348862807,56.9202962497555,13.));
#4432=CARTESIAN_POINT('Ctrl Pts',(39.7201732678003,59.3566031449198,13.));
#4433=CARTESIAN_POINT('Ctrl Pts',(39.7201732678003,59.3566031449198,13.4));
#4434=CARTESIAN_POINT('Ctrl Pts',(38.9829660051254,58.4264351151346,13.));
#4435=CARTESIAN_POINT('Ctrl Pts',(38.9829660051254,58.4264351151346,13.4));
#4436=CARTESIAN_POINT('Ctrl Pts',(40.5103521033513,57.471525701479,13.));
#4437=CARTESIAN_POINT('Ctrl Pts',(40.5103521033513,57.471525701479,13.4));
#4438=CARTESIAN_POINT('Ctrl Pts',(40.0301333533513,56.9202944901346,13.));
#4439=CARTESIAN_POINT('Ctrl Pts',(40.0301333533513,56.9202944901346,13.4));
#4440=CARTESIAN_POINT('',(39.720174679967,59.3566048835574,13.));
#4441=CARTESIAN_POINT('Ctrl Pts',(40.0301348862807,56.9202962497555,13.));
#4442=CARTESIAN_POINT('Ctrl Pts',(40.5103488529109,57.4715277336296,13.));
#4443=CARTESIAN_POINT('Ctrl Pts',(38.9829667895538,58.4264361048837,13.));
#4444=CARTESIAN_POINT('Ctrl Pts',(39.7201732678003,59.3566031449198,13.));
#4445=CARTESIAN_POINT('',(39.720174679967,59.3566048835574,13.4));
#4446=CARTESIAN_POINT('Ctrl Pts',(39.7201732678003,59.3566031449198,13.4));
#4447=CARTESIAN_POINT('Ctrl Pts',(38.9829667895538,58.4264361048837,13.4));
#4448=CARTESIAN_POINT('Ctrl Pts',(40.5103488529109,57.4715277336296,13.4));
#4449=CARTESIAN_POINT('Ctrl Pts',(40.0301348862807,56.9202962497555,13.4));
#4450=CARTESIAN_POINT('',(39.720174679967,59.3566048835574,13.));
#4451=CARTESIAN_POINT('Ctrl Pts',(40.3077846874781,59.872619451479,13.));
#4452=CARTESIAN_POINT('Ctrl Pts',(40.3077846874781,59.872619451479,13.4));
#4453=CARTESIAN_POINT('Ctrl Pts',(40.1145361472356,59.6968291479308,13.));
#4454=CARTESIAN_POINT('Ctrl Pts',(40.1145361472356,59.6968291479308,13.4));
#4455=CARTESIAN_POINT('Ctrl Pts',(39.8863569225855,59.5612062892476,13.));
#4456=CARTESIAN_POINT('Ctrl Pts',(39.8863569225855,59.5612062892476,13.4));
#4457=CARTESIAN_POINT('Ctrl Pts',(39.7201732678003,59.3566031449198,13.));
#4458=CARTESIAN_POINT('Ctrl Pts',(39.7201732678003,59.3566031449198,13.4));
#4459=CARTESIAN_POINT('',(40.3077867790948,59.8726211996674,13.));
#4460=CARTESIAN_POINT('Ctrl Pts',(39.720174679967,59.3566048835574,13.));
#4461=CARTESIAN_POINT('Ctrl Pts',(39.8863582152385,59.561207057562,13.));
#4462=CARTESIAN_POINT('Ctrl Pts',(40.1145366946197,59.6968296458638,13.));
#4463=CARTESIAN_POINT('Ctrl Pts',(40.3077846874781,59.872619451479,13.));
#4464=CARTESIAN_POINT('',(40.3077867790948,59.8726211996674,13.4));
#4465=CARTESIAN_POINT('Ctrl Pts',(40.3077846874781,59.872619451479,13.4));
#4466=CARTESIAN_POINT('Ctrl Pts',(40.1145366946197,59.6968296458638,13.4));
#4467=CARTESIAN_POINT('Ctrl Pts',(39.8863582152385,59.561207057562,13.4));
#4468=CARTESIAN_POINT('Ctrl Pts',(39.720174679967,59.3566048835574,13.4));
#4469=CARTESIAN_POINT('',(40.3077867790948,59.8726211996674,13.));
#4470=CARTESIAN_POINT('Ctrl Pts',(40.137526023029,60.2661083532531,13.));
#4471=CARTESIAN_POINT('Ctrl Pts',(40.137526023029,60.2661083532531,13.4));
#4472=CARTESIAN_POINT('Ctrl Pts',(40.3307781160263,60.2271097646911,13.));
#4473=CARTESIAN_POINT('Ctrl Pts',(40.3307781160263,60.2271097646911,13.4));
#4474=CARTESIAN_POINT('Ctrl Pts',(40.5045291383651,60.0370587036966,13.));
#4475=CARTESIAN_POINT('Ctrl Pts',(40.5045291383651,60.0370587036966,13.4));
#4476=CARTESIAN_POINT('Ctrl Pts',(40.3077846874781,59.872619451479,13.));
#4477=CARTESIAN_POINT('Ctrl Pts',(40.3077846874781,59.872619451479,13.4));
#4478=CARTESIAN_POINT('',(40.137526023029,60.2661083532531,13.));
#4479=CARTESIAN_POINT('Ctrl Pts',(40.3077867790948,59.8726211996674,13.));
#4480=CARTESIAN_POINT('Ctrl Pts',(40.5045267371859,60.0370590730053,13.));
#4481=CARTESIAN_POINT('Ctrl Pts',(40.3307794972447,60.2271076430111,13.));
#4482=CARTESIAN_POINT('Ctrl Pts',(40.1375294699538,60.2661076576416,13.));
#4483=CARTESIAN_POINT('',(40.137526023029,60.2661083532531,13.4));
#4484=CARTESIAN_POINT('Ctrl Pts',(40.1375294699538,60.2661076576416,13.4));
#4485=CARTESIAN_POINT('Ctrl Pts',(40.3307794972447,60.2271076430111,13.4));
#4486=CARTESIAN_POINT('Ctrl Pts',(40.5045267371859,60.0370590730053,13.4));
#4487=CARTESIAN_POINT('Ctrl Pts',(40.3077867790948,59.8726211996674,13.4));
#4488=CARTESIAN_POINT('',(40.137526023029,60.2661083532531,13.));
#4489=CARTESIAN_POINT('Ctrl Pts',(38.3988433905827,59.3941486568013,13.));
#4490=CARTESIAN_POINT('Ctrl Pts',(38.3988433905827,59.3941486568013,13.4));
#4491=CARTESIAN_POINT('Ctrl Pts',(38.7684648861475,60.0021351247985,13.));
#4492=CARTESIAN_POINT('Ctrl Pts',(38.7684648861475,60.0021351247985,13.4));
#4493=CARTESIAN_POINT('Ctrl Pts',(39.4163239203679,60.3758316300272,13.));
#4494=CARTESIAN_POINT('Ctrl Pts',(39.4163239203679,60.3758316300272,13.4));
#4495=CARTESIAN_POINT('Ctrl Pts',(40.137526023029,60.2661083532531,13.));
#4496=CARTESIAN_POINT('Ctrl Pts',(40.137526023029,60.2661083532531,13.4));
#4497=CARTESIAN_POINT('',(38.3988433905827,59.3941486568013,13.));
#4498=CARTESIAN_POINT('Ctrl Pts',(40.137526023029,60.2661083532531,13.));
#4499=CARTESIAN_POINT('Ctrl Pts',(39.4163247434879,60.3758315047982,13.));
#4500=CARTESIAN_POINT('Ctrl Pts',(38.7684663649723,60.00213597781,13.));
#4501=CARTESIAN_POINT('Ctrl Pts',(38.3988446561494,59.3941507385157,13.));
#4502=CARTESIAN_POINT('',(38.3988433905827,59.3941486568013,13.4));
#4503=CARTESIAN_POINT('Ctrl Pts',(38.3988446561494,59.3941507385157,13.4));
#4504=CARTESIAN_POINT('Ctrl Pts',(38.7684663649723,60.00213597781,13.4));
#4505=CARTESIAN_POINT('Ctrl Pts',(39.4163247434879,60.3758315047982,13.4));
#4506=CARTESIAN_POINT('Ctrl Pts',(40.137526023029,60.2661083532531,13.4));
#4507=CARTESIAN_POINT('',(38.3988433905827,59.3941486568013,13.));
#4508=CARTESIAN_POINT('Ctrl Pts',(38.3281187023707,59.3976410146911,13.));
#4509=CARTESIAN_POINT('Ctrl Pts',(38.3281187023707,59.3976410146911,13.4));
#4510=CARTESIAN_POINT('Ctrl Pts',(38.3516947826929,59.3694108256855,13.));
#4511=CARTESIAN_POINT('Ctrl Pts',(38.3516947826929,59.3694108256855,13.4));
#4512=CARTESIAN_POINT('Ctrl Pts',(38.3752673102605,59.3682455221374,13.));
#4513=CARTESIAN_POINT('Ctrl Pts',(38.3752673102605,59.3682455221374,13.4));
#4514=CARTESIAN_POINT('Ctrl Pts',(38.3988433905827,59.3941486568013,13.));
#4515=CARTESIAN_POINT('Ctrl Pts',(38.3988433905827,59.3941486568013,13.4));
#4516=CARTESIAN_POINT('',(38.3281187023707,59.3976410146911,13.));
#4517=CARTESIAN_POINT('Ctrl Pts',(38.3988433905827,59.3941486568013,13.));
#4518=CARTESIAN_POINT('Ctrl Pts',(38.3752678603156,59.3682461264851,13.));
#4519=CARTESIAN_POINT('Ctrl Pts',(38.3516958826374,59.3694107713247,13.));
#4520=CARTESIAN_POINT('Ctrl Pts',(38.328120352536,59.397639038814,13.));
#4521=CARTESIAN_POINT('',(38.3281187023707,59.3976410146911,13.4));
#4522=CARTESIAN_POINT('Ctrl Pts',(38.328120352536,59.397639038814,13.4));
#4523=CARTESIAN_POINT('Ctrl Pts',(38.3516958826374,59.3694107713247,13.4));
#4524=CARTESIAN_POINT('Ctrl Pts',(38.3752678603156,59.3682461264851,13.4));
#4525=CARTESIAN_POINT('Ctrl Pts',(38.3988433905827,59.3941486568013,13.4));
#4526=CARTESIAN_POINT('',(38.3281187023707,59.3976410146911,13.));
#4527=CARTESIAN_POINT('Ctrl Pts',(37.8249065238225,60.5425979365864,13.));
#4528=CARTESIAN_POINT('Ctrl Pts',(37.8249065238225,60.5425979365864,13.4));
#4529=CARTESIAN_POINT('Ctrl Pts',(37.4535370729354,60.2864834015726,13.));
#4530=CARTESIAN_POINT('Ctrl Pts',(37.4535370729354,60.2864834015726,13.4));
#4531=CARTESIAN_POINT('Ctrl Pts',(38.1240982098169,59.5940941396911,13.));
#4532=CARTESIAN_POINT('Ctrl Pts',(38.1240982098169,59.5940941396911,13.4));
#4533=CARTESIAN_POINT('Ctrl Pts',(38.3281187023707,59.3976410146911,13.));
#4534=CARTESIAN_POINT('Ctrl Pts',(38.3281187023707,59.3976410146911,13.4));
#4535=CARTESIAN_POINT('',(37.8249089989666,60.5425995697477,13.));
#4536=CARTESIAN_POINT('Ctrl Pts',(38.3281187023707,59.3976410146911,13.));
#4537=CARTESIAN_POINT('Ctrl Pts',(38.1240982098169,59.5940941396911,13.));
#4538=CARTESIAN_POINT('Ctrl Pts',(37.4535370729354,60.2864834015726,13.));
#4539=CARTESIAN_POINT('Ctrl Pts',(37.8249065238225,60.5425979365864,13.));
#4540=CARTESIAN_POINT('',(37.8249089989666,60.5425995697477,13.4));
#4541=CARTESIAN_POINT('Ctrl Pts',(37.8249065238225,60.5425979365864,13.4));
#4542=CARTESIAN_POINT('Ctrl Pts',(37.4535370729354,60.2864834015726,13.4));
#4543=CARTESIAN_POINT('Ctrl Pts',(38.1240982098169,59.5940941396911,13.4));
#4544=CARTESIAN_POINT('Ctrl Pts',(38.3281187023707,59.3976410146911,13.4));
#4545=CARTESIAN_POINT('',(37.8249089989666,60.5425995697477,13.));
#4546=CARTESIAN_POINT('Ctrl Pts',(40.2705305014836,60.7687378800272,13.));
#4547=CARTESIAN_POINT('Ctrl Pts',(40.2705305014836,60.7687378800272,13.4));
#4548=CARTESIAN_POINT('Ctrl Pts',(39.5141134940373,61.0231080124735,13.));
#4549=CARTESIAN_POINT('Ctrl Pts',(39.5141134940373,61.0231080124735,13.4));
#4550=CARTESIAN_POINT('Ctrl Pts',(38.5059447343734,60.9919645645975,13.));
#4551=CARTESIAN_POINT('Ctrl Pts',(38.5059447343734,60.9919645645975,13.4));
#4552=CARTESIAN_POINT('Ctrl Pts',(37.8249065238225,60.5425979365864,13.));
#4553=CARTESIAN_POINT('Ctrl Pts',(37.8249065238225,60.5425979365864,13.4));
#4554=CARTESIAN_POINT('',(40.2705335853814,60.7687366775669,13.));
#4555=CARTESIAN_POINT('Ctrl Pts',(37.8249089989666,60.5425995697477,13.));
#4556=CARTESIAN_POINT('Ctrl Pts',(38.5059471770764,60.9919646400549,13.));
#4557=CARTESIAN_POINT('Ctrl Pts',(39.5141144104029,61.0231077043153,13.));
#4558=CARTESIAN_POINT('Ctrl Pts',(40.2705305014836,60.7687378800272,13.));
#4559=CARTESIAN_POINT('',(40.2705335853814,60.7687366775669,13.4));
#4560=CARTESIAN_POINT('Ctrl Pts',(40.2705305014836,60.7687378800272,13.4));
#4561=CARTESIAN_POINT('Ctrl Pts',(39.5141144104029,61.0231077043153,13.4));
#4562=CARTESIAN_POINT('Ctrl Pts',(38.5059471770764,60.9919646400549,13.4));
#4563=CARTESIAN_POINT('Ctrl Pts',(37.8249089989666,60.5425995697477,13.4));
#4564=CARTESIAN_POINT('',(40.2705335853814,60.7687366775669,13.));
#4565=CARTESIAN_POINT('Ctrl Pts',(40.3904395260401,59.8470076427021,13.));
#4566=CARTESIAN_POINT('Ctrl Pts',(40.3904395260401,59.8470076427021,13.4));
#4567=CARTESIAN_POINT('Ctrl Pts',(40.6942888734725,60.2378781642476,13.));
#4568=CARTESIAN_POINT('Ctrl Pts',(40.6942888734725,60.2378781642476,13.4));
#4569=CARTESIAN_POINT('Ctrl Pts',(40.8706582760401,60.5347392431457,13.));
#4570=CARTESIAN_POINT('Ctrl Pts',(40.8706582760401,60.5347392431457,13.4));
#4571=CARTESIAN_POINT('Ctrl Pts',(40.2705305014836,60.7687378800272,13.));
#4572=CARTESIAN_POINT('Ctrl Pts',(40.2705305014836,60.7687378800272,13.4));
#4573=CARTESIAN_POINT('',(40.3904395260401,59.8470076427021,13.));
#4574=CARTESIAN_POINT('Ctrl Pts',(40.2705335853814,60.7687366775669,13.));
#4575=CARTESIAN_POINT('Ctrl Pts',(40.8706567907986,60.5347385696776,13.));
#4576=CARTESIAN_POINT('Ctrl Pts',(40.6942888708506,60.237878366349,13.));
#4577=CARTESIAN_POINT('Ctrl Pts',(40.3904408642612,59.8470093641846,13.));
#4578=CARTESIAN_POINT('',(40.3904395260401,59.8470076427021,13.4));
#4579=CARTESIAN_POINT('Ctrl Pts',(40.3904408642612,59.8470093641846,13.4));
#4580=CARTESIAN_POINT('Ctrl Pts',(40.6942888708506,60.237878366349,13.4));
#4581=CARTESIAN_POINT('Ctrl Pts',(40.8706567907986,60.5347385696776,13.4));
#4582=CARTESIAN_POINT('Ctrl Pts',(40.2705335853814,60.7687366775669,13.4));
#4583=CARTESIAN_POINT('',(40.3904395260401,59.8470076427021,13.));
#4584=CARTESIAN_POINT('Ctrl Pts',(40.6631454255966,58.9060712133605,13.));
#4585=CARTESIAN_POINT('Ctrl Pts',(40.6631454255966,58.9060712133605,13.4));
#4586=CARTESIAN_POINT('Ctrl Pts',(40.5697221874781,59.1581107387104,13.));
#4587=CARTESIAN_POINT('Ctrl Pts',(40.5697221874781,59.1581107387104,13.4));
#4588=CARTESIAN_POINT('Ctrl Pts',(40.2827555304753,59.5809951330382,13.));
#4589=CARTESIAN_POINT('Ctrl Pts',(40.2827555304753,59.5809951330382,13.4));
#4590=CARTESIAN_POINT('Ctrl Pts',(40.3904395260401,59.8470076427021,13.));
#4591=CARTESIAN_POINT('Ctrl Pts',(40.3904395260401,59.8470076427021,13.4));
#4592=CARTESIAN_POINT('',(40.6631454255966,58.9060712133605,13.));
#4593=CARTESIAN_POINT('Ctrl Pts',(40.3904395260401,59.8470076427021,13.));
#4594=CARTESIAN_POINT('Ctrl Pts',(40.2827555304753,59.5809951330382,13.));
#4595=CARTESIAN_POINT('Ctrl Pts',(40.5697221874781,59.1581107387104,13.));
#4596=CARTESIAN_POINT('Ctrl Pts',(40.6631454255966,58.9060712133605,13.));
#4597=CARTESIAN_POINT('',(40.6631454255966,58.9060712133605,13.4));
#4598=CARTESIAN_POINT('Ctrl Pts',(40.6631454255966,58.9060712133605,13.4));
#4599=CARTESIAN_POINT('Ctrl Pts',(40.5697221874781,59.1581107387104,13.4));
#4600=CARTESIAN_POINT('Ctrl Pts',(40.2827555304753,59.5809951330382,13.4));
#4601=CARTESIAN_POINT('Ctrl Pts',(40.3904395260401,59.8470076427021,13.4));
#4602=CARTESIAN_POINT('',(40.6631454255966,58.9060712133605,13.));
#4603=CARTESIAN_POINT('Ctrl Pts',(39.0772596681503,56.2209205124735,13.));
#4604=CARTESIAN_POINT('Ctrl Pts',(39.0772596681503,56.2209205124735,13.4));
#4605=CARTESIAN_POINT('Ctrl Pts',(40.1037641949244,56.6234298584818,13.));
#4606=CARTESIAN_POINT('Ctrl Pts',(40.1037641949244,56.6234298584818,13.4));
#4607=CARTESIAN_POINT('Ctrl Pts',(41.2306766755966,57.7139656835753,13.));
#4608=CARTESIAN_POINT('Ctrl Pts',(41.2306766755966,57.7139656835753,13.4));
#4609=CARTESIAN_POINT('Ctrl Pts',(40.6631454255966,58.9060712133605,13.));
#4610=CARTESIAN_POINT('Ctrl Pts',(40.6631454255966,58.9060712133605,13.4));
#4611=CARTESIAN_POINT('Ctrl Pts',(40.6631454255966,58.9060712133605,13.));
#4612=CARTESIAN_POINT('Ctrl Pts',(41.2306766755966,57.7139656835753,13.));
#4613=CARTESIAN_POINT('Ctrl Pts',(40.1037641949244,56.6234298584818,13.));
#4614=CARTESIAN_POINT('Ctrl Pts',(39.0772596681503,56.2209205124735,13.));
#4615=CARTESIAN_POINT('Ctrl Pts',(39.0772596681503,56.2209205124735,13.4));
#4616=CARTESIAN_POINT('Ctrl Pts',(40.1037641949244,56.6234298584818,13.4));
#4617=CARTESIAN_POINT('Ctrl Pts',(41.2306766755966,57.7139656835753,13.4));
#4618=CARTESIAN_POINT('Ctrl Pts',(40.6631454255966,58.9060712133605,13.4));
#4619=CARTESIAN_POINT('Origin',(39.342106874266,58.529608996313,13.4));
#4620=CARTESIAN_POINT('Ctrl Pts',(41.7862777752466,58.8152663554707,13.));
#4621=CARTESIAN_POINT('Ctrl Pts',(41.7862777752466,58.8152663554707,13.4));
#4622=CARTESIAN_POINT('Ctrl Pts',(41.7973375006902,58.790528524355,13.));
#4623=CARTESIAN_POINT('Ctrl Pts',(41.7973375006902,58.790528524355,13.4));
#4624=CARTESIAN_POINT('Ctrl Pts',(41.8127600089299,58.768700399355,13.));
#4625=CARTESIAN_POINT('Ctrl Pts',(41.8127600089299,58.768700399355,13.4));
#4626=CARTESIAN_POINT('Ctrl Pts',(41.8325524054753,58.7500733063577,13.));
#4627=CARTESIAN_POINT('Ctrl Pts',(41.8325524054753,58.7500733063577,13.4));
#4628=CARTESIAN_POINT('',(41.8325524054753,58.7500733063577,13.));
#4629=CARTESIAN_POINT('',(41.7862777752466,58.8152663554707,13.));
#4630=CARTESIAN_POINT('Ctrl Pts',(41.8325505216081,58.7500750793319,13.));
#4631=CARTESIAN_POINT('Ctrl Pts',(41.8127590303039,58.7687017844547,13.));
#4632=CARTESIAN_POINT('Ctrl Pts',(41.7973371497945,58.7905293092206,13.));
#4633=CARTESIAN_POINT('Ctrl Pts',(41.7862777752466,58.8152663554707,13.));
#4634=CARTESIAN_POINT('',(41.8325524054753,58.7500733063577,13.4));
#4635=CARTESIAN_POINT('',(41.8325524054753,58.7500733063577,13.));
#4636=CARTESIAN_POINT('',(41.7862777752466,58.8152663554707,13.4));
#4637=CARTESIAN_POINT('Ctrl Pts',(41.7862777752466,58.8152663554707,13.4));
#4638=CARTESIAN_POINT('Ctrl Pts',(41.7973371497945,58.7905293092206,13.4));
#4639=CARTESIAN_POINT('Ctrl Pts',(41.8127590303039,58.7687017844547,13.4));
#4640=CARTESIAN_POINT('Ctrl Pts',(41.8325505216081,58.7500750793319,13.4));
#4641=CARTESIAN_POINT('',(41.7862777752466,58.8152663554707,13.));
#4642=CARTESIAN_POINT('Ctrl Pts',(44.275554450153,61.3464548778096,13.));
#4643=CARTESIAN_POINT('Ctrl Pts',(44.275554450153,61.3464548778096,13.4));
#4644=CARTESIAN_POINT('Ctrl Pts',(43.4428846681503,60.5053437505919,13.));
#4645=CARTESIAN_POINT('Ctrl Pts',(43.4428846681503,60.5053437505919,13.4));
#4646=CARTESIAN_POINT('Ctrl Pts',(42.6131245922632,59.6616142431457,13.));
#4647=CARTESIAN_POINT('Ctrl Pts',(42.6131245922632,59.6616142431457,13.4));
#4648=CARTESIAN_POINT('Ctrl Pts',(41.7862742224919,58.8152663554707,13.));
#4649=CARTESIAN_POINT('Ctrl Pts',(41.7862742224919,58.8152663554707,13.4));
#4650=CARTESIAN_POINT('',(44.275554450153,61.3464548778096,13.));
#4651=CARTESIAN_POINT('Ctrl Pts',(41.7862742224919,58.8152663554707,13.));
#4652=CARTESIAN_POINT('Ctrl Pts',(42.6131245922632,59.6616142431457,13.));
#4653=CARTESIAN_POINT('Ctrl Pts',(43.4428846681503,60.5053437505919,13.));
#4654=CARTESIAN_POINT('Ctrl Pts',(44.275554450153,61.3464548778096,13.));
#4655=CARTESIAN_POINT('',(44.275554450153,61.3464548778096,13.4));
#4656=CARTESIAN_POINT('Ctrl Pts',(44.275554450153,61.3464548778096,13.4));
#4657=CARTESIAN_POINT('Ctrl Pts',(43.4428846681503,60.5053437505919,13.4));
#4658=CARTESIAN_POINT('Ctrl Pts',(42.6131245922632,59.6616142431457,13.4));
#4659=CARTESIAN_POINT('Ctrl Pts',(41.7862742224919,58.8152663554707,13.4));
#4660=CARTESIAN_POINT('',(44.275554450153,61.3464548778096,13.));
#4661=CARTESIAN_POINT('Ctrl Pts',(44.3337627834864,61.3441278234679,13.));
#4662=CARTESIAN_POINT('Ctrl Pts',(44.3337627834864,61.3441278234679,13.4));
#4663=CARTESIAN_POINT('Ctrl Pts',(44.3148443646021,61.361880938804,13.));
#4664=CARTESIAN_POINT('Ctrl Pts',(44.3148443646021,61.361880938804,13.4));
#4665=CARTESIAN_POINT('Ctrl Pts',(44.2953468466985,61.3627549164652,13.));
#4666=CARTESIAN_POINT('Ctrl Pts',(44.2953468466985,61.3627549164652,13.4));
#4667=CARTESIAN_POINT('Ctrl Pts',(44.275554450153,61.3464548778096,13.));
#4668=CARTESIAN_POINT('Ctrl Pts',(44.275554450153,61.3464548778096,13.4));
#4669=CARTESIAN_POINT('',(44.3337627834864,61.3441278234679,13.));
#4670=CARTESIAN_POINT('Ctrl Pts',(44.275554450153,61.3464548778096,13.));
#4671=CARTESIAN_POINT('Ctrl Pts',(44.2953462056987,61.3627543885695,13.));
#4672=CARTESIAN_POINT('Ctrl Pts',(44.3148431017022,61.3618809953956,13.));
#4673=CARTESIAN_POINT('Ctrl Pts',(44.3337609453996,61.3441295482807,13.));
#4674=CARTESIAN_POINT('',(44.3337627834864,61.3441278234679,13.4));
#4675=CARTESIAN_POINT('Ctrl Pts',(44.3337609453996,61.3441295482807,13.4));
#4676=CARTESIAN_POINT('Ctrl Pts',(44.3148431017022,61.3618809953956,13.4));
#4677=CARTESIAN_POINT('Ctrl Pts',(44.2953462056987,61.3627543885695,13.4));
#4678=CARTESIAN_POINT('Ctrl Pts',(44.275554450153,61.3464548778096,13.4));
#4679=CARTESIAN_POINT('',(44.3337627834864,61.3441278234679,13.));
#4680=CARTESIAN_POINT('Ctrl Pts',(46.8486548199244,58.8286531352558,13.));
#4681=CARTESIAN_POINT('Ctrl Pts',(46.8486548199244,58.8286531352558,13.4));
#4682=CARTESIAN_POINT('Ctrl Pts',(46.0127804531641,59.6697642624735,13.));
#4683=CARTESIAN_POINT('Ctrl Pts',(46.0127804531641,59.6697642624735,13.4));
#4684=CARTESIAN_POINT('Ctrl Pts',(45.1745825848169,60.5082570094624,13.));
#4685=CARTESIAN_POINT('Ctrl Pts',(45.1745825848169,60.5082570094624,13.4));
#4686=CARTESIAN_POINT('Ctrl Pts',(44.3337627834864,61.3441278234679,13.));
#4687=CARTESIAN_POINT('Ctrl Pts',(44.3337627834864,61.3441278234679,13.4));
#4688=CARTESIAN_POINT('',(46.8486548199244,58.8286531352558,13.));
#4689=CARTESIAN_POINT('Ctrl Pts',(44.3337627834864,61.3441278234679,13.));
#4690=CARTESIAN_POINT('Ctrl Pts',(45.1745825848169,60.5082570094624,13.));
#4691=CARTESIAN_POINT('Ctrl Pts',(46.0127804531641,59.6697642624735,13.));
#4692=CARTESIAN_POINT('Ctrl Pts',(46.8486548199244,58.8286531352558,13.));
#4693=CARTESIAN_POINT('',(46.8486548199244,58.8286531352558,13.4));
#4694=CARTESIAN_POINT('Ctrl Pts',(46.8486548199244,58.8286531352558,13.4));
#4695=CARTESIAN_POINT('Ctrl Pts',(46.0127804531641,59.6697642624735,13.4));
#4696=CARTESIAN_POINT('Ctrl Pts',(45.1745825848169,60.5082570094624,13.4));
#4697=CARTESIAN_POINT('Ctrl Pts',(44.3337627834864,61.3441278234679,13.4));
#4698=CARTESIAN_POINT('',(46.8486548199244,58.8286531352558,13.));
#4699=CARTESIAN_POINT('Ctrl Pts',(46.8608798489161,58.8010055980244,13.));
#4700=CARTESIAN_POINT('Ctrl Pts',(46.8608798489161,58.8010055980244,13.4));
#4701=CARTESIAN_POINT('Ctrl Pts',(46.860297197142,58.8117739975809,13.));
#4702=CARTESIAN_POINT('Ctrl Pts',(46.860297197142,58.8117739975809,13.4));
#4703=CARTESIAN_POINT('Ctrl Pts',(46.8562221874781,58.8210857677021,13.));
#4704=CARTESIAN_POINT('Ctrl Pts',(46.8562221874781,58.8210857677021,13.4));
#4705=CARTESIAN_POINT('Ctrl Pts',(46.8486548199244,58.8286531352558,13.));
#4706=CARTESIAN_POINT('Ctrl Pts',(46.8486548199244,58.8286531352558,13.4));
#4707=CARTESIAN_POINT('',(46.8608798489161,58.8010055980244,13.));
#4708=CARTESIAN_POINT('Ctrl Pts',(46.8486548199244,58.8286531352558,13.));
#4709=CARTESIAN_POINT('Ctrl Pts',(46.8562221425802,58.8210858126001,13.));
#4710=CARTESIAN_POINT('Ctrl Pts',(46.860297148787,58.8117741080761,13.));
#4711=CARTESIAN_POINT('Ctrl Pts',(46.8608798385449,58.8010057896941,13.));
#4712=CARTESIAN_POINT('',(46.8608798489161,58.8010055980244,13.4));
#4713=CARTESIAN_POINT('Ctrl Pts',(46.8608798385449,58.8010057896941,13.4));
#4714=CARTESIAN_POINT('Ctrl Pts',(46.860297148787,58.8117741080761,13.4));
#4715=CARTESIAN_POINT('Ctrl Pts',(46.8562221425802,58.8210858126001,13.4));
#4716=CARTESIAN_POINT('Ctrl Pts',(46.8486548199244,58.8286531352558,13.4));
#4717=CARTESIAN_POINT('',(46.8608798489161,58.8010055980244,13.));
#4718=CARTESIAN_POINT('Ctrl Pts',(44.5083913362411,56.4581201813577,13.));
#4719=CARTESIAN_POINT('Ctrl Pts',(44.5083913362411,56.4581201813577,13.4));
#4720=CARTESIAN_POINT('Ctrl Pts',(45.2947829352605,57.2378219432392,13.));
#4721=CARTESIAN_POINT('Ctrl Pts',(45.2947829352605,57.2378219432392,13.4));
#4722=CARTESIAN_POINT('Ctrl Pts',(46.0788510326929,58.0186854559142,13.));
#4723=CARTESIAN_POINT('Ctrl Pts',(46.0788510326929,58.0186854559142,13.4));
#4724=CARTESIAN_POINT('Ctrl Pts',(46.8608798489161,58.8010055980244,13.));
#4725=CARTESIAN_POINT('Ctrl Pts',(46.8608798489161,58.8010055980244,13.4));
#4726=CARTESIAN_POINT('',(44.5083913362411,56.4581201813577,13.));
#4727=CARTESIAN_POINT('Ctrl Pts',(46.8608798489161,58.8010055980244,13.));
#4728=CARTESIAN_POINT('Ctrl Pts',(46.0788510326929,58.0186854559142,13.));
#4729=CARTESIAN_POINT('Ctrl Pts',(45.2947829352605,57.2378219432392,13.));
#4730=CARTESIAN_POINT('Ctrl Pts',(44.5083913362411,56.4581201813577,13.));
#4731=CARTESIAN_POINT('',(44.5083913362411,56.4581201813577,13.4));
#4732=CARTESIAN_POINT('Ctrl Pts',(44.5083913362411,56.4581201813577,13.4));
#4733=CARTESIAN_POINT('Ctrl Pts',(45.2947829352605,57.2378219432392,13.4));
#4734=CARTESIAN_POINT('Ctrl Pts',(46.0788510326929,58.0186854559142,13.4));
#4735=CARTESIAN_POINT('Ctrl Pts',(46.8608798489161,58.8010055980244,13.4));
#4736=CARTESIAN_POINT('',(44.5083913362411,56.4581201813577,13.));
#4737=CARTESIAN_POINT('Ctrl Pts',(44.3337663362411,56.2858222356994,13.));
#4738=CARTESIAN_POINT('Ctrl Pts',(44.3337663362411,56.2858222356994,13.4));
#4739=CARTESIAN_POINT('Ctrl Pts',(44.3919746695744,56.3431601441263,13.));
#4740=CARTESIAN_POINT('Ctrl Pts',(44.3919746695744,56.3431601441263,13.4));
#4741=CARTESIAN_POINT('Ctrl Pts',(44.4501830029078,56.4007858256855,13.));
#4742=CARTESIAN_POINT('Ctrl Pts',(44.4501830029078,56.4007858256855,13.4));
#4743=CARTESIAN_POINT('Ctrl Pts',(44.5083913362411,56.4581201813577,13.));
#4744=CARTESIAN_POINT('Ctrl Pts',(44.5083913362411,56.4581201813577,13.4));
#4745=CARTESIAN_POINT('',(44.3337663362411,56.2858222356994,13.));
#4746=CARTESIAN_POINT('Ctrl Pts',(44.5083895330469,56.4581184052378,13.));
#4747=CARTESIAN_POINT('Ctrl Pts',(44.4501818007783,56.4007846355892,13.));
#4748=CARTESIAN_POINT('Ctrl Pts',(44.3919740685097,56.3431595520497,13.));
#4749=CARTESIAN_POINT('Ctrl Pts',(44.3337663362411,56.2858222356994,13.));
#4750=CARTESIAN_POINT('',(44.3337663362411,56.2858222356994,13.4));
#4751=CARTESIAN_POINT('Ctrl Pts',(44.3337663362411,56.2858222356994,13.4));
#4752=CARTESIAN_POINT('Ctrl Pts',(44.3919740685097,56.3431595520497,13.4));
#4753=CARTESIAN_POINT('Ctrl Pts',(44.4501818007783,56.4007846355892,13.4));
#4754=CARTESIAN_POINT('Ctrl Pts',(44.5083895330469,56.4581184052378,13.4));
#4755=CARTESIAN_POINT('',(44.3337663362411,56.2858222356994,13.));
#4756=CARTESIAN_POINT('Ctrl Pts',(44.2755580029078,56.2834951813577,13.));
#4757=CARTESIAN_POINT('Ctrl Pts',(44.2755580029078,56.2834951813577,13.4));
#4758=CARTESIAN_POINT('Ctrl Pts',(44.2953503994532,56.2671951427021,13.));
#4759=CARTESIAN_POINT('Ctrl Pts',(44.2953503994532,56.2671951427021,13.4));
#4760=CARTESIAN_POINT('Ctrl Pts',(44.3148479173568,56.2680691203633,13.));
#4761=CARTESIAN_POINT('Ctrl Pts',(44.3148479173568,56.2680691203633,13.4));
#4762=CARTESIAN_POINT('Ctrl Pts',(44.3337663362411,56.2858222356994,13.));
#4763=CARTESIAN_POINT('Ctrl Pts',(44.3337663362411,56.2858222356994,13.4));
#4764=CARTESIAN_POINT('',(44.2755580029078,56.2834951813577,13.));
#4765=CARTESIAN_POINT('Ctrl Pts',(44.3337644470536,56.2858204629366,13.));
#4766=CARTESIAN_POINT('Ctrl Pts',(44.3148466193471,56.2680690621989,13.));
#4767=CARTESIAN_POINT('Ctrl Pts',(44.295349740633,56.2671956852739,13.));
#4768=CARTESIAN_POINT('Ctrl Pts',(44.2755580029078,56.2834951813577,13.));
#4769=CARTESIAN_POINT('',(44.2755580029078,56.2834951813577,13.4));
#4770=CARTESIAN_POINT('Ctrl Pts',(44.2755580029078,56.2834951813577,13.4));
#4771=CARTESIAN_POINT('Ctrl Pts',(44.295349740633,56.2671956852739,13.4));
#4772=CARTESIAN_POINT('Ctrl Pts',(44.3148466193471,56.2680690621989,13.4));
#4773=CARTESIAN_POINT('Ctrl Pts',(44.3337644470536,56.2858204629366,13.4));
#4774=CARTESIAN_POINT('',(44.2755580029078,56.2834951813577,13.));
#4775=CARTESIAN_POINT('Ctrl Pts',(41.8325524054753,58.7500733063577,13.));
#4776=CARTESIAN_POINT('Ctrl Pts',(41.8325524054753,58.7500733063577,13.4));
#4777=CARTESIAN_POINT('Ctrl Pts',(42.6439767142522,57.9249708919087,13.));
#4778=CARTESIAN_POINT('Ctrl Pts',(42.6439767142522,57.9249708919087,13.4));
#4779=CARTESIAN_POINT('Ctrl Pts',(43.4583142818995,57.1027781835754,13.));
#4780=CARTESIAN_POINT('Ctrl Pts',(43.4583142818995,57.1027781835754,13.4));
#4781=CARTESIAN_POINT('Ctrl Pts',(44.2755580029078,56.2834951813577,13.));
#4782=CARTESIAN_POINT('Ctrl Pts',(44.2755580029078,56.2834951813577,13.4));
#4783=CARTESIAN_POINT('Ctrl Pts',(44.2755580029078,56.2834951813577,13.));
#4784=CARTESIAN_POINT('Ctrl Pts',(43.4583142818995,57.1027781835754,13.));
#4785=CARTESIAN_POINT('Ctrl Pts',(42.6439767142522,57.9249708919087,13.));
#4786=CARTESIAN_POINT('Ctrl Pts',(41.8325524054753,58.7500733063577,13.));
#4787=CARTESIAN_POINT('Ctrl Pts',(41.8325524054753,58.7500733063577,13.4));
#4788=CARTESIAN_POINT('Ctrl Pts',(42.6439767142522,57.9249708919087,13.4));
#4789=CARTESIAN_POINT('Ctrl Pts',(43.4583142818995,57.1027781835754,13.4));
#4790=CARTESIAN_POINT('Ctrl Pts',(44.2755580029078,56.2834951813577,13.4));
#4791=CARTESIAN_POINT('Origin',(44.323572035704,58.8149750369217,13.4));
#4792=CARTESIAN_POINT('Ctrl Pts',(24.7775089624313,66.6841597550272,13.));
#4793=CARTESIAN_POINT('Ctrl Pts',(24.7775089624313,66.6841597550272,13.4));
#4794=CARTESIAN_POINT('Ctrl Pts',(24.7751819080896,68.5022961940327,13.));
#4795=CARTESIAN_POINT('Ctrl Pts',(24.7751819080896,68.5022961940327,13.4));
#4796=CARTESIAN_POINT('Ctrl Pts',(24.7938090010869,70.3271277993082,13.));
#4797=CARTESIAN_POINT('Ctrl Pts',(24.7938090010869,70.3271277993082,13.4));
#4798=CARTESIAN_POINT('Ctrl Pts',(24.7644135085332,72.144683362917,13.));
#4799=CARTESIAN_POINT('Ctrl Pts',(24.7644135085332,72.144683362917,13.4));
#4800=CARTESIAN_POINT('',(24.7644135085332,72.144683362917,13.));
#4801=CARTESIAN_POINT('',(24.7775089624313,66.6841597550272,13.));
#4802=CARTESIAN_POINT('Ctrl Pts',(24.7644135085332,72.144683362917,13.));
#4803=CARTESIAN_POINT('Ctrl Pts',(24.7938090010869,70.3271277993082,13.));
#4804=CARTESIAN_POINT('Ctrl Pts',(24.7751819080896,68.5022961940327,13.));
#4805=CARTESIAN_POINT('Ctrl Pts',(24.7775089624313,66.6841597550272,13.));
#4806=CARTESIAN_POINT('',(24.7644135085332,72.144683362917,13.4));
#4807=CARTESIAN_POINT('',(24.7644135085332,72.144683362917,13.));
#4808=CARTESIAN_POINT('',(24.7775089624313,66.6841597550272,13.4));
#4809=CARTESIAN_POINT('Ctrl Pts',(24.7775089624313,66.6841597550272,13.4));
#4810=CARTESIAN_POINT('Ctrl Pts',(24.7751819080896,68.5022961940327,13.4));
#4811=CARTESIAN_POINT('Ctrl Pts',(24.7938090010869,70.3271277993082,13.4));
#4812=CARTESIAN_POINT('Ctrl Pts',(24.7644135085332,72.144683362917,13.4));
#4813=CARTESIAN_POINT('',(24.7775089624313,66.6841597550272,13.));
#4814=CARTESIAN_POINT('Ctrl Pts',(24.8005006146021,66.6553469142475,13.));
#4815=CARTESIAN_POINT('Ctrl Pts',(24.8005006146021,66.6553469142475,13.4));
#4816=CARTESIAN_POINT('Ctrl Pts',(24.7862416335332,66.6591305980244,13.));
#4817=CARTESIAN_POINT('Ctrl Pts',(24.7862416335332,66.6591305980244,13.4));
#4818=CARTESIAN_POINT('Ctrl Pts',(24.7783847164698,66.6687336940327,13.));
#4819=CARTESIAN_POINT('Ctrl Pts',(24.7783847164698,66.6687336940327,13.4));
#4820=CARTESIAN_POINT('Ctrl Pts',(24.7775089624313,66.6841597550272,13.));
#4821=CARTESIAN_POINT('Ctrl Pts',(24.7775089624313,66.6841597550272,13.4));
#4822=CARTESIAN_POINT('',(24.8005006146021,66.6553469142475,13.));
#4823=CARTESIAN_POINT('Ctrl Pts',(24.7775089624313,66.6841597550272,13.));
#4824=CARTESIAN_POINT('Ctrl Pts',(24.7783847164698,66.6687336940327,13.));
#4825=CARTESIAN_POINT('Ctrl Pts',(24.7862416335332,66.6591305980244,13.));
#4826=CARTESIAN_POINT('Ctrl Pts',(24.8005006146021,66.6553469142475,13.));
#4827=CARTESIAN_POINT('',(24.8005006146021,66.6553469142475,13.4));
#4828=CARTESIAN_POINT('Ctrl Pts',(24.8005006146021,66.6553469142475,13.4));
#4829=CARTESIAN_POINT('Ctrl Pts',(24.7862416335332,66.6591305980244,13.4));
#4830=CARTESIAN_POINT('Ctrl Pts',(24.7783847164698,66.6687336940327,13.4));
#4831=CARTESIAN_POINT('Ctrl Pts',(24.7775089624313,66.6841597550272,13.4));
#4832=CARTESIAN_POINT('',(24.8005006146021,66.6553469142475,13.));
#4833=CARTESIAN_POINT('Ctrl Pts',(25.2338620825993,67.0872535291869,13.));
#4834=CARTESIAN_POINT('Ctrl Pts',(25.2338620825993,67.0872535291869,13.4));
#4835=CARTESIAN_POINT('Ctrl Pts',(25.0877603738693,66.9446424019693,13.));
#4836=CARTESIAN_POINT('Ctrl Pts',(25.0877603738693,66.9446424019693,13.4));
#4837=CARTESIAN_POINT('Ctrl Pts',(24.9434030677067,66.8005764216938,13.));
#4838=CARTESIAN_POINT('Ctrl Pts',(24.9434030677067,66.8005764216938,13.4));
#4839=CARTESIAN_POINT('Ctrl Pts',(24.8005006146021,66.6553469142475,13.));
#4840=CARTESIAN_POINT('Ctrl Pts',(24.8005006146021,66.6553469142475,13.4));
#4841=CARTESIAN_POINT('',(25.2338620825993,67.0872535291869,13.));
#4842=CARTESIAN_POINT('Ctrl Pts',(24.8005006146021,66.6553469142475,13.));
#4843=CARTESIAN_POINT('Ctrl Pts',(24.9434030677067,66.8005764216938,13.));
#4844=CARTESIAN_POINT('Ctrl Pts',(25.0877603738693,66.9446424019693,13.));
#4845=CARTESIAN_POINT('Ctrl Pts',(25.2338620825993,67.0872535291869,13.));
#4846=CARTESIAN_POINT('',(25.2338620825993,67.0872535291869,13.4));
#4847=CARTESIAN_POINT('Ctrl Pts',(25.2338620825993,67.0872535291869,13.4));
#4848=CARTESIAN_POINT('Ctrl Pts',(25.0877603738693,66.9446424019693,13.4));
#4849=CARTESIAN_POINT('Ctrl Pts',(24.9434030677067,66.8005764216938,13.4));
#4850=CARTESIAN_POINT('Ctrl Pts',(24.8005006146021,66.6553469142475,13.4));
#4851=CARTESIAN_POINT('',(25.2338620825993,67.0872535291869,13.));
#4852=CARTESIAN_POINT('Ctrl Pts',(27.1462975137618,68.4950219287434,13.));
#4853=CARTESIAN_POINT('Ctrl Pts',(27.1462975137618,68.4950219287434,13.4));
#4854=CARTESIAN_POINT('Ctrl Pts',(26.4588590155827,68.0936761099059,13.));
#4855=CARTESIAN_POINT('Ctrl Pts',(26.4588590155827,68.0936761099059,13.4));
#4856=CARTESIAN_POINT('Ctrl Pts',(25.8214770550318,67.6245170853494,13.));
#4857=CARTESIAN_POINT('Ctrl Pts',(25.8214770550318,67.6245170853494,13.4));
#4858=CARTESIAN_POINT('Ctrl Pts',(25.2338620825993,67.0872535291869,13.));
#4859=CARTESIAN_POINT('Ctrl Pts',(25.2338620825993,67.0872535291869,13.4));
#4860=CARTESIAN_POINT('',(27.1462975137618,68.4950219287434,13.));
#4861=CARTESIAN_POINT('Ctrl Pts',(25.2338620825993,67.0872535291869,13.));
#4862=CARTESIAN_POINT('Ctrl Pts',(25.8214770550318,67.6245170853494,13.));
#4863=CARTESIAN_POINT('Ctrl Pts',(26.4588590155827,68.0936761099059,13.));
#4864=CARTESIAN_POINT('Ctrl Pts',(27.1462975137618,68.4950219287434,13.));
#4865=CARTESIAN_POINT('',(27.1462975137618,68.4950219287434,13.4));
#4866=CARTESIAN_POINT('Ctrl Pts',(27.1462975137618,68.4950219287434,13.4));
#4867=CARTESIAN_POINT('Ctrl Pts',(26.4588590155827,68.0936761099059,13.4));
#4868=CARTESIAN_POINT('Ctrl Pts',(25.8214770550318,67.6245170853494,13.4));
#4869=CARTESIAN_POINT('Ctrl Pts',(25.2338620825993,67.0872535291869,13.4));
#4870=CARTESIAN_POINT('',(27.1462975137618,68.4950219287434,13.));
#4871=CARTESIAN_POINT('Ctrl Pts',(30.506373910704,70.662699693636,13.));
#4872=CARTESIAN_POINT('Ctrl Pts',(30.506373910704,70.662699693636,13.4));
#4873=CARTESIAN_POINT('Ctrl Pts',(29.6088024054753,69.7258364975809,13.));
#4874=CARTESIAN_POINT('Ctrl Pts',(29.6088024054753,69.7258364975809,13.4));
#4875=CARTESIAN_POINT('Ctrl Pts',(28.2566239590235,69.1487021515726,13.));
#4876=CARTESIAN_POINT('Ctrl Pts',(28.2566239590235,69.1487021515726,13.4));
#4877=CARTESIAN_POINT('Ctrl Pts',(27.1462975137618,68.4950219287434,13.));
#4878=CARTESIAN_POINT('Ctrl Pts',(27.1462975137618,68.4950219287434,13.4));
#4879=CARTESIAN_POINT('',(30.506373910704,70.662699693636,13.));
#4880=CARTESIAN_POINT('Ctrl Pts',(27.1462975137618,68.4950219287434,13.));
#4881=CARTESIAN_POINT('Ctrl Pts',(28.2566239590235,69.1487021515726,13.));
#4882=CARTESIAN_POINT('Ctrl Pts',(29.6088024054753,69.7258364975809,13.));
#4883=CARTESIAN_POINT('Ctrl Pts',(30.506373910704,70.662699693636,13.));
#4884=CARTESIAN_POINT('',(30.506373910704,70.662699693636,13.4));
#4885=CARTESIAN_POINT('Ctrl Pts',(30.506373910704,70.662699693636,13.4));
#4886=CARTESIAN_POINT('Ctrl Pts',(29.6088024054753,69.7258364975809,13.4));
#4887=CARTESIAN_POINT('Ctrl Pts',(28.2566239590235,69.1487021515726,13.4));
#4888=CARTESIAN_POINT('Ctrl Pts',(27.1462975137618,68.4950219287434,13.4));
#4889=CARTESIAN_POINT('',(30.506373910704,70.662699693636,13.));
#4890=CARTESIAN_POINT('Ctrl Pts',(30.7537593273707,72.7983635857462,13.));
#4891=CARTESIAN_POINT('Ctrl Pts',(30.7537593273707,72.7983635857462,13.4));
#4892=CARTESIAN_POINT('Ctrl Pts',(30.9705875006902,72.0963712278564,13.));
#4893=CARTESIAN_POINT('Ctrl Pts',(30.9705875006902,72.0963712278564,13.4));
#4894=CARTESIAN_POINT('Ctrl Pts',(31.0657569177535,71.2357608063577,13.));
#4895=CARTESIAN_POINT('Ctrl Pts',(31.0657569177535,71.2357608063577,13.4));
#4896=CARTESIAN_POINT('Ctrl Pts',(30.506373910704,70.662699693636,13.));
#4897=CARTESIAN_POINT('Ctrl Pts',(30.506373910704,70.662699693636,13.4));
#4898=CARTESIAN_POINT('',(30.7537593273707,72.7983635857462,13.));
#4899=CARTESIAN_POINT('Ctrl Pts',(30.506373910704,70.662699693636,13.));
#4900=CARTESIAN_POINT('Ctrl Pts',(31.0657569177535,71.2357608063577,13.));
#4901=CARTESIAN_POINT('Ctrl Pts',(30.9705875006902,72.0963712278564,13.));
#4902=CARTESIAN_POINT('Ctrl Pts',(30.7537593273707,72.7983635857462,13.));
#4903=CARTESIAN_POINT('',(30.7537593273707,72.7983635857462,13.4));
#4904=CARTESIAN_POINT('Ctrl Pts',(30.7537593273707,72.7983635857462,13.4));
#4905=CARTESIAN_POINT('Ctrl Pts',(30.9705875006902,72.0963712278564,13.4));
#4906=CARTESIAN_POINT('Ctrl Pts',(31.0657569177535,71.2357608063577,13.4));
#4907=CARTESIAN_POINT('Ctrl Pts',(30.506373910704,70.662699693636,13.4));
#4908=CARTESIAN_POINT('',(30.7537593273707,72.7983635857462,13.));
#4909=CARTESIAN_POINT('Ctrl Pts',(26.688780866423,74.5431587326883,13.));
#4910=CARTESIAN_POINT('Ctrl Pts',(26.688780866423,74.5431587326883,13.4));
#4911=CARTESIAN_POINT('Ctrl Pts',(28.2359593611943,74.8010212230244,13.));
#4912=CARTESIAN_POINT('Ctrl Pts',(28.2359593611943,74.8010212230244,13.4));
#4913=CARTESIAN_POINT('Ctrl Pts',(30.1481034664698,74.4453691590189,13.));
#4914=CARTESIAN_POINT('Ctrl Pts',(30.1481034664698,74.4453691590189,13.4));
#4915=CARTESIAN_POINT('Ctrl Pts',(30.7537593273707,72.7983635857462,13.));
#4916=CARTESIAN_POINT('Ctrl Pts',(30.7537593273707,72.7983635857462,13.4));
#4917=CARTESIAN_POINT('',(26.688780866423,74.5431587326883,13.));
#4918=CARTESIAN_POINT('Ctrl Pts',(30.7537593273707,72.7983635857462,13.));
#4919=CARTESIAN_POINT('Ctrl Pts',(30.1481034664698,74.4453691590189,13.));
#4920=CARTESIAN_POINT('Ctrl Pts',(28.2359593611943,74.8010212230244,13.));
#4921=CARTESIAN_POINT('Ctrl Pts',(26.688780866423,74.5431587326883,13.));
#4922=CARTESIAN_POINT('',(26.688780866423,74.5431587326883,13.4));
#4923=CARTESIAN_POINT('Ctrl Pts',(26.688780866423,74.5431587326883,13.4));
#4924=CARTESIAN_POINT('Ctrl Pts',(28.2359593611943,74.8010212230244,13.4));
#4925=CARTESIAN_POINT('Ctrl Pts',(30.1481034664698,74.4453691590189,13.4));
#4926=CARTESIAN_POINT('Ctrl Pts',(30.7537593273707,72.7983635857462,13.4));
#4927=CARTESIAN_POINT('',(26.688780866423,74.5431587326883,13.));
#4928=CARTESIAN_POINT('Ctrl Pts',(24.7644135085332,72.144683362917,13.));
#4929=CARTESIAN_POINT('Ctrl Pts',(24.7644135085332,72.144683362917,13.4));
#4930=CARTESIAN_POINT('Ctrl Pts',(24.7955569564091,73.5163628800272,13.));
#4931=CARTESIAN_POINT('Ctrl Pts',(24.7955569564091,73.5163628800272,13.4));
#4932=CARTESIAN_POINT('Ctrl Pts',(25.2839239493596,74.3047955366332,13.));
#4933=CARTESIAN_POINT('Ctrl Pts',(25.2839239493596,74.3047955366332,13.4));
#4934=CARTESIAN_POINT('Ctrl Pts',(26.688780866423,74.5431587326883,13.));
#4935=CARTESIAN_POINT('Ctrl Pts',(26.688780866423,74.5431587326883,13.4));
#4936=CARTESIAN_POINT('Ctrl Pts',(26.688780866423,74.5431587326883,13.));
#4937=CARTESIAN_POINT('Ctrl Pts',(25.2839239493596,74.3047955366332,13.));
#4938=CARTESIAN_POINT('Ctrl Pts',(24.7955569564091,73.5163628800272,13.));
#4939=CARTESIAN_POINT('Ctrl Pts',(24.7644135085332,72.144683362917,13.));
#4940=CARTESIAN_POINT('Ctrl Pts',(24.7644135085332,72.144683362917,13.4));
#4941=CARTESIAN_POINT('Ctrl Pts',(24.7955569564091,73.5163628800272,13.4));
#4942=CARTESIAN_POINT('Ctrl Pts',(25.2839239493596,74.3047955366332,13.4));
#4943=CARTESIAN_POINT('Ctrl Pts',(26.688780866423,74.5431587326883,13.4));
#4944=CARTESIAN_POINT('Ctrl Pts',(19.9235196340469,65.7708726392943,13.));
#4945=CARTESIAN_POINT('Ctrl Pts',(19.9235196340469,65.7708726392943,13.4));
#4946=CARTESIAN_POINT('Ctrl Pts',(19.9174080077397,64.990007350242,13.));
#4947=CARTESIAN_POINT('Ctrl Pts',(19.9174080077397,64.990007350242,13.4));
#4948=CARTESIAN_POINT('Ctrl Pts',(19.9849298875717,64.2155459015726,13.));
#4949=CARTESIAN_POINT('Ctrl Pts',(19.9849298875717,64.2155459015726,13.4));
#4950=CARTESIAN_POINT('Ctrl Pts',(20.1263757112411,63.4474865169087,13.));
#4951=CARTESIAN_POINT('Ctrl Pts',(20.1263757112411,63.4474865169087,13.4));
#4952=CARTESIAN_POINT('',(20.1263757112411,63.4474865169087,13.));
#4953=CARTESIAN_POINT('',(19.9235196340469,65.7708726392943,13.));
#4954=CARTESIAN_POINT('Ctrl Pts',(20.1263757112411,63.4474865169087,13.));
#4955=CARTESIAN_POINT('Ctrl Pts',(19.9849298875717,64.2155459015726,13.));
#4956=CARTESIAN_POINT('Ctrl Pts',(19.9174080077397,64.990007350242,13.));
#4957=CARTESIAN_POINT('Ctrl Pts',(19.9235196340469,65.7708726392943,13.));
#4958=CARTESIAN_POINT('',(20.1263757112411,63.4474865169087,13.4));
#4959=CARTESIAN_POINT('',(20.1263757112411,63.4474865169087,13.));
#4960=CARTESIAN_POINT('',(19.9235196340469,65.7708726392943,13.4));
#4961=CARTESIAN_POINT('Ctrl Pts',(19.9235196340469,65.7708726392943,13.4));
#4962=CARTESIAN_POINT('Ctrl Pts',(19.9174080077397,64.990007350242,13.4));
#4963=CARTESIAN_POINT('Ctrl Pts',(19.9849298875717,64.2155459015726,13.4));
#4964=CARTESIAN_POINT('Ctrl Pts',(20.1263757112411,63.4474865169087,13.4));
#4965=CARTESIAN_POINT('',(19.9235196340469,65.7708726392943,13.));
#4966=CARTESIAN_POINT('Ctrl Pts',(21.0708027220952,70.6181712423522,13.));
#4967=CARTESIAN_POINT('Ctrl Pts',(21.0708027220952,70.6181712423522,13.4));
#4968=CARTESIAN_POINT('Ctrl Pts',(20.3207886668431,69.1926479510823,13.));
#4969=CARTESIAN_POINT('Ctrl Pts',(20.3207886668431,69.1926479510823,13.4));
#4970=CARTESIAN_POINT('Ctrl Pts',(19.9843445712315,67.3689798729776,13.));
#4971=CARTESIAN_POINT('Ctrl Pts',(19.9843445712315,67.3689798729776,13.4));
#4972=CARTESIAN_POINT('Ctrl Pts',(19.9235169694808,65.770870862917,13.));
#4973=CARTESIAN_POINT('Ctrl Pts',(19.9235169694808,65.770870862917,13.4));
#4974=CARTESIAN_POINT('',(21.0708027220952,70.6181712423522,13.));
#4975=CARTESIAN_POINT('Ctrl Pts',(19.9235169694808,65.770870862917,13.));
#4976=CARTESIAN_POINT('Ctrl Pts',(19.9843445712315,67.3689798729776,13.));
#4977=CARTESIAN_POINT('Ctrl Pts',(20.3207886668431,69.1926479510823,13.));
#4978=CARTESIAN_POINT('Ctrl Pts',(21.0708027220952,70.6181712423522,13.));
#4979=CARTESIAN_POINT('',(21.0708027220952,70.6181712423522,13.4));
#4980=CARTESIAN_POINT('Ctrl Pts',(21.0708027220952,70.6181712423522,13.4));
#4981=CARTESIAN_POINT('Ctrl Pts',(20.3207886668431,69.1926479510823,13.4));
#4982=CARTESIAN_POINT('Ctrl Pts',(19.9843445712315,67.3689798729776,13.4));
#4983=CARTESIAN_POINT('Ctrl Pts',(19.9235169694808,65.770870862917,13.4));
#4984=CARTESIAN_POINT('',(21.0708027220952,70.6181712423522,13.));
#4985=CARTESIAN_POINT('Ctrl Pts',(21.3405980273473,70.9889580414652,13.));
#4986=CARTESIAN_POINT('Ctrl Pts',(21.3405980273473,70.9889580414652,13.4));
#4987=CARTESIAN_POINT('Ctrl Pts',(21.236987265069,70.8751597550272,13.));
#4988=CARTESIAN_POINT('Ctrl Pts',(21.236987265069,70.8751597550272,13.4));
#4989=CARTESIAN_POINT('Ctrl Pts',(21.1470554966517,70.7517583725809,13.));
#4990=CARTESIAN_POINT('Ctrl Pts',(21.1470554966517,70.7517583725809,13.4));
#4991=CARTESIAN_POINT('Ctrl Pts',(21.0708027220952,70.6181712423522,13.));
#4992=CARTESIAN_POINT('Ctrl Pts',(21.0708027220952,70.6181712423522,13.4));
#4993=CARTESIAN_POINT('',(21.3405980273473,70.9889580414652,13.));
#4994=CARTESIAN_POINT('Ctrl Pts',(21.0708027220952,70.6181712423522,13.));
#4995=CARTESIAN_POINT('Ctrl Pts',(21.1470554966517,70.7517583725809,13.));
#4996=CARTESIAN_POINT('Ctrl Pts',(21.236987265069,70.8751597550272,13.));
#4997=CARTESIAN_POINT('Ctrl Pts',(21.3405980273473,70.9889580414652,13.));
#4998=CARTESIAN_POINT('',(21.3405980273473,70.9889580414652,13.4));
#4999=CARTESIAN_POINT('Ctrl Pts',(21.3405980273473,70.9889580414652,13.4));
#5000=CARTESIAN_POINT('Ctrl Pts',(21.236987265069,70.8751597550272,13.4));
#5001=CARTESIAN_POINT('Ctrl Pts',(21.1470554966517,70.7517583725809,13.4));
#5002=CARTESIAN_POINT('Ctrl Pts',(21.0708027220952,70.6181712423522,13.4));
#5003=CARTESIAN_POINT('',(21.3405980273473,70.9889580414652,13.));
#5004=CARTESIAN_POINT('Ctrl Pts',(24.5973540997095,73.9491434726277,13.));
#5005=CARTESIAN_POINT('Ctrl Pts',(24.5973540997095,73.9491434726277,13.4));
#5006=CARTESIAN_POINT('Ctrl Pts',(23.366539530872,73.1158892624735,13.));
#5007=CARTESIAN_POINT('Ctrl Pts',(23.366539530872,73.1158892624735,13.4));
#5008=CARTESIAN_POINT('Ctrl Pts',(22.3362513203211,72.0841461988647,13.));
#5009=CARTESIAN_POINT('Ctrl Pts',(22.3362513203211,72.0841461988647,13.4));
#5010=CARTESIAN_POINT('Ctrl Pts',(21.3405980273473,70.9889580414652,13.));
#5011=CARTESIAN_POINT('Ctrl Pts',(21.3405980273473,70.9889580414652,13.4));
#5012=CARTESIAN_POINT('',(24.5973540997095,73.9491434726277,13.));
#5013=CARTESIAN_POINT('Ctrl Pts',(21.3405980273473,70.9889580414652,13.));
#5014=CARTESIAN_POINT('Ctrl Pts',(22.3362513203211,72.0841461988647,13.));
#5015=CARTESIAN_POINT('Ctrl Pts',(23.366539530872,73.1158892624735,13.));
#5016=CARTESIAN_POINT('Ctrl Pts',(24.5973540997095,73.9491434726277,13.));
#5017=CARTESIAN_POINT('',(24.5973540997095,73.9491434726277,13.4));
#5018=CARTESIAN_POINT('Ctrl Pts',(24.5973540997095,73.9491434726277,13.4));
#5019=CARTESIAN_POINT('Ctrl Pts',(23.366539530872,73.1158892624735,13.4));
#5020=CARTESIAN_POINT('Ctrl Pts',(22.3362513203211,72.0841461988647,13.4));
#5021=CARTESIAN_POINT('Ctrl Pts',(21.3405980273473,70.9889580414652,13.4));
#5022=CARTESIAN_POINT('',(24.5973540997095,73.9491434726277,13.));
#5023=CARTESIAN_POINT('Ctrl Pts',(26.8066523861475,75.3429424406249,13.));
#5024=CARTESIAN_POINT('Ctrl Pts',(26.8066523861475,75.3429424406249,13.4));
#5025=CARTESIAN_POINT('Ctrl Pts',(26.0525624330429,74.9063781642475,13.));
#5026=CARTESIAN_POINT('Ctrl Pts',(26.0525624330429,74.9063781642475,13.4));
#5027=CARTESIAN_POINT('Ctrl Pts',(25.3162273716517,74.4418750247517,13.));
#5028=CARTESIAN_POINT('Ctrl Pts',(25.3162273716517,74.4418750247517,13.4));
#5029=CARTESIAN_POINT('Ctrl Pts',(24.5973540997095,73.9491434726277,13.));
#5030=CARTESIAN_POINT('Ctrl Pts',(24.5973540997095,73.9491434726277,13.4));
#5031=CARTESIAN_POINT('',(26.8066523861475,75.3429424406249,13.));
#5032=CARTESIAN_POINT('Ctrl Pts',(24.5973540997095,73.9491434726277,13.));
#5033=CARTESIAN_POINT('Ctrl Pts',(25.3162273716517,74.4418750247517,13.));
#5034=CARTESIAN_POINT('Ctrl Pts',(26.0525624330429,74.9063781642475,13.));
#5035=CARTESIAN_POINT('Ctrl Pts',(26.8066523861475,75.3429424406249,13.));
#5036=CARTESIAN_POINT('',(26.8066523861475,75.3429424406249,13.4));
#5037=CARTESIAN_POINT('Ctrl Pts',(26.8066523861475,75.3429424406249,13.4));
#5038=CARTESIAN_POINT('Ctrl Pts',(26.0525624330429,74.9063781642475,13.4));
#5039=CARTESIAN_POINT('Ctrl Pts',(25.3162273716517,74.4418750247517,13.4));
#5040=CARTESIAN_POINT('Ctrl Pts',(24.5973540997095,73.9491434726277,13.4));
#5041=CARTESIAN_POINT('',(26.8066523861475,75.3429424406249,13.));
#5042=CARTESIAN_POINT('Ctrl Pts',(31.9516860457646,75.7306101537902,13.));
#5043=CARTESIAN_POINT('Ctrl Pts',(31.9516860457646,75.7306101537902,13.4));
#5044=CARTESIAN_POINT('Ctrl Pts',(30.2456017142522,75.9564569949666,13.));
#5045=CARTESIAN_POINT('Ctrl Pts',(30.2456017142522,75.9564569949666,13.4));
#5046=CARTESIAN_POINT('Ctrl Pts',(28.4356117418197,75.9698437747517,13.));
#5047=CARTESIAN_POINT('Ctrl Pts',(28.4356117418197,75.9698437747517,13.4));
#5048=CARTESIAN_POINT('Ctrl Pts',(26.8066523861475,75.3429424406249,13.));
#5049=CARTESIAN_POINT('Ctrl Pts',(26.8066523861475,75.3429424406249,13.4));
#5050=CARTESIAN_POINT('',(31.9516860457646,75.7306101537902,13.));
#5051=CARTESIAN_POINT('Ctrl Pts',(26.8066523861475,75.3429424406249,13.));
#5052=CARTESIAN_POINT('Ctrl Pts',(28.4356117418197,75.9698437747517,13.));
#5053=CARTESIAN_POINT('Ctrl Pts',(30.2456017142522,75.9564569949666,13.));
#5054=CARTESIAN_POINT('Ctrl Pts',(31.9516860457646,75.7306101537902,13.));
#5055=CARTESIAN_POINT('',(31.9516860457646,75.7306101537902,13.4));
#5056=CARTESIAN_POINT('Ctrl Pts',(31.9516860457646,75.7306101537902,13.4));
#5057=CARTESIAN_POINT('Ctrl Pts',(30.2456017142522,75.9564569949666,13.4));
#5058=CARTESIAN_POINT('Ctrl Pts',(28.4356117418197,75.9698437747517,13.4));
#5059=CARTESIAN_POINT('Ctrl Pts',(26.8066523861475,75.3429424406249,13.4));
#5060=CARTESIAN_POINT('',(31.9516860457646,75.7306101537902,13.));
#5061=CARTESIAN_POINT('Ctrl Pts',(34.6179183277674,74.79549313668,13.));
#5062=CARTESIAN_POINT('Ctrl Pts',(34.6179183277674,74.79549313668,13.4));
#5063=CARTESIAN_POINT('Ctrl Pts',(33.8629579497563,75.3656427669087,13.));
#5064=CARTESIAN_POINT('Ctrl Pts',(33.8629579497563,75.3656427669087,13.4));
#5065=CARTESIAN_POINT('Ctrl Pts',(32.8702152510869,75.593527112917,13.));
#5066=CARTESIAN_POINT('Ctrl Pts',(32.8702152510869,75.593527112917,13.4));
#5067=CARTESIAN_POINT('Ctrl Pts',(31.9516860457646,75.7306101537902,13.));
#5068=CARTESIAN_POINT('Ctrl Pts',(31.9516860457646,75.7306101537902,13.4));
#5069=CARTESIAN_POINT('',(34.6179183277674,74.79549313668,13.));
#5070=CARTESIAN_POINT('Ctrl Pts',(31.9516860457646,75.7306101537902,13.));
#5071=CARTESIAN_POINT('Ctrl Pts',(32.8702152510869,75.593527112917,13.));
#5072=CARTESIAN_POINT('Ctrl Pts',(33.8629579497563,75.3656427669087,13.));
#5073=CARTESIAN_POINT('Ctrl Pts',(34.6179183277674,74.79549313668,13.));
#5074=CARTESIAN_POINT('',(34.6179183277674,74.79549313668,13.4));
#5075=CARTESIAN_POINT('Ctrl Pts',(34.6179183277674,74.79549313668,13.4));
#5076=CARTESIAN_POINT('Ctrl Pts',(33.8629579497563,75.3656427669087,13.4));
#5077=CARTESIAN_POINT('Ctrl Pts',(32.8702152510869,75.593527112917,13.4));
#5078=CARTESIAN_POINT('Ctrl Pts',(31.9516860457646,75.7306101537902,13.4));
#5079=CARTESIAN_POINT('',(34.6179183277674,74.79549313668,13.));
#5080=CARTESIAN_POINT('Ctrl Pts',(35.2017478400456,72.4255410581786,13.));
#5081=CARTESIAN_POINT('Ctrl Pts',(35.2017478400456,72.4255410581786,13.4));
#5082=CARTESIAN_POINT('Ctrl Pts',(35.7940186975387,73.1444125537434,13.));
#5083=CARTESIAN_POINT('Ctrl Pts',(35.7940186975387,73.1444125537434,13.4));
#5084=CARTESIAN_POINT('Ctrl Pts',(35.2998305159795,74.305667737917,13.));
#5085=CARTESIAN_POINT('Ctrl Pts',(35.2998305159795,74.305667737917,13.4));
#5086=CARTESIAN_POINT('Ctrl Pts',(34.6179183277674,74.79549313668,13.));
#5087=CARTESIAN_POINT('Ctrl Pts',(34.6179183277674,74.79549313668,13.4));
#5088=CARTESIAN_POINT('',(35.2017478400456,72.4255410581786,13.));
#5089=CARTESIAN_POINT('Ctrl Pts',(34.6179183277674,74.79549313668,13.));
#5090=CARTESIAN_POINT('Ctrl Pts',(35.2998305159795,74.305667737917,13.));
#5091=CARTESIAN_POINT('Ctrl Pts',(35.7940186975387,73.1444125537434,13.));
#5092=CARTESIAN_POINT('Ctrl Pts',(35.2017478400456,72.4255410581786,13.));
#5093=CARTESIAN_POINT('',(35.2017478400456,72.4255410581786,13.4));
#5094=CARTESIAN_POINT('Ctrl Pts',(35.2017478400456,72.4255410581786,13.4));
#5095=CARTESIAN_POINT('Ctrl Pts',(35.7940186975387,73.1444125537434,13.4));
#5096=CARTESIAN_POINT('Ctrl Pts',(35.2998305159795,74.305667737917,13.4));
#5097=CARTESIAN_POINT('Ctrl Pts',(34.6179183277674,74.79549313668,13.4));
#5098=CARTESIAN_POINT('',(35.2017478400456,72.4255410581786,13.));
#5099=CARTESIAN_POINT('Ctrl Pts',(32.2249745970952,70.8419841314513,13.));
#5100=CARTESIAN_POINT('Ctrl Pts',(32.2249745970952,70.8419841314513,13.4));
#5101=CARTESIAN_POINT('Ctrl Pts',(33.1370999620346,71.2476945094624,13.));
#5102=CARTESIAN_POINT('Ctrl Pts',(33.1370999620346,71.2476945094624,13.4));
#5103=CARTESIAN_POINT('Ctrl Pts',(34.5367201186406,71.6679569708068,13.));
#5104=CARTESIAN_POINT('Ctrl Pts',(34.5367201186406,71.6679569708068,13.4));
#5105=CARTESIAN_POINT('Ctrl Pts',(35.2017478400456,72.4255410581786,13.));
#5106=CARTESIAN_POINT('Ctrl Pts',(35.2017478400456,72.4255410581786,13.4));
#5107=CARTESIAN_POINT('',(32.2249745970952,70.8419841314513,13.));
#5108=CARTESIAN_POINT('Ctrl Pts',(35.2017478400456,72.4255410581786,13.));
#5109=CARTESIAN_POINT('Ctrl Pts',(34.5367201186406,71.6679569708068,13.));
#5110=CARTESIAN_POINT('Ctrl Pts',(33.1370999620346,71.2476945094624,13.));
#5111=CARTESIAN_POINT('Ctrl Pts',(32.2249745970952,70.8419841314513,13.));
#5112=CARTESIAN_POINT('',(32.2249745970952,70.8419841314513,13.4));
#5113=CARTESIAN_POINT('Ctrl Pts',(32.2249745970952,70.8419841314513,13.4));
#5114=CARTESIAN_POINT('Ctrl Pts',(33.1370999620346,71.2476945094624,13.4));
#5115=CARTESIAN_POINT('Ctrl Pts',(34.5367201186406,71.6679569708068,13.4));
#5116=CARTESIAN_POINT('Ctrl Pts',(35.2017478400456,72.4255410581786,13.4));
#5117=CARTESIAN_POINT('',(32.2249745970952,70.8419841314513,13.));
#5118=CARTESIAN_POINT('Ctrl Pts',(28.9722926462081,69.2031285775064,13.));
#5119=CARTESIAN_POINT('Ctrl Pts',(28.9722926462081,69.2031285775064,13.4));
#5120=CARTESIAN_POINT('Ctrl Pts',(30.0570072826929,69.7473750730712,13.));
#5121=CARTESIAN_POINT('Ctrl Pts',(30.0570072826929,69.7473750730712,13.4));
#5122=CARTESIAN_POINT('Ctrl Pts',(31.0980638928003,70.3865014361897,13.));
#5123=CARTESIAN_POINT('Ctrl Pts',(31.0980638928003,70.3865014361897,13.4));
#5124=CARTESIAN_POINT('Ctrl Pts',(32.2249745970952,70.8419841314513,13.));
#5125=CARTESIAN_POINT('Ctrl Pts',(32.2249745970952,70.8419841314513,13.4));
#5126=CARTESIAN_POINT('',(28.9722926462081,69.2031285775064,13.));
#5127=CARTESIAN_POINT('Ctrl Pts',(32.2249745970952,70.8419841314513,13.));
#5128=CARTESIAN_POINT('Ctrl Pts',(31.0980638928003,70.3865014361897,13.));
#5129=CARTESIAN_POINT('Ctrl Pts',(30.0570072826929,69.7473750730712,13.));
#5130=CARTESIAN_POINT('Ctrl Pts',(28.9722926462081,69.2031285775064,13.));
#5131=CARTESIAN_POINT('',(28.9722926462081,69.2031285775064,13.4));
#5132=CARTESIAN_POINT('Ctrl Pts',(28.9722926462081,69.2031285775064,13.4));
#5133=CARTESIAN_POINT('Ctrl Pts',(30.0570072826929,69.7473750730712,13.4));
#5134=CARTESIAN_POINT('Ctrl Pts',(31.0980638928003,70.3865014361897,13.4));
#5135=CARTESIAN_POINT('Ctrl Pts',(32.2249745970952,70.8419841314513,13.4));
#5136=CARTESIAN_POINT('',(28.9722926462081,69.2031285775064,13.));
#5137=CARTESIAN_POINT('Ctrl Pts',(24.9434030677067,66.1268178055643,13.));
#5138=CARTESIAN_POINT('Ctrl Pts',(24.9434030677067,66.1268178055643,13.4));
#5139=CARTESIAN_POINT('Ctrl Pts',(25.6582031063624,67.4362122032999,13.));
#5140=CARTESIAN_POINT('Ctrl Pts',(25.6582031063624,67.4362122032999,13.4));
#5141=CARTESIAN_POINT('Ctrl Pts',(27.6890909326461,68.4964767818013,13.));
#5142=CARTESIAN_POINT('Ctrl Pts',(27.6890909326461,68.4964767818013,13.4));
#5143=CARTESIAN_POINT('Ctrl Pts',(28.9722926462081,69.2031285775064,13.));
#5144=CARTESIAN_POINT('Ctrl Pts',(28.9722926462081,69.2031285775064,13.4));
#5145=CARTESIAN_POINT('',(24.9434030677067,66.1268178055643,13.));
#5146=CARTESIAN_POINT('Ctrl Pts',(28.9722926462081,69.2031285775064,13.));
#5147=CARTESIAN_POINT('Ctrl Pts',(27.6890909326461,68.4964767818013,13.));
#5148=CARTESIAN_POINT('Ctrl Pts',(25.6582031063624,67.4362122032999,13.));
#5149=CARTESIAN_POINT('Ctrl Pts',(24.9434030677067,66.1268178055643,13.));
#5150=CARTESIAN_POINT('',(24.9434030677067,66.1268178055643,13.4));
#5151=CARTESIAN_POINT('Ctrl Pts',(24.9434030677067,66.1268178055643,13.4));
#5152=CARTESIAN_POINT('Ctrl Pts',(25.6582031063624,67.4362122032999,13.4));
#5153=CARTESIAN_POINT('Ctrl Pts',(27.6890909326461,68.4964767818013,13.4));
#5154=CARTESIAN_POINT('Ctrl Pts',(28.9722926462081,69.2031285775064,13.4));
#5155=CARTESIAN_POINT('',(24.9434030677067,66.1268178055643,13.));
#5156=CARTESIAN_POINT('Ctrl Pts',(25.5394558325993,64.6107809822916,13.));
#5157=CARTESIAN_POINT('Ctrl Pts',(25.5394558325993,64.6107809822916,13.4));
#5158=CARTESIAN_POINT('Ctrl Pts',(24.7935176751998,64.6294062989114,13.));
#5159=CARTESIAN_POINT('Ctrl Pts',(24.7935176751998,64.6294062989114,13.4));
#5160=CARTESIAN_POINT('Ctrl Pts',(24.6165656208582,65.5787840734679,13.));
#5161=CARTESIAN_POINT('Ctrl Pts',(24.6165656208582,65.5787840734679,13.4));
#5162=CARTESIAN_POINT('Ctrl Pts',(24.9434030677067,66.1268178055643,13.));
#5163=CARTESIAN_POINT('Ctrl Pts',(24.9434030677067,66.1268178055643,13.4));
#5164=CARTESIAN_POINT('',(25.5394558325993,64.6107809822916,13.));
#5165=CARTESIAN_POINT('Ctrl Pts',(24.9434030677067,66.1268178055643,13.));
#5166=CARTESIAN_POINT('Ctrl Pts',(24.6165656208582,65.5787840734679,13.));
#5167=CARTESIAN_POINT('Ctrl Pts',(24.7935176751998,64.6294062989114,13.));
#5168=CARTESIAN_POINT('Ctrl Pts',(25.5394558325993,64.6107809822916,13.));
#5169=CARTESIAN_POINT('',(25.5394558325993,64.6107809822916,13.4));
#5170=CARTESIAN_POINT('Ctrl Pts',(25.5394558325993,64.6107809822916,13.4));
#5171=CARTESIAN_POINT('Ctrl Pts',(24.7935176751998,64.6294062989114,13.4));
#5172=CARTESIAN_POINT('Ctrl Pts',(24.6165656208582,65.5787840734679,13.4));
#5173=CARTESIAN_POINT('Ctrl Pts',(24.9434030677067,66.1268178055643,13.4));
#5174=CARTESIAN_POINT('',(25.5394558325993,64.6107809822916,13.));
#5175=CARTESIAN_POINT('Ctrl Pts',(27.821514535704,65.7481723130106,13.));
#5176=CARTESIAN_POINT('Ctrl Pts',(27.821514535704,65.7481723130106,13.4));
#5177=CARTESIAN_POINT('Ctrl Pts',(27.2085808567591,65.3052041962503,13.));
#5178=CARTESIAN_POINT('Ctrl Pts',(27.2085808567591,65.3052041962503,13.4));
#5179=CARTESIAN_POINT('Ctrl Pts',(26.320322898029,64.6125253848591,13.));
#5180=CARTESIAN_POINT('Ctrl Pts',(26.320322898029,64.6125253848591,13.4));
#5181=CARTESIAN_POINT('Ctrl Pts',(25.5394558325993,64.6107809822916,13.));
#5182=CARTESIAN_POINT('Ctrl Pts',(25.5394558325993,64.6107809822916,13.4));
#5183=CARTESIAN_POINT('',(27.821514535704,65.7481723130106,13.));
#5184=CARTESIAN_POINT('Ctrl Pts',(25.5394558325993,64.6107809822916,13.));
#5185=CARTESIAN_POINT('Ctrl Pts',(26.320322898029,64.6125253848591,13.));
#5186=CARTESIAN_POINT('Ctrl Pts',(27.2085808567591,65.3052041962503,13.));
#5187=CARTESIAN_POINT('Ctrl Pts',(27.821514535704,65.7481723130106,13.));
#5188=CARTESIAN_POINT('',(27.821514535704,65.7481723130106,13.4));
#5189=CARTESIAN_POINT('Ctrl Pts',(27.821514535704,65.7481723130106,13.4));
#5190=CARTESIAN_POINT('Ctrl Pts',(27.2085808567591,65.3052041962503,13.4));
#5191=CARTESIAN_POINT('Ctrl Pts',(26.320322898029,64.6125253848591,13.4));
#5192=CARTESIAN_POINT('Ctrl Pts',(25.5394558325993,64.6107809822916,13.4));
#5193=CARTESIAN_POINT('',(27.821514535704,65.7481723130106,13.));
#5194=CARTESIAN_POINT('Ctrl Pts',(31.1978891949244,68.4542771612365,13.));
#5195=CARTESIAN_POINT('Ctrl Pts',(31.1978891949244,68.4542771612365,13.4));
#5196=CARTESIAN_POINT('Ctrl Pts',(30.0249916335332,67.6122920563577,13.));
#5197=CARTESIAN_POINT('Ctrl Pts',(30.0249916335332,67.6122920563577,13.4));
#5198=CARTESIAN_POINT('Ctrl Pts',(28.9653079304285,66.6279889265258,13.));
#5199=CARTESIAN_POINT('Ctrl Pts',(28.9653079304285,66.6279889265258,13.4));
#5200=CARTESIAN_POINT('Ctrl Pts',(27.821514535704,65.7481723130106,13.));
#5201=CARTESIAN_POINT('Ctrl Pts',(27.821514535704,65.7481723130106,13.4));
#5202=CARTESIAN_POINT('',(31.1978891949244,68.4542771612365,13.));
#5203=CARTESIAN_POINT('Ctrl Pts',(27.821514535704,65.7481723130106,13.));
#5204=CARTESIAN_POINT('Ctrl Pts',(28.9653079304285,66.6279889265258,13.));
#5205=CARTESIAN_POINT('Ctrl Pts',(30.0249916335332,67.6122920563577,13.));
#5206=CARTESIAN_POINT('Ctrl Pts',(31.1978891949244,68.4542771612365,13.));
#5207=CARTESIAN_POINT('',(31.1978891949244,68.4542771612365,13.4));
#5208=CARTESIAN_POINT('Ctrl Pts',(31.1978891949244,68.4542771612365,13.4));
#5209=CARTESIAN_POINT('Ctrl Pts',(30.0249916335332,67.6122920563577,13.4));
#5210=CARTESIAN_POINT('Ctrl Pts',(28.9653079304285,66.6279889265258,13.4));
#5211=CARTESIAN_POINT('Ctrl Pts',(27.821514535704,65.7481723130106,13.4));
#5212=CARTESIAN_POINT('',(31.1978891949244,68.4542771612365,13.));
#5213=CARTESIAN_POINT('Ctrl Pts',(34.4991746067591,69.4051097888508,13.));
#5214=CARTESIAN_POINT('Ctrl Pts',(34.4991746067591,69.4051097888508,13.4));
#5215=CARTESIAN_POINT('Ctrl Pts',(33.4846037830896,69.9103559194762,13.));
#5216=CARTESIAN_POINT('Ctrl Pts',(33.4846037830896,69.9103559194762,13.4));
#5217=CARTESIAN_POINT('Ctrl Pts',(32.0084395260401,69.0677917155781,13.));
#5218=CARTESIAN_POINT('Ctrl Pts',(32.0084395260401,69.0677917155781,13.4));
#5219=CARTESIAN_POINT('Ctrl Pts',(31.1978891949244,68.4542771612365,13.));
#5220=CARTESIAN_POINT('Ctrl Pts',(31.1978891949244,68.4542771612365,13.4));
#5221=CARTESIAN_POINT('',(34.4991746067591,69.4051097888508,13.));
#5222=CARTESIAN_POINT('Ctrl Pts',(31.1978891949244,68.4542771612365,13.));
#5223=CARTESIAN_POINT('Ctrl Pts',(32.0084395260401,69.0677917155781,13.));
#5224=CARTESIAN_POINT('Ctrl Pts',(33.4846037830896,69.9103559194762,13.));
#5225=CARTESIAN_POINT('Ctrl Pts',(34.4991746067591,69.4051097888508,13.));
#5226=CARTESIAN_POINT('',(34.4991746067591,69.4051097888508,13.4));
#5227=CARTESIAN_POINT('Ctrl Pts',(34.4991746067591,69.4051097888508,13.4));
#5228=CARTESIAN_POINT('Ctrl Pts',(33.4846037830896,69.9103559194762,13.4));
#5229=CARTESIAN_POINT('Ctrl Pts',(32.0084395260401,69.0677917155781,13.4));
#5230=CARTESIAN_POINT('Ctrl Pts',(31.1978891949244,68.4542771612365,13.4));
#5231=CARTESIAN_POINT('',(34.4991746067591,69.4051097888508,13.));
#5232=CARTESIAN_POINT('Ctrl Pts',(35.2759648861475,68.1850636195698,13.));
#5233=CARTESIAN_POINT('Ctrl Pts',(35.2759648861475,68.1850636195698,13.4));
#5234=CARTESIAN_POINT('Ctrl Pts',(35.066123204985,68.6271542059142,13.));
#5235=CARTESIAN_POINT('Ctrl Pts',(35.066123204985,68.6271542059142,13.4));
#5236=CARTESIAN_POINT('Ctrl Pts',(34.9633864203679,69.1527753848591,13.));
#5237=CARTESIAN_POINT('Ctrl Pts',(34.9633864203679,69.1527753848591,13.4));
#5238=CARTESIAN_POINT('Ctrl Pts',(34.4991746067591,69.4051097888508,13.));
#5239=CARTESIAN_POINT('Ctrl Pts',(34.4991746067591,69.4051097888508,13.4));
#5240=CARTESIAN_POINT('',(35.2759648861475,68.1850636195698,13.));
#5241=CARTESIAN_POINT('Ctrl Pts',(34.4991746067591,69.4051097888508,13.));
#5242=CARTESIAN_POINT('Ctrl Pts',(34.9633864203679,69.1527753848591,13.));
#5243=CARTESIAN_POINT('Ctrl Pts',(35.066123204985,68.6271542059142,13.));
#5244=CARTESIAN_POINT('Ctrl Pts',(35.2759648861475,68.1850636195698,13.));
#5245=CARTESIAN_POINT('',(35.2759648861475,68.1850636195698,13.4));
#5246=CARTESIAN_POINT('Ctrl Pts',(35.2759648861475,68.1850636195698,13.4));
#5247=CARTESIAN_POINT('Ctrl Pts',(35.066123204985,68.6271542059142,13.4));
#5248=CARTESIAN_POINT('Ctrl Pts',(34.9633864203679,69.1527753848591,13.4));
#5249=CARTESIAN_POINT('Ctrl Pts',(34.4991746067591,69.4051097888508,13.4));
#5250=CARTESIAN_POINT('',(35.2759648861475,68.1850636195698,13.));
#5251=CARTESIAN_POINT('Ctrl Pts',(36.7404867659795,64.7877348130106,13.));
#5252=CARTESIAN_POINT('Ctrl Pts',(36.7404867659795,64.7877348130106,13.4));
#5253=CARTESIAN_POINT('Ctrl Pts',(36.155491950153,65.8788479607462,13.));
#5254=CARTESIAN_POINT('Ctrl Pts',(36.155491950153,65.8788479607462,13.4));
#5255=CARTESIAN_POINT('Ctrl Pts',(35.7585124668665,67.0482531642476,13.));
#5256=CARTESIAN_POINT('Ctrl Pts',(35.7585124668665,67.0482531642476,13.4));
#5257=CARTESIAN_POINT('Ctrl Pts',(35.2759648861475,68.1850636195698,13.));
#5258=CARTESIAN_POINT('Ctrl Pts',(35.2759648861475,68.1850636195698,13.4));
#5259=CARTESIAN_POINT('',(36.7404867659795,64.7877348130106,13.));
#5260=CARTESIAN_POINT('Ctrl Pts',(35.2759648861475,68.1850636195698,13.));
#5261=CARTESIAN_POINT('Ctrl Pts',(35.7585124668665,67.0482531642476,13.));
#5262=CARTESIAN_POINT('Ctrl Pts',(36.155491950153,65.8788479607462,13.));
#5263=CARTESIAN_POINT('Ctrl Pts',(36.7404867659795,64.7877348130106,13.));
#5264=CARTESIAN_POINT('',(36.7404867659795,64.7877348130106,13.4));
#5265=CARTESIAN_POINT('Ctrl Pts',(36.7404867659795,64.7877348130106,13.4));
#5266=CARTESIAN_POINT('Ctrl Pts',(36.155491950153,65.8788479607462,13.4));
#5267=CARTESIAN_POINT('Ctrl Pts',(35.7585124668665,67.0482531642476,13.4));
#5268=CARTESIAN_POINT('Ctrl Pts',(35.2759648861475,68.1850636195698,13.4));
#5269=CARTESIAN_POINT('',(36.7404867659795,64.7877348130106,13.));
#5270=CARTESIAN_POINT('Ctrl Pts',(36.6843159374781,64.7091532077351,13.));
#5271=CARTESIAN_POINT('Ctrl Pts',(36.6843159374781,64.7091532077351,13.4));
#5272=CARTESIAN_POINT('Ctrl Pts',(36.7393232388086,64.708279230074,13.));
#5273=CARTESIAN_POINT('Ctrl Pts',(36.7393232388086,64.708279230074,13.4));
#5274=CARTESIAN_POINT('Ctrl Pts',(36.7579485554285,64.7344719142475,13.));
#5275=CARTESIAN_POINT('Ctrl Pts',(36.7579485554285,64.7344719142475,13.4));
#5276=CARTESIAN_POINT('Ctrl Pts',(36.7404867659795,64.7877348130106,13.));
#5277=CARTESIAN_POINT('Ctrl Pts',(36.7404867659795,64.7877348130106,13.4));
#5278=CARTESIAN_POINT('',(36.6843159374781,64.7091532077351,13.));
#5279=CARTESIAN_POINT('Ctrl Pts',(36.7404867659795,64.7877348130106,13.));
#5280=CARTESIAN_POINT('Ctrl Pts',(36.7579485554285,64.7344719142475,13.));
#5281=CARTESIAN_POINT('Ctrl Pts',(36.7393232388086,64.708279230074,13.));
#5282=CARTESIAN_POINT('Ctrl Pts',(36.6843159374781,64.7091532077351,13.));
#5283=CARTESIAN_POINT('',(36.6843159374781,64.7091532077351,13.4));
#5284=CARTESIAN_POINT('Ctrl Pts',(36.6843159374781,64.7091532077351,13.4));
#5285=CARTESIAN_POINT('Ctrl Pts',(36.7393232388086,64.708279230074,13.4));
#5286=CARTESIAN_POINT('Ctrl Pts',(36.7579485554285,64.7344719142475,13.4));
#5287=CARTESIAN_POINT('Ctrl Pts',(36.7404867659795,64.7877348130106,13.4));
#5288=CARTESIAN_POINT('',(36.6843159374781,64.7091532077351,13.));
#5289=CARTESIAN_POINT('Ctrl Pts',(34.1982385181971,64.9373306560078,13.));
#5290=CARTESIAN_POINT('Ctrl Pts',(34.1982385181971,64.9373306560078,13.4));
#5291=CARTESIAN_POINT('Ctrl Pts',(35.138594072142,65.2318629041869,13.));
#5292=CARTESIAN_POINT('Ctrl Pts',(35.138594072142,65.2318629041869,13.4));
#5293=CARTESIAN_POINT('Ctrl Pts',(35.8274891997563,65.2042135905781,13.));
#5294=CARTESIAN_POINT('Ctrl Pts',(35.8274891997563,65.2042135905781,13.4));
#5295=CARTESIAN_POINT('Ctrl Pts',(36.6843159374781,64.7091532077351,13.));
#5296=CARTESIAN_POINT('Ctrl Pts',(36.6843159374781,64.7091532077351,13.4));
#5297=CARTESIAN_POINT('',(34.1982385181971,64.9373306560078,13.));
#5298=CARTESIAN_POINT('Ctrl Pts',(36.6843159374781,64.7091532077351,13.));
#5299=CARTESIAN_POINT('Ctrl Pts',(35.8274891997563,65.2042135905781,13.));
#5300=CARTESIAN_POINT('Ctrl Pts',(35.138594072142,65.2318629041869,13.));
#5301=CARTESIAN_POINT('Ctrl Pts',(34.1982385181971,64.9373306560078,13.));
#5302=CARTESIAN_POINT('',(34.1982385181971,64.9373306560078,13.4));
#5303=CARTESIAN_POINT('Ctrl Pts',(34.1982385181971,64.9373306560078,13.4));
#5304=CARTESIAN_POINT('Ctrl Pts',(35.138594072142,65.2318629041869,13.4));
#5305=CARTESIAN_POINT('Ctrl Pts',(35.8274891997563,65.2042135905781,13.4));
#5306=CARTESIAN_POINT('Ctrl Pts',(36.6843159374781,64.7091532077351,13.4));
#5307=CARTESIAN_POINT('',(34.1982385181971,64.9373306560078,13.));
#5308=CARTESIAN_POINT('Ctrl Pts',(28.0188416383651,61.8502514845092,13.));
#5309=CARTESIAN_POINT('Ctrl Pts',(28.0188416383651,61.8502514845092,13.4));
#5310=CARTESIAN_POINT('Ctrl Pts',(30.7246569370813,61.6875584112365,13.));
#5311=CARTESIAN_POINT('Ctrl Pts',(30.7246569370813,61.6875584112365,13.4));
#5312=CARTESIAN_POINT('Ctrl Pts',(31.929859697142,64.1136813182393,13.));
#5313=CARTESIAN_POINT('Ctrl Pts',(31.929859697142,64.1136813182393,13.4));
#5314=CARTESIAN_POINT('Ctrl Pts',(34.1982385181971,64.9373306560078,13.));
#5315=CARTESIAN_POINT('Ctrl Pts',(34.1982385181971,64.9373306560078,13.4));
#5316=CARTESIAN_POINT('',(28.0188416383651,61.8502514845092,13.));
#5317=CARTESIAN_POINT('Ctrl Pts',(34.1982385181971,64.9373306560078,13.));
#5318=CARTESIAN_POINT('Ctrl Pts',(31.929859697142,64.1136813182393,13.));
#5319=CARTESIAN_POINT('Ctrl Pts',(30.7246569370813,61.6875584112365,13.));
#5320=CARTESIAN_POINT('Ctrl Pts',(28.0188416383651,61.8502514845092,13.));
#5321=CARTESIAN_POINT('',(28.0188416383651,61.8502514845092,13.4));
#5322=CARTESIAN_POINT('Ctrl Pts',(28.0188416383651,61.8502514845092,13.4));
#5323=CARTESIAN_POINT('Ctrl Pts',(30.7246569370813,61.6875584112365,13.4));
#5324=CARTESIAN_POINT('Ctrl Pts',(31.929859697142,64.1136813182393,13.4));
#5325=CARTESIAN_POINT('Ctrl Pts',(34.1982385181971,64.9373306560078,13.4));
#5326=CARTESIAN_POINT('',(28.0188416383651,61.8502514845092,13.));
#5327=CARTESIAN_POINT('Ctrl Pts',(25.1090076234725,63.4524355042337,13.));
#5328=CARTESIAN_POINT('Ctrl Pts',(25.1090076234725,63.4524355042337,13.4));
#5329=CARTESIAN_POINT('Ctrl Pts',(25.8025586361475,62.5158618576883,13.));
#5330=CARTESIAN_POINT('Ctrl Pts',(25.8025586361475,62.5158618576883,13.4));
#5331=CARTESIAN_POINT('Ctrl Pts',(26.8596221826461,61.9465844287434,13.));
#5332=CARTESIAN_POINT('Ctrl Pts',(26.8596221826461,61.9465844287434,13.4));
#5333=CARTESIAN_POINT('Ctrl Pts',(28.0188416383651,61.8502514845092,13.));
#5334=CARTESIAN_POINT('Ctrl Pts',(28.0188416383651,61.8502514845092,13.4));
#5335=CARTESIAN_POINT('',(25.1090076234725,63.4524355042337,13.));
#5336=CARTESIAN_POINT('Ctrl Pts',(28.0188416383651,61.8502514845092,13.));
#5337=CARTESIAN_POINT('Ctrl Pts',(26.8596221826461,61.9465844287434,13.));
#5338=CARTESIAN_POINT('Ctrl Pts',(25.8025586361475,62.5158618576883,13.));
#5339=CARTESIAN_POINT('Ctrl Pts',(25.1090076234725,63.4524355042337,13.));
#5340=CARTESIAN_POINT('',(25.1090076234725,63.4524355042337,13.4));
#5341=CARTESIAN_POINT('Ctrl Pts',(25.1090076234725,63.4524355042337,13.4));
#5342=CARTESIAN_POINT('Ctrl Pts',(25.8025586361475,62.5158618576883,13.4));
#5343=CARTESIAN_POINT('Ctrl Pts',(26.8596221826461,61.9465844287434,13.4));
#5344=CARTESIAN_POINT('Ctrl Pts',(28.0188416383651,61.8502514845092,13.4));
#5345=CARTESIAN_POINT('',(25.1090076234725,63.4524355042337,13.));
#5346=CARTESIAN_POINT('Ctrl Pts',(24.8022503463017,63.9303254235147,13.));
#5347=CARTESIAN_POINT('Ctrl Pts',(24.8022503463017,63.9303254235147,13.4));
#5348=CARTESIAN_POINT('Ctrl Pts',(24.8962562361943,63.7661774971842,13.));
#5349=CARTESIAN_POINT('Ctrl Pts',(24.8962562361943,63.7661774971842,13.4));
#5350=CARTESIAN_POINT('Ctrl Pts',(24.9987034713017,63.6069767818013,13.));
#5351=CARTESIAN_POINT('Ctrl Pts',(24.9987034713017,63.6069767818013,13.4));
#5352=CARTESIAN_POINT('Ctrl Pts',(25.1090076234725,63.4524355042337,13.));
#5353=CARTESIAN_POINT('Ctrl Pts',(25.1090076234725,63.4524355042337,13.4));
#5354=CARTESIAN_POINT('',(24.8022503463017,63.9303254235147,13.));
#5355=CARTESIAN_POINT('Ctrl Pts',(25.1090076234725,63.4524355042337,13.));
#5356=CARTESIAN_POINT('Ctrl Pts',(24.9987034713017,63.6069767818013,13.));
#5357=CARTESIAN_POINT('Ctrl Pts',(24.8962562361943,63.7661774971842,13.));
#5358=CARTESIAN_POINT('Ctrl Pts',(24.8022503463017,63.9303254235147,13.));
#5359=CARTESIAN_POINT('',(24.8022503463017,63.9303254235147,13.4));
#5360=CARTESIAN_POINT('Ctrl Pts',(24.8022503463017,63.9303254235147,13.4));
#5361=CARTESIAN_POINT('Ctrl Pts',(24.8962562361943,63.7661774971842,13.4));
#5362=CARTESIAN_POINT('Ctrl Pts',(24.9987034713017,63.6069767818013,13.4));
#5363=CARTESIAN_POINT('Ctrl Pts',(25.1090076234725,63.4524355042337,13.4));
#5364=CARTESIAN_POINT('',(24.8022503463017,63.9303254235147,13.));
#5365=CARTESIAN_POINT('Ctrl Pts',(24.777221189299,63.8651323744018,13.));
#5366=CARTESIAN_POINT('Ctrl Pts',(24.777221189299,63.8651323744018,13.4));
#5367=CARTESIAN_POINT('Ctrl Pts',(24.775475010354,63.891323282198,13.));
#5368=CARTESIAN_POINT('Ctrl Pts',(24.775475010354,63.891323282198,13.4));
#5369=CARTESIAN_POINT('Ctrl Pts',(24.7836232533045,63.913151407198,13.));
#5370=CARTESIAN_POINT('Ctrl Pts',(24.7836232533045,63.913151407198,13.4));
#5371=CARTESIAN_POINT('Ctrl Pts',(24.8022503463017,63.9303254235147,13.));
#5372=CARTESIAN_POINT('Ctrl Pts',(24.8022503463017,63.9303254235147,13.4));
#5373=CARTESIAN_POINT('',(24.777221189299,63.8651323744018,13.));
#5374=CARTESIAN_POINT('Ctrl Pts',(24.8022503463017,63.9303254235147,13.));
#5375=CARTESIAN_POINT('Ctrl Pts',(24.7836232533045,63.913151407198,13.));
#5376=CARTESIAN_POINT('Ctrl Pts',(24.775475010354,63.891323282198,13.));
#5377=CARTESIAN_POINT('Ctrl Pts',(24.777221189299,63.8651323744018,13.));
#5378=CARTESIAN_POINT('',(24.777221189299,63.8651323744018,13.4));
#5379=CARTESIAN_POINT('Ctrl Pts',(24.777221189299,63.8651323744018,13.4));
#5380=CARTESIAN_POINT('Ctrl Pts',(24.775475010354,63.891323282198,13.4));
#5381=CARTESIAN_POINT('Ctrl Pts',(24.7836232533045,63.913151407198,13.4));
#5382=CARTESIAN_POINT('Ctrl Pts',(24.8022503463017,63.9303254235147,13.4));
#5383=CARTESIAN_POINT('',(24.777221189299,63.8651323744018,13.));
#5384=CARTESIAN_POINT('Ctrl Pts',(24.8005041673568,60.2320587520161,13.));
#5385=CARTESIAN_POINT('Ctrl Pts',(24.8005041673568,60.2320587520161,13.4));
#5386=CARTESIAN_POINT('Ctrl Pts',(24.7609229270207,61.4401729945698,13.));
#5387=CARTESIAN_POINT('Ctrl Pts',(24.7609229270207,61.4401729945698,13.4));
#5388=CARTESIAN_POINT('Ctrl Pts',(24.7888635665166,62.6561441541869,13.));
#5389=CARTESIAN_POINT('Ctrl Pts',(24.7888635665166,62.6561441541869,13.4));
#5390=CARTESIAN_POINT('Ctrl Pts',(24.777221189299,63.8651323744018,13.));
#5391=CARTESIAN_POINT('Ctrl Pts',(24.777221189299,63.8651323744018,13.4));
#5392=CARTESIAN_POINT('',(24.8005041673568,60.2320587520161,13.));
#5393=CARTESIAN_POINT('Ctrl Pts',(24.777221189299,63.8651323744018,13.));
#5394=CARTESIAN_POINT('Ctrl Pts',(24.7888635665166,62.6561441541869,13.));
#5395=CARTESIAN_POINT('Ctrl Pts',(24.7609229270207,61.4401729945698,13.));
#5396=CARTESIAN_POINT('Ctrl Pts',(24.8005041673568,60.2320587520161,13.));
#5397=CARTESIAN_POINT('',(24.8005041673568,60.2320587520161,13.4));
#5398=CARTESIAN_POINT('Ctrl Pts',(24.8005041673568,60.2320587520161,13.4));
#5399=CARTESIAN_POINT('Ctrl Pts',(24.7609229270207,61.4401729945698,13.4));
#5400=CARTESIAN_POINT('Ctrl Pts',(24.7888635665166,62.6561441541869,13.4));
#5401=CARTESIAN_POINT('Ctrl Pts',(24.777221189299,63.8651323744018,13.4));
#5402=CARTESIAN_POINT('',(24.8005041673568,60.2320587520161,13.));
#5403=CARTESIAN_POINT('Ctrl Pts',(26.7027520743596,56.5599847646911,13.));
#5404=CARTESIAN_POINT('Ctrl Pts',(26.7027520743596,56.5599847646911,13.4));
#5405=CARTESIAN_POINT('Ctrl Pts',(25.1503368191309,56.8085354849059,13.));
#5406=CARTESIAN_POINT('Ctrl Pts',(25.1503368191309,56.8085354849059,13.4));
#5407=CARTESIAN_POINT('Ctrl Pts',(24.8534739638554,58.9666101537902,13.));
#5408=CARTESIAN_POINT('Ctrl Pts',(24.8534739638554,58.9666101537902,13.4));
#5409=CARTESIAN_POINT('Ctrl Pts',(24.8005041673568,60.2320587520161,13.));
#5410=CARTESIAN_POINT('Ctrl Pts',(24.8005041673568,60.2320587520161,13.4));
#5411=CARTESIAN_POINT('',(26.7027520743596,56.5599847646911,13.));
#5412=CARTESIAN_POINT('Ctrl Pts',(24.8005041673568,60.2320587520161,13.));
#5413=CARTESIAN_POINT('Ctrl Pts',(24.8534739638554,58.9666101537902,13.));
#5414=CARTESIAN_POINT('Ctrl Pts',(25.1503368191309,56.8085354849059,13.));
#5415=CARTESIAN_POINT('Ctrl Pts',(26.7027520743596,56.5599847646911,13.));
#5416=CARTESIAN_POINT('',(26.7027520743596,56.5599847646911,13.4));
#5417=CARTESIAN_POINT('Ctrl Pts',(26.7027520743596,56.5599847646911,13.4));
#5418=CARTESIAN_POINT('Ctrl Pts',(25.1503368191309,56.8085354849059,13.4));
#5419=CARTESIAN_POINT('Ctrl Pts',(24.8534739638554,58.9666101537902,13.4));
#5420=CARTESIAN_POINT('Ctrl Pts',(24.8005041673568,60.2320587520161,13.4));
#5421=CARTESIAN_POINT('',(26.7027520743596,56.5599847646911,13.));
#5422=CARTESIAN_POINT('Ctrl Pts',(32.1984923634119,60.6171063085753,13.));
#5423=CARTESIAN_POINT('Ctrl Pts',(32.1984923634119,60.6171063085753,13.4));
#5424=CARTESIAN_POINT('Ctrl Pts',(31.1102871454147,58.9180049164652,13.));
#5425=CARTESIAN_POINT('Ctrl Pts',(31.1102871454147,58.9180049164652,13.4));
#5426=CARTESIAN_POINT('Ctrl Pts',(28.9129225620813,56.4156292349059,13.));
#5427=CARTESIAN_POINT('Ctrl Pts',(28.9129225620813,56.4156292349059,13.4));
#5428=CARTESIAN_POINT('Ctrl Pts',(26.7027520743596,56.5599847646911,13.));
#5429=CARTESIAN_POINT('Ctrl Pts',(26.7027520743596,56.5599847646911,13.4));
#5430=CARTESIAN_POINT('',(32.1984923634119,60.6171063085753,13.));
#5431=CARTESIAN_POINT('Ctrl Pts',(26.7027520743596,56.5599847646911,13.));
#5432=CARTESIAN_POINT('Ctrl Pts',(28.9129225620813,56.4156292349059,13.));
#5433=CARTESIAN_POINT('Ctrl Pts',(31.1102871454147,58.9180049164652,13.));
#5434=CARTESIAN_POINT('Ctrl Pts',(32.1984923634119,60.6171063085753,13.));
#5435=CARTESIAN_POINT('',(32.1984923634119,60.6171063085753,13.4));
#5436=CARTESIAN_POINT('Ctrl Pts',(32.1984923634119,60.6171063085753,13.4));
#5437=CARTESIAN_POINT('Ctrl Pts',(31.1102871454147,58.9180049164652,13.4));
#5438=CARTESIAN_POINT('Ctrl Pts',(28.9129225620813,56.4156292349059,13.4));
#5439=CARTESIAN_POINT('Ctrl Pts',(26.7027520743596,56.5599847646911,13.4));
#5440=CARTESIAN_POINT('',(32.1984923634119,60.6171063085753,13.));
#5441=CARTESIAN_POINT('Ctrl Pts',(33.3385020743596,63.1480035050272,13.));
#5442=CARTESIAN_POINT('Ctrl Pts',(33.3385020743596,63.1480035050272,13.4));
#5443=CARTESIAN_POINT('Ctrl Pts',(33.0803482581364,62.2495597985147,13.));
#5444=CARTESIAN_POINT('Ctrl Pts',(33.0803482581364,62.2495597985147,13.4));
#5445=CARTESIAN_POINT('Ctrl Pts',(32.7005392384119,61.4058285146911,13.));
#5446=CARTESIAN_POINT('Ctrl Pts',(32.7005392384119,61.4058285146911,13.4));
#5447=CARTESIAN_POINT('Ctrl Pts',(32.1984923634119,60.6171063085753,13.));
#5448=CARTESIAN_POINT('Ctrl Pts',(32.1984923634119,60.6171063085753,13.4));
#5449=CARTESIAN_POINT('',(33.3385020743596,63.1480035050272,13.));
#5450=CARTESIAN_POINT('Ctrl Pts',(32.1984923634119,60.6171063085753,13.));
#5451=CARTESIAN_POINT('Ctrl Pts',(32.7005392384119,61.4058285146911,13.));
#5452=CARTESIAN_POINT('Ctrl Pts',(33.0803482581364,62.2495597985147,13.));
#5453=CARTESIAN_POINT('Ctrl Pts',(33.3385020743596,63.1480035050272,13.));
#5454=CARTESIAN_POINT('',(33.3385020743596,63.1480035050272,13.4));
#5455=CARTESIAN_POINT('Ctrl Pts',(33.3385020743596,63.1480035050272,13.4));
#5456=CARTESIAN_POINT('Ctrl Pts',(33.0803482581364,62.2495597985147,13.4));
#5457=CARTESIAN_POINT('Ctrl Pts',(32.7005392384119,61.4058285146911,13.4));
#5458=CARTESIAN_POINT('Ctrl Pts',(32.1984923634119,60.6171063085753,13.4));
#5459=CARTESIAN_POINT('',(33.3385020743596,63.1480035050272,13.));
#5460=CARTESIAN_POINT('Ctrl Pts',(33.3644052090235,63.1698316300272,13.));
#5461=CARTESIAN_POINT('Ctrl Pts',(33.3644052090235,63.1698316300272,13.4));
#5462=CARTESIAN_POINT('Ctrl Pts',(33.3515993046351,63.1675045756855,13.));
#5463=CARTESIAN_POINT('Ctrl Pts',(33.3515993046351,63.1675045756855,13.4));
#5464=CARTESIAN_POINT('Ctrl Pts',(33.3428684099105,63.1602285340189,13.));
#5465=CARTESIAN_POINT('Ctrl Pts',(33.3428684099105,63.1602285340189,13.4));
#5466=CARTESIAN_POINT('Ctrl Pts',(33.3385020743596,63.1480035050272,13.));
#5467=CARTESIAN_POINT('Ctrl Pts',(33.3385020743596,63.1480035050272,13.4));
#5468=CARTESIAN_POINT('',(33.3644052090235,63.1698316300272,13.));
#5469=CARTESIAN_POINT('Ctrl Pts',(33.3385020743596,63.1480035050272,13.));
#5470=CARTESIAN_POINT('Ctrl Pts',(33.3428684099105,63.1602285340189,13.));
#5471=CARTESIAN_POINT('Ctrl Pts',(33.3515993046351,63.1675045756855,13.));
#5472=CARTESIAN_POINT('Ctrl Pts',(33.3644052090235,63.1698316300272,13.));
#5473=CARTESIAN_POINT('',(33.3644052090235,63.1698316300272,13.4));
#5474=CARTESIAN_POINT('Ctrl Pts',(33.3644052090235,63.1698316300272,13.4));
#5475=CARTESIAN_POINT('Ctrl Pts',(33.3515993046351,63.1675045756855,13.4));
#5476=CARTESIAN_POINT('Ctrl Pts',(33.3428684099105,63.1602285340189,13.4));
#5477=CARTESIAN_POINT('Ctrl Pts',(33.3385020743596,63.1480035050272,13.4));
#5478=CARTESIAN_POINT('',(33.3644052090235,63.1698316300272,13.));
#5479=CARTESIAN_POINT('Ctrl Pts',(36.5032888734725,61.2894118480244,13.));
#5480=CARTESIAN_POINT('Ctrl Pts',(36.5032888734725,61.2894118480244,13.4));
#5481=CARTESIAN_POINT('Ctrl Pts',(35.8691097213017,62.1610837713439,13.));
#5482=CARTESIAN_POINT('Ctrl Pts',(35.8691097213017,62.1610837713439,13.4));
#5483=CARTESIAN_POINT('Ctrl Pts',(34.4430055546351,63.0612754331786,13.));
#5484=CARTESIAN_POINT('Ctrl Pts',(34.4430055546351,63.0612754331786,13.4));
#5485=CARTESIAN_POINT('Ctrl Pts',(33.3644052090235,63.1698316300272,13.));
#5486=CARTESIAN_POINT('Ctrl Pts',(33.3644052090235,63.1698316300272,13.4));
#5487=CARTESIAN_POINT('',(36.5032888734725,61.2894118480244,13.));
#5488=CARTESIAN_POINT('Ctrl Pts',(33.3644052090235,63.1698316300272,13.));
#5489=CARTESIAN_POINT('Ctrl Pts',(34.4430055546351,63.0612754331786,13.));
#5490=CARTESIAN_POINT('Ctrl Pts',(35.8691097213017,62.1610837713439,13.));
#5491=CARTESIAN_POINT('Ctrl Pts',(36.5032888734725,61.2894118480244,13.));
#5492=CARTESIAN_POINT('',(36.5032888734725,61.2894118480244,13.4));
#5493=CARTESIAN_POINT('Ctrl Pts',(36.5032888734725,61.2894118480244,13.4));
#5494=CARTESIAN_POINT('Ctrl Pts',(35.8691097213017,62.1610837713439,13.4));
#5495=CARTESIAN_POINT('Ctrl Pts',(34.4430055546351,63.0612754331786,13.4));
#5496=CARTESIAN_POINT('Ctrl Pts',(33.3644052090235,63.1698316300272,13.4));
#5497=CARTESIAN_POINT('',(36.5032888734725,61.2894118480244,13.));
#5498=CARTESIAN_POINT('Ctrl Pts',(35.2745100330896,58.1295740362365,13.));
#5499=CARTESIAN_POINT('Ctrl Pts',(35.2745100330896,58.1295740362365,13.4));
#5500=CARTESIAN_POINT('Ctrl Pts',(35.9535107388086,58.7637514120299,13.));
#5501=CARTESIAN_POINT('Ctrl Pts',(35.9535107388086,58.7637514120299,13.4));
#5502=CARTESIAN_POINT('Ctrl Pts',(37.1371784761337,60.357787188804,13.));
#5503=CARTESIAN_POINT('Ctrl Pts',(37.1371784761337,60.357787188804,13.4));
#5504=CARTESIAN_POINT('Ctrl Pts',(36.5032888734725,61.2894118480244,13.));
#5505=CARTESIAN_POINT('Ctrl Pts',(36.5032888734725,61.2894118480244,13.4));
#5506=CARTESIAN_POINT('',(35.2745100330896,58.1295740362365,13.));
#5507=CARTESIAN_POINT('Ctrl Pts',(36.5032888734725,61.2894118480244,13.));
#5508=CARTESIAN_POINT('Ctrl Pts',(37.1371784761337,60.357787188804,13.));
#5509=CARTESIAN_POINT('Ctrl Pts',(35.9535107388086,58.7637514120299,13.));
#5510=CARTESIAN_POINT('Ctrl Pts',(35.2745100330896,58.1295740362365,13.));
#5511=CARTESIAN_POINT('',(35.2745100330896,58.1295740362365,13.4));
#5512=CARTESIAN_POINT('Ctrl Pts',(35.2745100330896,58.1295740362365,13.4));
#5513=CARTESIAN_POINT('Ctrl Pts',(35.9535107388086,58.7637514120299,13.4));
#5514=CARTESIAN_POINT('Ctrl Pts',(37.1371784761337,60.357787188804,13.4));
#5515=CARTESIAN_POINT('Ctrl Pts',(36.5032888734725,61.2894118480244,13.4));
#5516=CARTESIAN_POINT('',(35.2745100330896,58.1295740362365,13.));
#5517=CARTESIAN_POINT('Ctrl Pts',(26.9437336506434,56.2185934581318,13.));
#5518=CARTESIAN_POINT('Ctrl Pts',(26.9437336506434,56.2185934581318,13.4));
#5519=CARTESIAN_POINT('Ctrl Pts',(29.7700406256902,55.5797584209004,13.));
#5520=CARTESIAN_POINT('Ctrl Pts',(29.7700406256902,55.5797584209004,13.4));
#5521=CARTESIAN_POINT('Ctrl Pts',(33.0838406160263,56.1417580318013,13.));
#5522=CARTESIAN_POINT('Ctrl Pts',(33.0838406160263,56.1417580318013,13.4));
#5523=CARTESIAN_POINT('Ctrl Pts',(35.2745100330896,58.1295740362365,13.));
#5524=CARTESIAN_POINT('Ctrl Pts',(35.2745100330896,58.1295740362365,13.4));
#5525=CARTESIAN_POINT('',(26.9437336506434,56.2185934581318,13.));
#5526=CARTESIAN_POINT('Ctrl Pts',(35.2745100330896,58.1295740362365,13.));
#5527=CARTESIAN_POINT('Ctrl Pts',(33.0838406160263,56.1417580318013,13.));
#5528=CARTESIAN_POINT('Ctrl Pts',(29.7700406256902,55.5797584209004,13.));
#5529=CARTESIAN_POINT('Ctrl Pts',(26.9437336506434,56.2185934581318,13.));
#5530=CARTESIAN_POINT('',(26.9437336506434,56.2185934581318,13.4));
#5531=CARTESIAN_POINT('Ctrl Pts',(26.9437336506434,56.2185934581318,13.4));
#5532=CARTESIAN_POINT('Ctrl Pts',(29.7700406256902,55.5797584209004,13.4));
#5533=CARTESIAN_POINT('Ctrl Pts',(33.0838406160263,56.1417580318013,13.4));
#5534=CARTESIAN_POINT('Ctrl Pts',(35.2745100330896,58.1295740362365,13.4));
#5535=CARTESIAN_POINT('',(26.9437336506434,56.2185934581318,13.));
#5536=CARTESIAN_POINT('Ctrl Pts',(20.1263757112411,63.4474865169087,13.));
#5537=CARTESIAN_POINT('Ctrl Pts',(20.1263757112411,63.4474865169087,13.4));
#5538=CARTESIAN_POINT('Ctrl Pts',(20.8082861230758,59.8426448599059,13.));
#5539=CARTESIAN_POINT('Ctrl Pts',(20.8082861230758,59.8426448599059,13.4));
#5540=CARTESIAN_POINT('Ctrl Pts',(23.3351100862411,57.0384591121235,13.));
#5541=CARTESIAN_POINT('Ctrl Pts',(23.3351100862411,57.0384591121235,13.4));
#5542=CARTESIAN_POINT('Ctrl Pts',(26.9437336506434,56.2185934581318,13.));
#5543=CARTESIAN_POINT('Ctrl Pts',(26.9437336506434,56.2185934581318,13.4));
#5544=CARTESIAN_POINT('Ctrl Pts',(26.9437336506434,56.2185934581318,13.));
#5545=CARTESIAN_POINT('Ctrl Pts',(23.3351100862411,57.0384591121235,13.));
#5546=CARTESIAN_POINT('Ctrl Pts',(20.8082861230758,59.8426448599059,13.));
#5547=CARTESIAN_POINT('Ctrl Pts',(20.1263757112411,63.4474865169087,13.));
#5548=CARTESIAN_POINT('Ctrl Pts',(20.1263757112411,63.4474865169087,13.4));
#5549=CARTESIAN_POINT('Ctrl Pts',(20.8082861230758,59.8426448599059,13.4));
#5550=CARTESIAN_POINT('Ctrl Pts',(23.3351100862411,57.0384591121235,13.4));
#5551=CARTESIAN_POINT('Ctrl Pts',(26.9437336506434,56.2185934581318,13.4));
#5552=CARTESIAN_POINT('Origin',(28.5272932419367,65.774801097826,13.4));
#5553=CARTESIAN_POINT('Origin',(47.9989959407021,45.6764144947244,13.));
#5554=CARTESIAN_POINT('Origin',(47.9989959407021,45.6764144947244,10.));
#5555=CARTESIAN_POINT('',(47.2138771484198,88.2754104793343,10.));
#5556=CARTESIAN_POINT('',(46.7134537884527,87.0708292721559,10.));
#5557=CARTESIAN_POINT('Origin',(48.4134537884527,87.0708292721559,10.));
#5558=CARTESIAN_POINT('',(49.5468299764392,88.3378961277342,10.));
#5559=CARTESIAN_POINT('Origin',(48.4134537884527,87.0708292721559,10.));
#5560=CARTESIAN_POINT('',(59.2723536856438,84.7711013689372,10.));
#5561=CARTESIAN_POINT('Origin',(48.8344436290591,71.3528289895196,10.));
#5562=CARTESIAN_POINT('',(86.4359738978957,63.6408532587838,10.));
#5563=CARTESIAN_POINT('',(78.8157267145722,69.5685503914251,10.));
#5564=CARTESIAN_POINT('',(90.7226411499185,58.7188637772394,10.));
#5565=CARTESIAN_POINT('Origin',(75.998063841248,50.2225808792852,10.));
#5566=CARTESIAN_POINT('',(89.2840606587696,59.0381142267783,10.));
#5567=CARTESIAN_POINT('Origin',(88.9976867677252,54.346846807996,10.));
#5568=CARTESIAN_POINT('',(89.4652530798356,59.2936395883615,10.));
#5569=CARTESIAN_POINT('',(75.0339336281413,38.9419709075021,10.));
#5570=CARTESIAN_POINT('',(53.5626843374698,84.7318846857522,10.));
#5571=CARTESIAN_POINT('',(77.6491669781269,67.6657562606832,10.));
#5572=CARTESIAN_POINT('',(43.1474002939067,70.0321537961679,10.));
#5573=CARTESIAN_POINT('',(42.5540719943325,69.1947530784884,10.));
#5574=CARTESIAN_POINT('',(67.1278382432905,53.2267619869792,10.));
#5575=CARTESIAN_POINT('',(51.7323622926802,64.0158479071385,10.));
#5576=CARTESIAN_POINT('',(48.103898337572,53.2267619869792,10.));
#5577=CARTESIAN_POINT('',(56.5514471391371,53.2267619869792,10.));
#5578=CARTESIAN_POINT('',(48.103898337572,33.2267619869792,10.));
#5579=CARTESIAN_POINT('',(48.103898337572,47.9515882408518,10.));
#5580=CARTESIAN_POINT('',(68.103898337572,33.2267619869792,10.));
#5581=CARTESIAN_POINT('',(49.5514471391371,33.2267619869792,10.));
#5582=CARTESIAN_POINT('',(68.103898337572,52.5427431067429,10.));
#5583=CARTESIAN_POINT('',(68.103898337572,40.9515882408518,10.));
#5584=CARTESIAN_POINT('',(77.2081779204436,46.1625016009998,10.));
#5585=CARTESIAN_POINT('',(51.7323622926802,64.0158479071385,10.));
#5586=CARTESIAN_POINT('',(70.0102942463561,46.1625016009998,10.));
#5587=CARTESIAN_POINT('',(67.5046450935291,46.1625016009998,10.));
#5588=CARTESIAN_POINT('',(70.0102942463561,26.1625016009998,10.));
#5589=CARTESIAN_POINT('',(70.0102942463561,44.4194580478621,10.));
#5590=CARTESIAN_POINT('',(90.0102942463561,26.1625016009998,10.));
#5591=CARTESIAN_POINT('',(60.5046450935291,26.1625016009998,10.));
#5592=CARTESIAN_POINT('',(90.0102942463561,46.1625016009998,10.));
#5593=CARTESIAN_POINT('',(90.0102942463561,37.4194580478621,10.));
#5594=CARTESIAN_POINT('',(80.1539946257257,46.1625016009998,10.));
#5595=CARTESIAN_POINT('',(67.5046450935291,46.1625016009998,10.));
#5596=CARTESIAN_POINT('',(84.6653276214615,52.5245778301046,10.));
#5597=CARTESIAN_POINT('',(75.0339336281413,38.9419709075021,10.));
#5598=CARTESIAN_POINT('',(92.9275918591293,51.7688929735458,10.));
#5599=CARTESIAN_POINT('Origin',(88.9976867677252,54.346846807996,10.));
#5600=CARTESIAN_POINT('',(92.9980638286462,50.2232362748821,10.));
#5601=CARTESIAN_POINT('Origin',(75.998063841248,50.2225808792852,10.));
#5602=CARTESIAN_POINT('',(92.9996760884245,8.40358362707989,10.));
#5603=CARTESIAN_POINT('',(92.9991194924126,22.8408673678426,10.));
#5604=CARTESIAN_POINT('',(85.5016522163867,3.00329632025491,10.));
#5605=CARTESIAN_POINT('Origin',(89.7548091714889,5.00346029234965,10.));
#5606=CARTESIAN_POINT('',(10.724578694062,3.00041346350358,10.));
#5607=CARTESIAN_POINT('',(24.0002627507786,3.000925276732,10.));
#5608=CARTESIAN_POINT('',(2.99968884233843,8.07103094476129,10.));
#5609=CARTESIAN_POINT('Origin',(6.38889846296376,4.81476649796637,10.));
#5610=CARTESIAN_POINT('',(2.99799196538072,52.0855290524621,10.));
#5611=CARTESIAN_POINT('',(2.9981155431016,48.880104323655,10.));
#5612=CARTESIAN_POINT('',(3.08427935775773,53.7968352757017,10.));
#5613=CARTESIAN_POINT('Origin',(19.9979919528418,52.086184448059,10.));
#5614=CARTESIAN_POINT('',(6.31479299746071,62.1742995520156,10.));
#5615=CARTESIAN_POINT('Origin',(5.9975797968097,57.4850164740459,10.));
#5616=CARTESIAN_POINT('',(10.5537237945171,66.2214523605138,10.));
#5617=CARTESIAN_POINT('Origin',(19.9979919528418,52.086184448059,10.));
#5618=CARTESIAN_POINT('',(19.1764653407997,71.9826083518527,10.));
#5619=CARTESIAN_POINT('',(33.1710434789303,81.3328767385366,10.));
#5620=CARTESIAN_POINT('',(21.9541912697033,67.8251766129185,10.));
#5621=CARTESIAN_POINT('',(28.8666897889626,57.4792168332769,10.));
#5622=CARTESIAN_POINT('',(36.9209455298662,77.8249899569713,10.));
#5623=CARTESIAN_POINT('',(29.5836029078613,72.9226540606236,10.));
#5624=CARTESIAN_POINT('',(34.1432196009626,81.9824216959055,10.));
#5625=CARTESIAN_POINT('',(43.8334440491255,67.4790301773297,10.));
#5626=CARTESIAN_POINT('',(39.3901754708264,85.4880969018368,10.));
#5627=CARTESIAN_POINT('',(33.1710434789303,81.3328767385366,10.));
#5628=CARTESIAN_POINT('Origin',(48.8344436290591,71.3528289895196,10.));
#5629=CARTESIAN_POINT('',(8.10389833757203,52.9741799855324,10.));
#5630=CARTESIAN_POINT('',(27.3461523332318,52.9741799855324,10.));
#5631=CARTESIAN_POINT('',(36.5514471391371,52.9741799855324,10.));
#5632=CARTESIAN_POINT('',(8.10389833757203,32.9741799855324,10.));
#5633=CARTESIAN_POINT('',(8.10389833757204,47.8252972401284,10.));
#5634=CARTESIAN_POINT('',(28.103898337572,32.9741799855324,10.));
#5635=CARTESIAN_POINT('',(29.5514471391371,32.9741799855324,10.));
#5636=CARTESIAN_POINT('',(28.103898337572,33.2267619869792,10.));
#5637=CARTESIAN_POINT('',(28.103898337572,40.8252972401284,10.));
#5638=CARTESIAN_POINT('',(47.3461523332318,33.2267619869792,10.));
#5639=CARTESIAN_POINT('',(39.1725741369669,33.2267619869792,10.));
#5640=CARTESIAN_POINT('',(47.3461523332318,53.2267619869792,10.));
#5641=CARTESIAN_POINT('',(47.3461523332318,40.9515882408518,10.));
#5642=CARTESIAN_POINT('',(27.3461523332318,53.2267619869792,10.));
#5643=CARTESIAN_POINT('',(46.1725741369669,53.2267619869792,10.));
#5644=CARTESIAN_POINT('',(27.3461523332318,47.9515882408518,10.));
#5645=CARTESIAN_POINT('',(68.103898337572,10.1957779696181,10.));
#5646=CARTESIAN_POINT('',(28.3564803390188,10.1957779696181,10.));
#5647=CARTESIAN_POINT('',(49.5514471391371,10.1957779696181,10.));
#5648=CARTESIAN_POINT('',(68.103898337572,30.1957779696181,10.));
#5649=CARTESIAN_POINT('',(68.103898337572,29.4360962321713,10.));
#5650=CARTESIAN_POINT('',(28.3564803390188,30.1957779696181,10.));
#5651=CARTESIAN_POINT('',(46.6777381398605,30.1957779696181,10.));
#5652=CARTESIAN_POINT('',(28.3564803390188,36.4360962321713,10.));
#5653=CARTESIAN_POINT('',(7.85131633612528,9.94319596817139,10.));
#5654=CARTESIAN_POINT('',(7.85131633612528,29.9431959681714,10.));
#5655=CARTESIAN_POINT('',(7.85131633612528,36.3098052314479,10.));
#5656=CARTESIAN_POINT('',(27.8513163361253,9.94319596817139,10.));
#5657=CARTESIAN_POINT('',(29.4251561384137,9.94319596817139,10.));
#5658=CARTESIAN_POINT('',(27.8513163361253,29.9431959681714,10.));
#5659=CARTESIAN_POINT('',(27.8513163361253,29.3098052314479,10.));
#5660=CARTESIAN_POINT('',(36.4251561384137,29.9431959681714,10.));
#5661=CARTESIAN_POINT('',(73.4663187404759,16.4252187381244,10.));
#5662=CARTESIAN_POINT('Origin',(79.9663187404759,16.4252187381244,10.));
#5663=CARTESIAN_POINT('Origin',(48.8344436290591,71.3528289895196,0.));
#5664=CARTESIAN_POINT('',(49.5468299764392,88.3378961277342,6.));
#5665=CARTESIAN_POINT('',(49.5468299764393,88.3378961277342,3.));
#5666=CARTESIAN_POINT('',(53.0531925187494,87.8210455840185,6.));
#5667=CARTESIAN_POINT('Origin',(48.8344436290591,71.3528289895196,6.));
#5668=CARTESIAN_POINT('',(53.0531925187494,87.8210455840185,0.));
#5669=CARTESIAN_POINT('',(53.0531925187494,87.8210455840185,0.));
#5670=CARTESIAN_POINT('',(59.2723536856438,84.7711013689372,0.));
#5671=CARTESIAN_POINT('Origin',(48.8344436290591,71.3528289895196,0.));
#5672=CARTESIAN_POINT('',(59.2723536856438,84.7711013689372,0.));
#5673=CARTESIAN_POINT('Origin',(48.8344436290591,71.3528289895196,0.));
#5674=CARTESIAN_POINT('',(47.2138771484198,88.2754104793343,6.));
#5675=CARTESIAN_POINT('',(47.2138771484198,88.2754104793343,3.));
#5676=CARTESIAN_POINT('',(39.3901754708264,85.4880969018368,0.));
#5677=CARTESIAN_POINT('',(39.3901754708264,85.4880969018368,0.));
#5678=CARTESIAN_POINT('',(43.7402085127155,87.5716072596916,0.));
#5679=CARTESIAN_POINT('Origin',(48.8344436290591,71.3528289895196,0.));
#5680=CARTESIAN_POINT('',(43.7402085127155,87.5716072596916,6.));
#5681=CARTESIAN_POINT('',(43.7402085127155,87.5716072596916,0.));
#5682=CARTESIAN_POINT('Origin',(48.8344436290591,71.3528289895196,6.));
#5683=CARTESIAN_POINT('Origin',(2.99799196538072,52.0855290524621,0.));
#5684=CARTESIAN_POINT('',(2.99968884233843,8.0710309447613,0.));
#5685=CARTESIAN_POINT('',(2.99968884233843,8.0710309447613,0.));
#5686=CARTESIAN_POINT('',(2.99799196538072,52.0855290524621,0.));
#5687=CARTESIAN_POINT('',(2.9982989603208,44.1225308231587,0.));
#5688=CARTESIAN_POINT('',(2.99799196538072,52.0855290524621,0.));
#5689=CARTESIAN_POINT('Origin',(-0.000115658046512914,2.99999999777054,
0.));
#5690=CARTESIAN_POINT('',(10.724578694062,3.00041346350358,0.));
#5691=CARTESIAN_POINT('',(10.724578694062,3.00041346350358,0.));
#5692=CARTESIAN_POINT('',(85.5016522163867,3.00329632025491,0.));
#5693=CARTESIAN_POINT('',(85.5016522163867,3.00329632025491,0.));
#5694=CARTESIAN_POINT('',(40.0057284863864,3.00154233036597,0.));
#5695=CARTESIAN_POINT('Origin',(19.9979919528418,52.086184448059,0.));
#5696=CARTESIAN_POINT('',(3.08427935775773,53.7968352757017,0.));
#5697=CARTESIAN_POINT('',(3.08427935775773,53.7968352757017,0.));
#5698=CARTESIAN_POINT('Origin',(19.9979919528418,52.086184448059,0.));
#5699=CARTESIAN_POINT('Origin',(19.9979919528418,52.086184448059,0.));
#5700=CARTESIAN_POINT('',(6.31479299746071,62.1742995520156,0.));
#5701=CARTESIAN_POINT('',(6.31479299746071,62.1742995520156,0.));
#5702=CARTESIAN_POINT('',(10.5537237945171,66.2214523605138,0.));
#5703=CARTESIAN_POINT('Origin',(19.9979919528418,52.086184448059,0.));
#5704=CARTESIAN_POINT('',(10.5537237945171,66.2214523605138,0.));
#5705=CARTESIAN_POINT('Origin',(75.998063841248,50.2225808792852,0.));
#5706=CARTESIAN_POINT('',(92.9275918591293,51.7688929735458,0.));
#5707=CARTESIAN_POINT('',(92.9275918591293,51.7688929735458,0.));
#5708=CARTESIAN_POINT('',(92.9980638286462,50.2232362748821,0.));
#5709=CARTESIAN_POINT('Origin',(75.998063841248,50.2225808792852,0.));
#5710=CARTESIAN_POINT('',(92.9980638286462,50.2232362748821,0.));
#5711=CARTESIAN_POINT('Origin',(75.998063841248,50.2225808792852,0.));
#5712=CARTESIAN_POINT('',(90.7226411499185,58.7188637772394,0.));
#5713=CARTESIAN_POINT('',(90.7226411499185,58.7188637772394,0.));
#5714=CARTESIAN_POINT('',(86.4359738978957,63.6408532587838,0.));
#5715=CARTESIAN_POINT('',(86.4359738978957,63.6408532587838,0.));
#5716=CARTESIAN_POINT('Origin',(75.998063841248,50.2225808792852,0.));
#5717=CARTESIAN_POINT('Origin',(88.9976867677252,54.346846807996,0.));
#5718=CARTESIAN_POINT('',(84.6653276214615,52.5245778301046,0.));
#5719=CARTESIAN_POINT('',(84.6653276214615,52.5245778301046,0.));
#5720=CARTESIAN_POINT('Origin',(88.9976867677252,54.346846807996,0.));
#5721=CARTESIAN_POINT('Origin',(92.9999999308866,0.00358539944189485,0.));
#5722=CARTESIAN_POINT('',(92.9996760884245,8.40358362707991,0.));
#5723=CARTESIAN_POINT('',(92.9996760884245,8.4035836270799,0.));
#5724=CARTESIAN_POINT('',(92.9993029096318,18.0832938673464,0.));
#5725=CARTESIAN_POINT('Origin',(88.9976867677252,54.346846807996,0.));
#5726=CARTESIAN_POINT('',(89.2840606587697,59.0381142267783,0.));
#5727=CARTESIAN_POINT('Origin',(88.9976867677252,54.346846807996,0.));
#5728=CARTESIAN_POINT('',(89.2840606587697,59.0381142267783,0.));
#5729=CARTESIAN_POINT('Origin',(80.9017801138302,47.2170609258901,0.));
#5730=CARTESIAN_POINT('',(80.1539946257257,46.1625016009998,0.));
#5731=CARTESIAN_POINT('',(80.1539946257257,46.1625016009998,0.));
#5732=CARTESIAN_POINT('',(78.1446231814589,43.328799386356,0.));
#5733=CARTESIAN_POINT('Origin',(45.6169159835883,68.3015274067902,0.));
#5734=CARTESIAN_POINT('',(77.2081779204437,46.1625016009998,0.));
#5735=CARTESIAN_POINT('',(77.2081779204436,46.1625016009998,0.));
#5736=CARTESIAN_POINT('',(68.103898337572,52.5427431067429,0.));
#5737=CARTESIAN_POINT('',(68.103898337572,52.5427431067429,0.));
#5738=CARTESIAN_POINT('',(64.7020571512073,54.9267393511052,0.));
#5739=CARTESIAN_POINT('Origin',(80.9017801138302,47.2170609258901,0.));
#5740=CARTESIAN_POINT('',(89.4652530798356,59.2936395883615,0.));
#5741=CARTESIAN_POINT('',(78.1446231814589,43.328799386356,0.));
#5742=CARTESIAN_POINT('',(89.4652530798356,59.2936395883615,0.));
#5743=CARTESIAN_POINT('Origin',(87.0102942463561,46.1625016009998,0.));
#5744=CARTESIAN_POINT('',(70.0102942463561,46.1625016009998,0.));
#5745=CARTESIAN_POINT('',(83.5102942463561,46.1625016009998,0.));
#5746=CARTESIAN_POINT('',(70.0102942463561,46.1625016009998,0.));
#5747=CARTESIAN_POINT('Origin',(65.103898337572,30.1957779696181,0.));
#5748=CARTESIAN_POINT('',(28.3564803390188,30.1957779696181,0.));
#5749=CARTESIAN_POINT('',(68.103898337572,30.1957779696181,0.));
#5750=CARTESIAN_POINT('',(72.5570962919641,30.1957779696181,0.));
#5751=CARTESIAN_POINT('',(28.3564803390188,30.1957779696181,0.));
#5752=CARTESIAN_POINT('',(68.103898337572,30.1957779696181,0.));
#5753=CARTESIAN_POINT('Origin',(31.3564803390188,10.1957779696181,0.));
#5754=CARTESIAN_POINT('',(68.103898337572,10.1957779696181,0.));
#5755=CARTESIAN_POINT('',(28.3564803390188,10.1957779696181,0.));
#5756=CARTESIAN_POINT('',(55.6833872926875,10.1957779696181,0.));
#5757=CARTESIAN_POINT('',(68.103898337572,10.1957779696181,0.));
#5758=CARTESIAN_POINT('',(28.3564803390188,10.1957779696181,0.));
#5759=CARTESIAN_POINT('Origin',(25.103898337572,52.9741799855324,0.));
#5760=CARTESIAN_POINT('',(27.3461523332318,52.9741799855324,0.));
#5761=CARTESIAN_POINT('',(27.3461523332318,52.9741799855324,0.));
#5762=CARTESIAN_POINT('',(8.10389833757203,52.9741799855324,0.));
#5763=CARTESIAN_POINT('',(52.5570962919641,52.9741799855324,0.));
#5764=CARTESIAN_POINT('',(8.10389833757203,52.9741799855324,0.));
#5765=CARTESIAN_POINT('Origin',(28.103898337572,35.9741799855324,0.));
#5766=CARTESIAN_POINT('',(28.103898337572,33.2267619869792,0.));
#5767=CARTESIAN_POINT('',(28.103898337572,33.2267619869792,0.));
#5768=CARTESIAN_POINT('',(28.103898337572,32.9741799855324,0.));
#5769=CARTESIAN_POINT('',(28.103898337572,32.9741799855324,0.));
#5770=CARTESIAN_POINT('',(28.103898337572,36.0683407932661,0.));
#5771=CARTESIAN_POINT('Origin',(45.6169159835883,68.3015274067902,0.));
#5772=CARTESIAN_POINT('',(67.1278382432905,53.2267619869792,0.));
#5773=CARTESIAN_POINT('',(67.1278382432905,53.2267619869792,0.));
#5774=CARTESIAN_POINT('',(43.1474002939067,70.0321537961679,0.));
#5775=CARTESIAN_POINT('',(43.1474002939067,70.032153796168,0.));
#5776=CARTESIAN_POINT('',(64.7020571512073,54.9267393511052,0.));
#5777=CARTESIAN_POINT('Origin',(39.3901754708264,85.4880969018368,0.));
#5778=CARTESIAN_POINT('',(19.1764653407997,71.9826083518527,-1.11022302462516E-15));
#5779=CARTESIAN_POINT('',(42.0394893684261,87.2581964174223,0.));
#5780=CARTESIAN_POINT('',(19.1764653407997,71.9826083518527,4.39404727454975));
#5781=CARTESIAN_POINT('Origin',(32.4765840436205,84.4768807392659,2.7880945490995));
#5782=CARTESIAN_POINT('',(34.1432196009626,81.9824216959055,1.73472347597681E-17));
#5783=CARTESIAN_POINT('',(36.9209455298662,77.8249899569713,0.));
#5784=CARTESIAN_POINT('',(50.9706473124567,56.7967540515817,0.));
#5785=CARTESIAN_POINT('',(34.1432196009626,81.9824216959055,1.39404727454975));
#5786=CARTESIAN_POINT('',(36.9209455298662,77.8249899569713,4.28809454909949));
#5787=CARTESIAN_POINT('Origin',(17.5098297834576,74.4770673952132,8.7880945490995));
#5788=CARTESIAN_POINT('',(21.9541912697033,67.8251766129186,0.));
#5789=CARTESIAN_POINT('',(36.0038930522938,46.7969407075289,0.));
#5790=CARTESIAN_POINT('',(21.9541912697033,67.8251766129185,7.28809454909949));
#5791=CARTESIAN_POINT('Origin',(29.4375683997847,72.8250832849449,5.78809454909949));
#5792=CARTESIAN_POINT('',(38.452048797357,78.8479737395093,0.));
#5793=CARTESIAN_POINT('Origin',(48.4134537884527,87.0708292721559,0.));
#5794=CARTESIAN_POINT('Origin',(48.4134537884527,87.0708292721559,0.));
#5795=CARTESIAN_POINT('Origin',(48.4134537884527,87.0708292721559,6.));
#5796=CARTESIAN_POINT('Origin',(48.4134537884527,87.0708292721559,6.));
#5797=CARTESIAN_POINT('',(46.7134537884527,87.0708292721559,6.));
#5798=CARTESIAN_POINT('Origin',(48.4134537884527,87.0708292721559,6.));
#5799=CARTESIAN_POINT('Origin',(48.4134537884527,87.0708292721559,6.));
#5800=CARTESIAN_POINT('Origin',(68.103898337572,36.2267619869792,0.));
#5801=CARTESIAN_POINT('',(68.103898337572,33.2267619869792,0.));
#5802=CARTESIAN_POINT('',(68.103898337572,33.2267619869792,0.));
#5803=CARTESIAN_POINT('',(68.103898337572,36.1946317939895,0.));
#5804=CARTESIAN_POINT('Origin',(51.103898337572,33.2267619869792,0.));
#5805=CARTESIAN_POINT('',(48.103898337572,33.2267619869792,0.));
#5806=CARTESIAN_POINT('',(65.5570962919641,33.2267619869792,0.));
#5807=CARTESIAN_POINT('',(48.103898337572,33.2267619869792,0.));
#5808=CARTESIAN_POINT('Origin',(48.103898337572,50.2267619869792,0.));
#5809=CARTESIAN_POINT('',(48.103898337572,53.2267619869792,0.));
#5810=CARTESIAN_POINT('',(48.103898337572,43.1946317939895,0.));
#5811=CARTESIAN_POINT('',(48.103898337572,53.2267619869792,0.));
#5812=CARTESIAN_POINT('Origin',(65.103898337572,53.2267619869792,0.));
#5813=CARTESIAN_POINT('',(72.5570962919641,53.2267619869792,0.));
#5814=CARTESIAN_POINT('Origin',(47.3461523332318,36.2267619869792,0.));
#5815=CARTESIAN_POINT('',(47.3461523332318,53.2267619869792,0.));
#5816=CARTESIAN_POINT('',(47.3461523332318,33.2267619869792,0.));
#5817=CARTESIAN_POINT('',(47.3461523332318,36.1946317939895,0.));
#5818=CARTESIAN_POINT('',(47.3461523332318,53.2267619869792,0.));
#5819=CARTESIAN_POINT('',(47.3461523332318,33.2267619869792,0.));
#5820=CARTESIAN_POINT('Origin',(30.3461523332318,33.2267619869792,0.));
#5821=CARTESIAN_POINT('',(55.1782232897939,33.2267619869792,0.));
#5822=CARTESIAN_POINT('Origin',(27.3461523332318,50.2267619869792,0.));
#5823=CARTESIAN_POINT('',(27.3461523332318,53.2267619869792,0.));
#5824=CARTESIAN_POINT('',(27.3461523332318,53.2267619869792,0.));
#5825=CARTESIAN_POINT('',(27.3461523332318,43.1946317939895,0.));
#5826=CARTESIAN_POINT('Origin',(44.3461523332318,53.2267619869792,0.));
#5827=CARTESIAN_POINT('',(62.1782232897939,53.2267619869792,0.));
#5828=CARTESIAN_POINT('Origin',(11.103898337572,32.9741799855324,0.));
#5829=CARTESIAN_POINT('',(8.10389833757203,32.9741799855324,0.));
#5830=CARTESIAN_POINT('',(45.5570962919641,32.9741799855324,0.));
#5831=CARTESIAN_POINT('',(8.10389833757203,32.9741799855324,0.));
#5832=CARTESIAN_POINT('Origin',(8.10389833757203,49.9741799855324,0.));
#5833=CARTESIAN_POINT('',(8.10389833757203,43.0683407932661,0.));
#5834=CARTESIAN_POINT('Origin',(68.103898337572,13.1957779696181,0.));
#5835=CARTESIAN_POINT('',(68.103898337572,24.679139785309,0.));
#5836=CARTESIAN_POINT('Origin',(79.9663187404759,16.4252187381244,0.));
#5837=CARTESIAN_POINT('',(73.4663187404759,16.4252187381244,0.));
#5838=CARTESIAN_POINT('',(73.4663187404759,16.4252187381244,0.));
#5839=CARTESIAN_POINT('Origin',(79.9663187404759,16.4252187381244,0.));
#5840=CARTESIAN_POINT('Origin',(28.3564803390188,27.1957779696181,0.));
#5841=CARTESIAN_POINT('',(28.3564803390188,31.679139785309,0.));
#5842=CARTESIAN_POINT('Origin',(70.0102942463561,43.1625016009998,0.));
#5843=CARTESIAN_POINT('',(70.0102942463561,26.1625016009998,0.));
#5844=CARTESIAN_POINT('',(70.0102942463561,39.6625016009998,0.));
#5845=CARTESIAN_POINT('',(70.0102942463561,26.1625016009998,0.));
#5846=CARTESIAN_POINT('Origin',(87.0102942463561,46.1625016009998,0.));
#5847=CARTESIAN_POINT('',(90.0102942463561,46.1625016009998,0.));
#5848=CARTESIAN_POINT('',(90.0102942463561,46.1625016009998,0.));
#5849=CARTESIAN_POINT('',(83.5102942463561,46.1625016009998,0.));
#5850=CARTESIAN_POINT('Origin',(90.0102942463561,29.1625016009998,0.));
#5851=CARTESIAN_POINT('',(90.0102942463561,26.1625016009998,0.));
#5852=CARTESIAN_POINT('',(90.0102942463561,32.6625016009998,0.));
#5853=CARTESIAN_POINT('',(90.0102942463562,26.1625016009998,0.));
#5854=CARTESIAN_POINT('Origin',(73.0102942463561,26.1625016009998,0.));
#5855=CARTESIAN_POINT('',(76.5102942463561,26.1625016009998,0.));
#5856=CARTESIAN_POINT('Origin',(51.8283026857683,82.284045199742,0.));
#5857=CARTESIAN_POINT('',(53.5626843374698,84.7318846857522,0.));
#5858=CARTESIAN_POINT('',(45.6597024572619,73.5779203408129,0.));
#5859=CARTESIAN_POINT('',(53.5626843374698,84.7318846857522,0.));
#5860=CARTESIAN_POINT('Origin',(87.0164971413823,61.0286701426672,0.));
#5861=CARTESIAN_POINT('',(90.5491872735173,58.525633714292,0.));
#5862=CARTESIAN_POINT('Origin',(7.85131633612528,26.9431959681714,0.));
#5863=CARTESIAN_POINT('',(7.85131633612528,9.94319596817139,0.));
#5864=CARTESIAN_POINT('',(7.85131633612528,29.9431959681714,0.));
#5865=CARTESIAN_POINT('',(7.85131633612528,31.5528487845856,0.));
#5866=CARTESIAN_POINT('',(7.85131633612528,9.94319596817139,0.));
#5867=CARTESIAN_POINT('',(7.85131633612528,29.9431959681714,0.));
#5868=CARTESIAN_POINT('Origin',(24.8513163361253,29.9431959681714,0.));
#5869=CARTESIAN_POINT('',(27.8513163361253,29.9431959681714,0.));
#5870=CARTESIAN_POINT('',(52.4308052912407,29.9431959681714,0.));
#5871=CARTESIAN_POINT('',(27.8513163361253,29.9431959681714,0.));
#5872=CARTESIAN_POINT('Origin',(27.8513163361253,12.9431959681714,0.));
#5873=CARTESIAN_POINT('',(27.8513163361253,9.94319596817139,0.));
#5874=CARTESIAN_POINT('',(27.8513163361253,24.5528487845856,0.));
#5875=CARTESIAN_POINT('',(27.8513163361253,9.94319596817139,0.));
#5876=CARTESIAN_POINT('Origin',(10.8513163361253,9.94319596817139,0.));
#5877=CARTESIAN_POINT('',(45.4308052912407,9.94319596817139,0.));
#5878=CARTESIAN_POINT('Origin',(89.7548091714889,5.00346029234965,0.));
#5879=CARTESIAN_POINT('Origin',(89.7548091714889,5.00346029234965,0.));
#5880=CARTESIAN_POINT('Origin',(5.9975797968097,57.4850164740459,0.));
#5881=CARTESIAN_POINT('Origin',(5.9975797968097,57.4850164740459,0.));
#5882=CARTESIAN_POINT('Origin',(6.38889846296376,4.81476649796637,0.));
#5883=CARTESIAN_POINT('Origin',(6.38889846296376,4.81476649796637,0.));
#5884=CARTESIAN_POINT('Origin',(39.3901754708264,85.4880969018368,0.));
#5885=CARTESIAN_POINT('',(42.0394893684261,87.2581964174223,0.));
#5886=CARTESIAN_POINT('Origin',(86.4359738978957,63.6408532587838,0.));
#5887=CARTESIAN_POINT('',(91.0927886543838,60.0183739854492,0.));
#5888=CARTESIAN_POINT('Origin',(80.0102942463561,36.1625016009998,0.));
#5889=CARTESIAN_POINT('',(10.8513163361253,26.9431959681714,0.));
#5890=CARTESIAN_POINT('',(10.8513163361253,12.9431959681714,0.));
#5891=CARTESIAN_POINT('',(10.8513163361253,31.5528487845856,0.));
#5892=CARTESIAN_POINT('',(24.8513163361253,12.9431959681714,0.));
#5893=CARTESIAN_POINT('',(45.4308052912407,12.9431959681714,0.));
#5894=CARTESIAN_POINT('',(24.8513163361253,26.9431959681714,0.));
#5895=CARTESIAN_POINT('',(24.8513163361253,24.5528487845856,0.));
#5896=CARTESIAN_POINT('',(52.4308052912407,26.9431959681714,0.));
#5897=CARTESIAN_POINT('Origin',(80.0102942463561,36.1625016009998,0.));
#5898=CARTESIAN_POINT('',(76.4663187404759,16.4252187381244,0.));
#5899=CARTESIAN_POINT('Origin',(79.9663187404759,16.4252187381244,0.));
#5900=CARTESIAN_POINT('Origin',(80.0102942463561,36.1625016009998,0.));
#5901=CARTESIAN_POINT('',(44.3461523332318,36.2267619869792,0.));
#5902=CARTESIAN_POINT('',(44.3461523332318,50.2267619869792,0.));
#5903=CARTESIAN_POINT('',(44.3461523332318,36.1946317939895,0.));
#5904=CARTESIAN_POINT('',(30.3461523332318,50.2267619869792,0.));
#5905=CARTESIAN_POINT('',(62.1782232897939,50.2267619869792,0.));
#5906=CARTESIAN_POINT('',(30.3461523332318,36.2267619869792,0.));
#5907=CARTESIAN_POINT('',(30.3461523332318,43.1946317939895,0.));
#5908=CARTESIAN_POINT('',(55.1782232897939,36.2267619869792,0.));
#5909=CARTESIAN_POINT('',(25.103898337572,35.9741799855324,0.));
#5910=CARTESIAN_POINT('',(25.103898337572,49.9741799855324,0.));
#5911=CARTESIAN_POINT('',(25.103898337572,36.0683407932661,0.));
#5912=CARTESIAN_POINT('',(11.103898337572,49.9741799855324,0.));
#5913=CARTESIAN_POINT('',(52.5570962919641,49.9741799855324,0.));
#5914=CARTESIAN_POINT('',(11.103898337572,35.9741799855324,0.));
#5915=CARTESIAN_POINT('',(11.103898337572,43.0683407932661,0.));
#5916=CARTESIAN_POINT('',(45.5570962919641,35.9741799855324,0.));
#5917=CARTESIAN_POINT('Origin',(80.0102942463561,36.1625016009998,0.));
#5918=CARTESIAN_POINT('',(31.3564803390188,13.1957779696181,0.));
#5919=CARTESIAN_POINT('',(45.3564803390188,13.1957779696181,0.));
#5920=CARTESIAN_POINT('',(55.6833872926875,13.1957779696181,0.));
#5921=CARTESIAN_POINT('',(45.3564803390188,27.1957779696181,0.));
#5922=CARTESIAN_POINT('',(45.3564803390188,24.679139785309,0.));
#5923=CARTESIAN_POINT('',(31.3564803390188,27.1957779696181,0.));
#5924=CARTESIAN_POINT('',(62.6833872926875,27.1957779696181,0.));
#5925=CARTESIAN_POINT('',(31.3564803390188,31.679139785309,0.));
#5926=CARTESIAN_POINT('',(51.103898337572,27.1957779696181,0.));
#5927=CARTESIAN_POINT('',(51.103898337572,13.1957779696181,0.));
#5928=CARTESIAN_POINT('',(51.103898337572,31.679139785309,0.));
#5929=CARTESIAN_POINT('',(65.103898337572,13.1957779696181,0.));
#5930=CARTESIAN_POINT('',(65.5570962919641,13.1957779696181,0.));
#5931=CARTESIAN_POINT('',(65.103898337572,27.1957779696181,0.));
#5932=CARTESIAN_POINT('',(65.103898337572,24.679139785309,0.));
#5933=CARTESIAN_POINT('',(72.5570962919641,27.1957779696181,0.));
#5934=CARTESIAN_POINT('Origin',(29.98212500026,82.8102451819238,8.7880945490995));
#5935=CARTESIAN_POINT('',(29.98212500026,82.8102451819238,8.7880945490995));
#5936=CARTESIAN_POINT('',(20.0042888268181,76.1437029525553,8.7880945490995));
#5937=CARTESIAN_POINT('',(33.8528324568721,85.3964005635605,8.7880945490995));
#5938=CARTESIAN_POINT('',(32.7598509291635,78.6528134429897,8.7880945490995));
#5939=CARTESIAN_POINT('',(29.98212500026,82.8102451819238,8.7880945490995));
#5940=CARTESIAN_POINT('',(22.7820147557216,71.9862712136212,8.7880945490995));
#5941=CARTESIAN_POINT('',(32.7598509291635,78.6528134429897,8.7880945490995));
#5942=CARTESIAN_POINT('',(20.0042888268181,76.1437029525553,8.7880945490995));
#5943=CARTESIAN_POINT('Origin',(29.98212500026,82.8102451819238,2.7880945490995));
#5944=CARTESIAN_POINT('',(29.98212500026,82.8102451819238,2.7880945490995));
#5945=CARTESIAN_POINT('',(29.98212500026,82.8102451819238,1.39404727454975));
#5946=CARTESIAN_POINT('',(32.7598509291635,78.6528134429897,2.7880945490995));
#5947=CARTESIAN_POINT('',(29.98212500026,82.8102451819238,2.7880945490995));
#5948=CARTESIAN_POINT('',(32.7598509291635,78.6528134429897,2.7880945490995));
#5949=CARTESIAN_POINT('Origin',(20.0042888268181,76.1437029525553,2.7880945490995));
#5950=CARTESIAN_POINT('',(20.0042888268181,76.1437029525553,2.7880945490995));
#5951=CARTESIAN_POINT('',(28.8639143701512,82.0631294488763,2.7880945490995));
#5952=CARTESIAN_POINT('',(22.7820147557216,71.9862712136212,2.7880945490995));
#5953=CARTESIAN_POINT('',(20.0042888268181,76.1437029525553,2.7880945490995));
#5954=CARTESIAN_POINT('',(22.7820147557216,71.9862712136212,2.7880945490995));
#5955=CARTESIAN_POINT('Origin',(20.0042888268181,76.1437029525553,8.7880945490995));
#5956=CARTESIAN_POINT('',(20.0042888268181,76.1437029525553,4.39404727454975));
#5957=CARTESIAN_POINT('',(22.7820147557216,71.9862712136212,8.7880945490995));
#5958=CARTESIAN_POINT('Origin',(27.7709328424426,75.3195423283054,5.7880945490995));
#5959=CARTESIAN_POINT('Origin',(48.4134537884527,87.0708292721559,0.));
#5960=CARTESIAN_POINT('',(46.7134537884527,87.0708292721559,0.));
#5961=CARTESIAN_POINT('Origin',(48.4134537884527,87.0708292721559,0.));
#5962=CARTESIAN_POINT('',(46.7134537884527,87.0708292721559,0.));
#5963=CARTESIAN_POINT('',(46.7134537884527,87.0708292721559,13.));
#5964=CARTESIAN_POINT('',(46.7134537884527,87.0708292721559,0.));
#5965=CARTESIAN_POINT('Origin',(48.4134537884527,87.0708292721559,13.));
#5966=CARTESIAN_POINT('Origin',(65.103898337572,36.2267619869792,0.));
#5967=CARTESIAN_POINT('',(65.103898337572,36.2267619869792,0.));
#5968=CARTESIAN_POINT('',(65.103898337572,50.2267619869792,0.));
#5969=CARTESIAN_POINT('',(65.103898337572,36.1946317939895,0.));
#5970=CARTESIAN_POINT('',(65.103898337572,36.2267619869792,13.));
#5971=CARTESIAN_POINT('',(65.103898337572,36.2267619869792,0.));
#5972=CARTESIAN_POINT('',(65.103898337572,50.2267619869792,13.));
#5973=CARTESIAN_POINT('',(65.103898337572,40.9515882408518,13.));
#5974=CARTESIAN_POINT('',(65.103898337572,50.2267619869792,0.));
#5975=CARTESIAN_POINT('Origin',(51.103898337572,36.2267619869792,0.));
#5976=CARTESIAN_POINT('',(51.103898337572,36.2267619869792,0.));
#5977=CARTESIAN_POINT('',(65.5570962919641,36.2267619869792,0.));
#5978=CARTESIAN_POINT('',(51.103898337572,36.2267619869792,13.));
#5979=CARTESIAN_POINT('',(51.103898337572,36.2267619869792,0.));
#5980=CARTESIAN_POINT('',(49.5514471391371,36.2267619869792,13.));
#5981=CARTESIAN_POINT('Origin',(51.103898337572,50.2267619869792,0.));
#5982=CARTESIAN_POINT('',(51.103898337572,50.2267619869792,0.));
#5983=CARTESIAN_POINT('',(51.103898337572,43.1946317939895,0.));
#5984=CARTESIAN_POINT('',(51.103898337572,50.2267619869792,13.));
#5985=CARTESIAN_POINT('',(51.103898337572,50.2267619869792,0.));
#5986=CARTESIAN_POINT('',(51.103898337572,47.9515882408518,13.));
#5987=CARTESIAN_POINT('Origin',(65.103898337572,50.2267619869792,0.));
#5988=CARTESIAN_POINT('',(72.5570962919641,50.2267619869792,0.));
#5989=CARTESIAN_POINT('',(56.5514471391371,50.2267619869792,13.));
#5990=CARTESIAN_POINT('Origin',(44.3461523332318,36.2267619869792,0.));
#5991=CARTESIAN_POINT('',(44.3461523332318,36.2267619869792,13.));
#5992=CARTESIAN_POINT('',(44.3461523332318,36.2267619869792,0.));
#5993=CARTESIAN_POINT('',(44.3461523332318,50.2267619869792,13.));
#5994=CARTESIAN_POINT('',(44.3461523332318,40.9515882408518,13.));
#5995=CARTESIAN_POINT('',(44.3461523332318,50.2267619869792,0.));
#5996=CARTESIAN_POINT('Origin',(30.3461523332318,36.2267619869792,0.));
#5997=CARTESIAN_POINT('',(30.3461523332318,36.2267619869792,13.));
#5998=CARTESIAN_POINT('',(30.3461523332318,36.2267619869792,0.));
#5999=CARTESIAN_POINT('',(39.1725741369669,36.2267619869792,13.));
#6000=CARTESIAN_POINT('Origin',(30.3461523332318,50.2267619869792,0.));
#6001=CARTESIAN_POINT('',(30.3461523332318,50.2267619869792,13.));
#6002=CARTESIAN_POINT('',(30.3461523332318,50.2267619869792,0.));
#6003=CARTESIAN_POINT('',(30.3461523332318,47.9515882408518,13.));
#6004=CARTESIAN_POINT('Origin',(44.3461523332318,50.2267619869792,0.));
#6005=CARTESIAN_POINT('',(46.1725741369669,50.2267619869792,13.));
#6006=CARTESIAN_POINT('Origin',(25.103898337572,35.9741799855324,0.));
#6007=CARTESIAN_POINT('',(25.103898337572,35.9741799855324,13.));
#6008=CARTESIAN_POINT('',(25.103898337572,35.9741799855324,0.));
#6009=CARTESIAN_POINT('',(25.103898337572,49.9741799855324,13.));
#6010=CARTESIAN_POINT('',(25.103898337572,40.8252972401284,13.));
#6011=CARTESIAN_POINT('',(25.103898337572,49.9741799855324,0.));
#6012=CARTESIAN_POINT('Origin',(11.103898337572,35.9741799855324,0.));
#6013=CARTESIAN_POINT('',(11.103898337572,35.9741799855324,13.));
#6014=CARTESIAN_POINT('',(11.103898337572,35.9741799855324,0.));
#6015=CARTESIAN_POINT('',(29.5514471391371,35.9741799855324,13.));
#6016=CARTESIAN_POINT('Origin',(11.103898337572,49.9741799855324,0.));
#6017=CARTESIAN_POINT('',(11.103898337572,49.9741799855324,13.));
#6018=CARTESIAN_POINT('',(11.103898337572,49.9741799855324,0.));
#6019=CARTESIAN_POINT('',(11.103898337572,47.8252972401284,13.));
#6020=CARTESIAN_POINT('Origin',(25.103898337572,49.9741799855324,0.));
#6021=CARTESIAN_POINT('',(36.5514471391371,49.9741799855324,13.));
#6022=CARTESIAN_POINT('Origin',(51.103898337572,27.1957779696181,0.));
#6023=CARTESIAN_POINT('',(51.103898337572,27.1957779696181,13.));
#6024=CARTESIAN_POINT('',(51.103898337572,27.1957779696181,0.));
#6025=CARTESIAN_POINT('',(51.103898337572,13.1957779696181,13.));
#6026=CARTESIAN_POINT('',(51.103898337572,36.4360962321713,13.));
#6027=CARTESIAN_POINT('',(51.103898337572,13.1957779696181,0.));
#6028=CARTESIAN_POINT('Origin',(65.103898337572,27.1957779696181,0.));
#6029=CARTESIAN_POINT('',(65.103898337572,27.1957779696181,13.));
#6030=CARTESIAN_POINT('',(65.103898337572,27.1957779696181,0.));
#6031=CARTESIAN_POINT('',(56.5514471391371,27.1957779696181,13.));
#6032=CARTESIAN_POINT('Origin',(65.103898337572,13.1957779696181,0.));
#6033=CARTESIAN_POINT('',(65.103898337572,13.1957779696181,13.));
#6034=CARTESIAN_POINT('',(65.103898337572,13.1957779696181,0.));
#6035=CARTESIAN_POINT('',(65.103898337572,29.4360962321713,13.));
#6036=CARTESIAN_POINT('Origin',(51.103898337572,13.1957779696181,0.));
#6037=CARTESIAN_POINT('',(49.5514471391371,13.1957779696181,13.));
#6038=CARTESIAN_POINT('Origin',(79.9663187404759,16.4252187381244,0.));
#6039=CARTESIAN_POINT('',(76.4663187404759,16.4252187381244,13.));
#6040=CARTESIAN_POINT('',(76.4663187404759,16.4252187381244,0.));
#6041=CARTESIAN_POINT('Origin',(79.9663187404759,16.4252187381244,13.));
#6042=CARTESIAN_POINT('Origin',(31.3564803390188,13.1957779696181,0.));
#6043=CARTESIAN_POINT('',(31.3564803390188,13.1957779696181,13.));
#6044=CARTESIAN_POINT('',(31.3564803390188,13.1957779696181,0.));
#6045=CARTESIAN_POINT('',(45.3564803390188,13.1957779696181,13.));
#6046=CARTESIAN_POINT('',(39.6777381398605,13.1957779696181,13.));
#6047=CARTESIAN_POINT('',(45.3564803390188,13.1957779696181,0.));
#6048=CARTESIAN_POINT('Origin',(31.3564803390188,27.1957779696181,0.));
#6049=CARTESIAN_POINT('',(31.3564803390188,27.1957779696181,13.));
#6050=CARTESIAN_POINT('',(31.3564803390188,27.1957779696181,0.));
#6051=CARTESIAN_POINT('',(31.3564803390188,36.4360962321713,13.));
#6052=CARTESIAN_POINT('Origin',(45.3564803390188,27.1957779696181,0.));
#6053=CARTESIAN_POINT('',(45.3564803390188,27.1957779696181,13.));
#6054=CARTESIAN_POINT('',(45.3564803390188,27.1957779696181,0.));
#6055=CARTESIAN_POINT('',(46.6777381398605,27.1957779696181,13.));
#6056=CARTESIAN_POINT('Origin',(45.3564803390188,13.1957779696181,0.));
#6057=CARTESIAN_POINT('',(45.3564803390188,29.4360962321713,13.));
#6058=CARTESIAN_POINT('Origin',(73.0102942463561,43.1625016009998,0.));
#6059=CARTESIAN_POINT('',(73.0102942463561,43.1625016009998,0.));
#6060=CARTESIAN_POINT('',(73.0102942463561,29.1625016009998,0.));
#6061=CARTESIAN_POINT('',(73.0102942463561,39.6625016009998,0.));
#6062=CARTESIAN_POINT('',(73.0102942463561,43.1625016009998,13.));
#6063=CARTESIAN_POINT('',(73.0102942463561,43.1625016009998,0.));
#6064=CARTESIAN_POINT('',(73.0102942463561,29.1625016009998,13.));
#6065=CARTESIAN_POINT('',(73.0102942463561,44.4194580478621,13.));
#6066=CARTESIAN_POINT('',(73.0102942463561,29.1625016009998,0.));
#6067=CARTESIAN_POINT('Origin',(87.0102942463561,43.1625016009998,0.));
#6068=CARTESIAN_POINT('',(87.0102942463561,43.1625016009998,0.));
#6069=CARTESIAN_POINT('',(83.5102942463561,43.1625016009998,0.));
#6070=CARTESIAN_POINT('',(87.0102942463561,43.1625016009998,13.));
#6071=CARTESIAN_POINT('',(87.0102942463561,43.1625016009998,0.));
#6072=CARTESIAN_POINT('',(67.5046450935291,43.1625016009998,13.));
#6073=CARTESIAN_POINT('Origin',(87.0102942463561,29.1625016009998,0.));
#6074=CARTESIAN_POINT('',(87.0102942463561,29.1625016009998,0.));
#6075=CARTESIAN_POINT('',(87.0102942463561,32.6625016009998,0.));
#6076=CARTESIAN_POINT('',(87.0102942463561,29.1625016009998,13.));
#6077=CARTESIAN_POINT('',(87.0102942463561,29.1625016009998,0.));
#6078=CARTESIAN_POINT('',(87.0102942463561,37.4194580478621,13.));
#6079=CARTESIAN_POINT('Origin',(73.0102942463561,29.1625016009998,0.));
#6080=CARTESIAN_POINT('',(76.5102942463561,29.1625016009998,0.));
#6081=CARTESIAN_POINT('',(60.5046450935291,29.1625016009998,13.));
#6082=CARTESIAN_POINT('Origin',(54.2761424623874,80.5496633421336,0.));
#6083=CARTESIAN_POINT('',(54.2761424623874,80.5496633421336,0.));
#6084=CARTESIAN_POINT('',(47.3386150319539,70.7583042356571,0.));
#6085=CARTESIAN_POINT('',(48.107542233881,71.8435384832046,0.));
#6086=CARTESIAN_POINT('',(54.2761424623874,80.5496633421336,13.));
#6087=CARTESIAN_POINT('',(54.2761424623874,80.5496633421336,0.));
#6088=CARTESIAN_POINT('',(47.3386150319539,70.7583042356571,13.));
#6089=CARTESIAN_POINT('',(45.0019117709516,67.46037122088,13.));
#6090=CARTESIAN_POINT('',(47.3386150319539,70.7583042356571,0.));
#6091=CARTESIAN_POINT('Origin',(85.2821155743829,58.5808301601412,0.));
#6092=CARTESIAN_POINT('',(85.2821155743829,58.5808301601412,0.));
#6093=CARTESIAN_POINT('',(88.8148057065179,56.0777937317661,0.));
#6094=CARTESIAN_POINT('',(85.2821155743829,58.5808301601412,13.));
#6095=CARTESIAN_POINT('',(85.2821155743829,58.5808301601412,0.));
#6096=CARTESIAN_POINT('',(75.9147854111275,65.2179162781573,13.));
#6097=CARTESIAN_POINT('Origin',(78.4545891684948,48.9523581560697,0.));
#6098=CARTESIAN_POINT('',(78.4545891684948,48.9523581560697,0.));
#6099=CARTESIAN_POINT('',(75.6974322361236,45.0640966165355,0.));
#6100=CARTESIAN_POINT('',(78.4545891684948,48.9523581560697,13.));
#6101=CARTESIAN_POINT('',(78.4545891684948,48.9523581560697,0.));
#6102=CARTESIAN_POINT('',(72.586742682806,40.6772681376817,13.));
#6103=CARTESIAN_POINT('Origin',(47.3386150319539,70.7583042356571,0.));
#6104=CARTESIAN_POINT('',(66.4237561995729,57.383516179972,0.));
#6105=CARTESIAN_POINT('',(53.4540613410457,66.4726247360053,13.));
#6106=CARTESIAN_POINT('Origin',(10.8513163361253,26.9431959681714,0.));
#6107=CARTESIAN_POINT('',(10.8513163361253,26.9431959681714,13.));
#6108=CARTESIAN_POINT('',(10.8513163361253,26.9431959681714,0.));
#6109=CARTESIAN_POINT('',(10.8513163361253,12.9431959681714,13.));
#6110=CARTESIAN_POINT('',(10.8513163361253,36.3098052314479,13.));
#6111=CARTESIAN_POINT('',(10.8513163361253,12.9431959681714,0.));
#6112=CARTESIAN_POINT('Origin',(24.8513163361253,26.9431959681714,0.));
#6113=CARTESIAN_POINT('',(24.8513163361253,26.9431959681714,13.));
#6114=CARTESIAN_POINT('',(24.8513163361253,26.9431959681714,0.));
#6115=CARTESIAN_POINT('',(36.4251561384137,26.9431959681714,13.));
#6116=CARTESIAN_POINT('Origin',(24.8513163361253,12.9431959681714,0.));
#6117=CARTESIAN_POINT('',(24.8513163361253,12.9431959681714,13.));
#6118=CARTESIAN_POINT('',(24.8513163361253,12.9431959681714,0.));
#6119=CARTESIAN_POINT('',(24.8513163361253,29.3098052314479,13.));
#6120=CARTESIAN_POINT('Origin',(10.8513163361253,12.9431959681714,0.));
#6121=CARTESIAN_POINT('',(29.4251561384137,12.9431959681714,13.));
#6122=CARTESIAN_POINT('Origin',(89.7548091714889,5.00346029234965,0.));
#6123=CARTESIAN_POINT('',(88.0548091714889,5.00346029234965,13.));
#6124=CARTESIAN_POINT('Origin',(89.7548091714889,5.00346029234965,13.));
#6125=CARTESIAN_POINT('',(88.0548091714889,5.00346029234965,0.));
#6126=CARTESIAN_POINT('',(88.0548091714889,5.00346029234965,0.));
#6127=CARTESIAN_POINT('Origin',(89.7548091714889,5.00346029234965,0.));
#6128=CARTESIAN_POINT('Origin',(88.9976867677252,54.346846807996,0.));
#6129=CARTESIAN_POINT('',(87.2976867677252,54.346846807996,13.));
#6130=CARTESIAN_POINT('Origin',(88.9976867677252,54.346846807996,13.));
#6131=CARTESIAN_POINT('',(87.2976867677252,54.346846807996,0.));
#6132=CARTESIAN_POINT('',(87.2976867677252,54.346846807996,0.));
#6133=CARTESIAN_POINT('Origin',(88.9976867677252,54.346846807996,0.));
#6134=CARTESIAN_POINT('Origin',(5.9975797968097,57.4850164740459,0.));
#6135=CARTESIAN_POINT('',(4.2975797968097,57.4850164740459,13.));
#6136=CARTESIAN_POINT('Origin',(5.9975797968097,57.4850164740459,13.));
#6137=CARTESIAN_POINT('',(4.2975797968097,57.4850164740459,0.));
#6138=CARTESIAN_POINT('',(4.2975797968097,57.4850164740459,0.));
#6139=CARTESIAN_POINT('Origin',(5.9975797968097,57.4850164740459,0.));
#6140=CARTESIAN_POINT('Origin',(6.38889846296376,4.81476649796637,0.));
#6141=CARTESIAN_POINT('',(4.68889846296376,4.81476649796637,13.));
#6142=CARTESIAN_POINT('Origin',(6.38889846296376,4.81476649796637,13.));
#6143=CARTESIAN_POINT('',(4.68889846296376,4.81476649796637,0.));
#6144=CARTESIAN_POINT('',(4.68889846296376,4.81476649796637,0.));
#6145=CARTESIAN_POINT('Origin',(6.38889846296376,4.81476649796637,0.));
#6146=CARTESIAN_POINT('Origin',(47.9989959407021,45.6764144947244,13.));
#6147=CARTESIAN_POINT('',(95.9999999286572,0.00370105748840999,13.));
#6148=CARTESIAN_POINT('',(95.9980638264168,50.2233519329286,13.));
#6149=CARTESIAN_POINT('',(95.9980638264168,50.2233519329286,13.));
#6150=CARTESIAN_POINT('',(88.277958025536,66.0087836786909,13.));
#6151=CARTESIAN_POINT('Origin',(75.998063841248,50.2225808792852,13.));
#6152=CARTESIAN_POINT('',(61.1143378132841,87.1390317888442,13.));
#6153=CARTESIAN_POINT('',(61.1143378132841,87.1390317888442,13.));
#6154=CARTESIAN_POINT('',(37.7235399134843,87.9825559451972,13.));
#6155=CARTESIAN_POINT('Origin',(48.8344436290591,71.3528289895196,13.));
#6156=CARTESIAN_POINT('',(8.88708823717497,68.7159114038742,13.));
#6157=CARTESIAN_POINT('',(8.88708823717497,68.7159114038742,13.));
#6158=CARTESIAN_POINT('',(-0.00200803238982417,52.0854133944155,13.));
#6159=CARTESIAN_POINT('Origin',(19.9979919528418,52.086184448059,13.));
#6160=CARTESIAN_POINT('',(0.,0.,13.));
#6161=CARTESIAN_POINT('',(0.,0.,13.));
#6162=CARTESIAN_POINT('',(95.9999999286572,0.00370105748841325,13.));
#6163=CARTESIAN_POINT('Origin',(0.,0.,0.));
#6164=CARTESIAN_POINT('',(95.9999999286572,0.00370105748840999,0.));
#6165=CARTESIAN_POINT('',(0.,0.,0.));
#6166=CARTESIAN_POINT('',(95.9999999286572,0.00370105748841325,0.));
#6167=CARTESIAN_POINT('',(95.9999999286572,0.00370105748840999,0.));
#6168=CARTESIAN_POINT('',(0.,0.,0.));
#6169=CARTESIAN_POINT('Origin',(-0.00200803238982122,52.0854133944155,0.));
#6170=CARTESIAN_POINT('',(-0.00200803238981972,52.0854133944155,0.));
#6171=CARTESIAN_POINT('',(0.,0.,0.));
#6172=CARTESIAN_POINT('',(-0.00200803238981972,52.0854133944155,0.));
#6173=CARTESIAN_POINT('Origin',(19.9979919528418,52.086184448059,0.));
#6174=CARTESIAN_POINT('',(8.88708823717497,68.7159114038742,0.));
#6175=CARTESIAN_POINT('Origin',(19.9979919528418,52.086184448059,0.));
#6176=CARTESIAN_POINT('',(8.88708823717497,68.7159114038742,0.));
#6177=CARTESIAN_POINT('Origin',(37.7235399134843,87.9825559451973,0.));
#6178=CARTESIAN_POINT('',(37.7235399134843,87.9825559451972,0.));
#6179=CARTESIAN_POINT('',(8.88708823717497,68.7159114038742,0.));
#6180=CARTESIAN_POINT('',(37.7235399134843,87.9825559451972,0.));
#6181=CARTESIAN_POINT('Origin',(48.8344436290591,71.3528289895196,0.));
#6182=CARTESIAN_POINT('',(61.1143378132841,87.1390317888442,0.));
#6183=CARTESIAN_POINT('Origin',(48.8344436290591,71.3528289895196,0.));
#6184=CARTESIAN_POINT('',(61.1143378132841,87.1390317888442,0.));
#6185=CARTESIAN_POINT('Origin',(88.277958025536,66.0087836786909,0.));
#6186=CARTESIAN_POINT('',(88.277958025536,66.0087836786909,0.));
#6187=CARTESIAN_POINT('',(61.1143378132841,87.1390317888442,0.));
#6188=CARTESIAN_POINT('',(88.277958025536,66.0087836786909,0.));
#6189=CARTESIAN_POINT('Origin',(75.998063841248,50.2225808792852,0.));
#6190=CARTESIAN_POINT('',(95.9980638264168,50.2233519329286,0.));
#6191=CARTESIAN_POINT('Origin',(75.998063841248,50.2225808792852,0.));
#6192=CARTESIAN_POINT('',(95.9980638264168,50.2233519329286,0.));
#6193=CARTESIAN_POINT('Origin',(95.9999999286572,0.00370105748840999,0.));
#6194=CARTESIAN_POINT('',(95.9980638264168,50.2233519329286,0.));
#6195=CARTESIAN_POINT('Origin',(80.0102942463561,36.1625016009998,0.));
#6196=UNCERTAINTY_MEASURE_WITH_UNIT(LENGTH_MEASURE(0.01),#6200,
'DISTANCE_ACCURACY_VALUE',
'Maximum model space distance between geometric entities at asserted c
onnectivities');
#6197=UNCERTAINTY_MEASURE_WITH_UNIT(LENGTH_MEASURE(0.01),#6200,
'DISTANCE_ACCURACY_VALUE',
'Maximum model space distance between geometric entities at asserted c
onnectivities');
#6198=(
GEOMETRIC_REPRESENTATION_CONTEXT(3)
GLOBAL_UNCERTAINTY_ASSIGNED_CONTEXT((#6196))
GLOBAL_UNIT_ASSIGNED_CONTEXT((#6200,#6202,#6203))
REPRESENTATION_CONTEXT('','3D')
);
#6199=(
GEOMETRIC_REPRESENTATION_CONTEXT(3)
GLOBAL_UNCERTAINTY_ASSIGNED_CONTEXT((#6197))
GLOBAL_UNIT_ASSIGNED_CONTEXT((#6200,#6202,#6203))
REPRESENTATION_CONTEXT('','3D')
);
#6200=(
LENGTH_UNIT()
NAMED_UNIT(*)
SI_UNIT(.MILLI.,.METRE.)
);
#6201=(
LENGTH_UNIT()
NAMED_UNIT(*)
SI_UNIT($,.METRE.)
);
#6202=(
NAMED_UNIT(*)
PLANE_ANGLE_UNIT()
SI_UNIT($,.RADIAN.)
);
#6203=(
NAMED_UNIT(*)
SI_UNIT($,.STERADIAN.)
SOLID_ANGLE_UNIT()
);
#6204=SHAPE_DEFINITION_REPRESENTATION(#6205,#6206);
#6205=PRODUCT_DEFINITION_SHAPE('',$,#6208);
#6206=SHAPE_REPRESENTATION('',(#3520),#6198);
#6207=PRODUCT_DEFINITION_CONTEXT('part definition',#6212,'design');
#6208=PRODUCT_DEFINITION('2026-08-27-00-34-47-002',
'hackpad (~recovered)',#6209,#6207);
#6209=PRODUCT_DEFINITION_FORMATION('',$,#6214);
#6210=PRODUCT_RELATED_PRODUCT_CATEGORY('hackpad (~recovered)',
'hackpad (~recovered)',(#6214));
#6211=APPLICATION_PROTOCOL_DEFINITION('international standard',
'automotive_design',2009,#6212);
#6212=APPLICATION_CONTEXT(
'Core Data for Automotive Mechanical Design Process');
#6213=PRODUCT_CONTEXT('part definition',#6212,'mechanical');
#6214=PRODUCT('2026-08-27-00-34-47-002','hackpad (~recovered)',$,(#6213));
#6215=PRESENTATION_STYLE_ASSIGNMENT((#6217));
#6216=PRESENTATION_STYLE_ASSIGNMENT((#6218));
#6217=SURFACE_STYLE_USAGE(.BOTH.,#6219);
#6218=SURFACE_STYLE_USAGE(.BOTH.,#6220);
#6219=SURFACE_SIDE_STYLE('',(#6221));
#6220=SURFACE_SIDE_STYLE('',(#6222));
#6221=SURFACE_STYLE_FILL_AREA(#6223);
#6222=SURFACE_STYLE_FILL_AREA(#6224);
#6223=FILL_AREA_STYLE('Steel - Satin',(#6225));
#6224=FILL_AREA_STYLE('Plastic - Translucent Matte (Gray)',(#6226));
#6225=FILL_AREA_STYLE_COLOUR('Steel - Satin',#6227);
#6226=FILL_AREA_STYLE_COLOUR('Plastic - Translucent Matte (Gray)',#6228);
#6227=COLOUR_RGB('Steel - Satin',0.627450980392157,0.627450980392157,0.627450980392157);
#6228=COLOUR_RGB('Plastic - Translucent Matte (Gray)',0.701960784313725,
0.701960784313725,0.701960784313725);
ENDSEC;
END-ISO-10303-21;
