ISO-10303-21;
HEADER;
/* Generated by software containing ST-Developer
 * from STEP Tools, Inc. (www.steptools.com) 
 */

FILE_DESCRIPTION(
/* description */ (''),
/* implementation_level */ '2;1');

FILE_NAME(
/* name */ 'hackpad_assembly.step',
/* time_stamp */ '2026-09-24T21:23:52+05:30',
/* author */ (''),
/* organization */ (''),
/* preprocessor_version */ 'ST-DEVELOPER v20.1',
/* originating_system */ 'Autodesk Translation Framework v15.8.0.0',
/* authorisation */ '');

FILE_SCHEMA (('AUTOMOTIVE_DESIGN { 1 0 10303 214 3 1 1 }'));
ENDSEC;

DATA;
#10=MECHANICAL_DESIGN_GEOMETRIC_PRESENTATION_REPRESENTATION('',(#260,#261,
#262,#263,#264,#265),#6684);
#11=SHAPE_REPRESENTATION_RELATIONSHIP('SRR','None',#6691,#12);
#12=ADVANCED_BREP_SHAPE_REPRESENTATION('',(#13,#14),#6683);
#13=MANIFOLD_SOLID_BREP('Top_Face',#3795);
#14=MANIFOLD_SOLID_BREP('Bottom_Face',#3796);
#15=CYLINDRICAL_SURFACE('',#3829,16.9999999999291);
#16=CYLINDRICAL_SURFACE('',#3832,16.9999999999291);
#17=CYLINDRICAL_SURFACE('',#3837,17.0000000000947);
#18=CYLINDRICAL_SURFACE('',#3839,17.0000000000947);
#19=CYLINDRICAL_SURFACE('',#3841,17.0000000000318);
#20=CYLINDRICAL_SURFACE('',#3843,17.0000000000318);
#21=CYLINDRICAL_SURFACE('',#3845,4.7);
#22=CYLINDRICAL_SURFACE('',#3848,4.7);
#23=CYLINDRICAL_SURFACE('',#3863,4.7);
#24=CYLINDRICAL_SURFACE('',#3880,6.5);
#25=CYLINDRICAL_SURFACE('',#3893,4.7);
#26=CYLINDRICAL_SURFACE('',#3895,4.7);
#27=CYLINDRICAL_SURFACE('',#3897,4.7);
#28=CYLINDRICAL_SURFACE('',#3911,1.7);
#29=CYLINDRICAL_SURFACE('',#3930,3.5);
#30=CYLINDRICAL_SURFACE('',#3948,1.7);
#31=CYLINDRICAL_SURFACE('',#3951,1.7);
#32=CYLINDRICAL_SURFACE('',#3954,1.7);
#33=CYLINDRICAL_SURFACE('',#3957,1.7);
#34=CYLINDRICAL_SURFACE('',#3966,20.0000000000947);
#35=CYLINDRICAL_SURFACE('',#3969,19.9999999999291);
#36=CYLINDRICAL_SURFACE('',#3972,20.0000000000318);
#37=CYLINDRICAL_SURFACE('',#3976,1.7);
#38=CYLINDRICAL_SURFACE('',#3979,1.7);
#39=CYLINDRICAL_SURFACE('',#3982,1.7);
#40=CYLINDRICAL_SURFACE('',#3985,1.7);
#41=CYLINDRICAL_SURFACE('',#3988,1.7);
#42=CYLINDRICAL_SURFACE('',#3992,19.9999999999292);
#43=CYLINDRICAL_SURFACE('',#3996,20.0000000000947);
#44=CYLINDRICAL_SURFACE('',#4002,20.0000000000319);
#45=CIRCLE('',#3815,1.7);
#46=CIRCLE('',#3816,1.7);
#47=CIRCLE('',#3817,16.9999999999291);
#48=CIRCLE('',#3818,17.0000000000318);
#49=CIRCLE('',#3819,4.7);
#50=CIRCLE('',#3820,4.7);
#51=CIRCLE('',#3821,17.0000000000318);
#52=CIRCLE('',#3822,4.7);
#53=CIRCLE('',#3823,4.7);
#54=CIRCLE('',#3824,17.0000000000947);
#55=CIRCLE('',#3825,4.7);
#56=CIRCLE('',#3826,17.0000000000947);
#57=CIRCLE('',#3827,16.9999999999291);
#58=CIRCLE('',#3828,6.5);
#59=CIRCLE('',#3830,16.9999999999291);
#60=CIRCLE('',#3831,16.9999999999291);
#61=CIRCLE('',#3833,16.9999999999291);
#62=CIRCLE('',#3834,16.9999999999291);
#63=CIRCLE('',#3838,17.0000000000947);
#64=CIRCLE('',#3840,17.0000000000947);
#65=CIRCLE('',#3842,17.0000000000318);
#66=CIRCLE('',#3844,17.0000000000318);
#67=CIRCLE('',#3846,4.7);
#68=CIRCLE('',#3849,4.7);
#69=CIRCLE('',#3864,4.7);
#70=CIRCLE('',#3865,4.7);
#71=CIRCLE('',#3867,1.7);
#72=CIRCLE('',#3868,1.7);
#73=CIRCLE('',#3881,6.5);
#74=CIRCLE('',#3894,4.7);
#75=CIRCLE('',#3896,4.7);
#76=CIRCLE('',#3898,4.7);
#77=CIRCLE('',#3903,3.5);
#78=CIRCLE('',#3912,1.7);
#79=CIRCLE('',#3913,1.7);
#80=CIRCLE('',#3931,3.5);
#81=CIRCLE('',#3949,1.7);
#82=CIRCLE('',#3950,1.7);
#83=CIRCLE('',#3952,1.7);
#84=CIRCLE('',#3953,1.7);
#85=CIRCLE('',#3955,1.7);
#86=CIRCLE('',#3956,1.7);
#87=CIRCLE('',#3958,1.7);
#88=CIRCLE('',#3959,1.7);
#89=CIRCLE('',#3961,20.0000000000318);
#90=CIRCLE('',#3962,19.9999999999291);
#91=CIRCLE('',#3963,20.0000000000947);
#92=CIRCLE('',#3967,20.0000000000947);
#93=CIRCLE('',#3970,19.9999999999291);
#94=CIRCLE('',#3973,20.0000000000318);
#95=CIRCLE('',#3977,1.7);
#96=CIRCLE('',#3978,1.7);
#97=CIRCLE('',#3980,1.7);
#98=CIRCLE('',#3981,1.7);
#99=CIRCLE('',#3983,1.7);
#100=CIRCLE('',#3984,1.7);
#101=CIRCLE('',#3986,1.7);
#102=CIRCLE('',#3987,1.7);
#103=CIRCLE('',#3989,1.7);
#104=CIRCLE('',#3990,1.7);
#105=CIRCLE('',#3993,19.9999999999292);
#106=CIRCLE('',#3994,19.9999999999292);
#107=CIRCLE('',#3997,20.0000000000947);
#108=CIRCLE('',#3998,20.0000000000947);
#109=CIRCLE('',#4003,20.0000000000319);
#110=CIRCLE('',#4004,20.0000000000319);
#111=FACE_BOUND('',#526,.T.);
#112=FACE_BOUND('',#529,.T.);
#113=FACE_BOUND('',#530,.T.);
#114=FACE_BOUND('',#531,.T.);
#115=FACE_BOUND('',#532,.T.);
#116=FACE_BOUND('',#588,.T.);
#117=FACE_BOUND('',#590,.T.);
#118=FACE_BOUND('',#592,.T.);
#119=FACE_BOUND('',#593,.T.);
#120=FACE_BOUND('',#595,.T.);
#121=FACE_BOUND('',#596,.T.);
#122=FACE_BOUND('',#641,.T.);
#123=FACE_BOUND('',#642,.T.);
#124=FACE_BOUND('',#643,.T.);
#125=FACE_BOUND('',#644,.T.);
#126=FACE_BOUND('',#645,.T.);
#127=FACE_BOUND('',#646,.T.);
#128=FACE_BOUND('',#647,.T.);
#129=FACE_BOUND('',#648,.T.);
#130=FACE_BOUND('',#649,.T.);
#131=FACE_BOUND('',#650,.T.);
#132=FACE_BOUND('',#651,.T.);
#133=FACE_BOUND('',#652,.T.);
#134=FACE_BOUND('',#653,.T.);
#135=FACE_BOUND('',#654,.T.);
#136=FACE_BOUND('',#655,.T.);
#137=FACE_BOUND('',#656,.T.);
#138=FACE_BOUND('',#657,.T.);
#139=FACE_BOUND('',#662,.T.);
#140=FACE_BOUND('',#668,.T.);
#141=FACE_BOUND('',#669,.T.);
#142=FACE_BOUND('',#670,.T.);
#143=FACE_BOUND('',#671,.T.);
#144=FACE_BOUND('',#672,.T.);
#145=FACE_BOUND('',#673,.T.);
#146=FACE_BOUND('',#674,.T.);
#147=FACE_BOUND('',#675,.T.);
#148=FACE_BOUND('',#676,.T.);
#149=FACE_BOUND('',#691,.T.);
#150=FACE_BOUND('',#692,.T.);
#151=FACE_BOUND('',#693,.T.);
#152=FACE_BOUND('',#694,.T.);
#153=FACE_BOUND('',#695,.T.);
#154=FACE_BOUND('',#697,.T.);
#155=FACE_BOUND('',#698,.T.);
#156=FACE_BOUND('',#699,.T.);
#157=FACE_BOUND('',#700,.T.);
#158=FACE_BOUND('',#701,.T.);
#159=PLANE('',#3810);
#160=PLANE('',#3811);
#161=PLANE('',#3812);
#162=PLANE('',#3813);
#163=PLANE('',#3814);
#164=PLANE('',#3835);
#165=PLANE('',#3836);
#166=PLANE('',#3847);
#167=PLANE('',#3850);
#168=PLANE('',#3851);
#169=PLANE('',#3852);
#170=PLANE('',#3853);
#171=PLANE('',#3854);
#172=PLANE('',#3855);
#173=PLANE('',#3856);
#174=PLANE('',#3857);
#175=PLANE('',#3858);
#176=PLANE('',#3859);
#177=PLANE('',#3860);
#178=PLANE('',#3861);
#179=PLANE('',#3862);
#180=PLANE('',#3866);
#181=PLANE('',#3869);
#182=PLANE('',#3870);
#183=PLANE('',#3871);
#184=PLANE('',#3872);
#185=PLANE('',#3873);
#186=PLANE('',#3874);
#187=PLANE('',#3875);
#188=PLANE('',#3876);
#189=PLANE('',#3877);
#190=PLANE('',#3878);
#191=PLANE('',#3879);
#192=PLANE('',#3882);
#193=PLANE('',#3883);
#194=PLANE('',#3884);
#195=PLANE('',#3885);
#196=PLANE('',#3886);
#197=PLANE('',#3887);
#198=PLANE('',#3888);
#199=PLANE('',#3889);
#200=PLANE('',#3890);
#201=PLANE('',#3891);
#202=PLANE('',#3892);
#203=PLANE('',#3899);
#204=PLANE('',#3900);
#205=PLANE('',#3901);
#206=PLANE('',#3902);
#207=PLANE('',#3904);
#208=PLANE('',#3905);
#209=PLANE('',#3906);
#210=PLANE('',#3907);
#211=PLANE('',#3908);
#212=PLANE('',#3909);
#213=PLANE('',#3910);
#214=PLANE('',#3914);
#215=PLANE('',#3915);
#216=PLANE('',#3916);
#217=PLANE('',#3917);
#218=PLANE('',#3918);
#219=PLANE('',#3919);
#220=PLANE('',#3920);
#221=PLANE('',#3921);
#222=PLANE('',#3922);
#223=PLANE('',#3923);
#224=PLANE('',#3924);
#225=PLANE('',#3925);
#226=PLANE('',#3926);
#227=PLANE('',#3927);
#228=PLANE('',#3928);
#229=PLANE('',#3929);
#230=PLANE('',#3932);
#231=PLANE('',#3933);
#232=PLANE('',#3934);
#233=PLANE('',#3935);
#234=PLANE('',#3936);
#235=PLANE('',#3937);
#236=PLANE('',#3938);
#237=PLANE('',#3939);
#238=PLANE('',#3940);
#239=PLANE('',#3941);
#240=PLANE('',#3942);
#241=PLANE('',#3943);
#242=PLANE('',#3944);
#243=PLANE('',#3945);
#244=PLANE('',#3946);
#245=PLANE('',#3947);
#246=PLANE('',#3960);
#247=PLANE('',#3964);
#248=PLANE('',#3965);
#249=PLANE('',#3968);
#250=PLANE('',#3971);
#251=PLANE('',#3974);
#252=PLANE('',#3975);
#253=PLANE('',#3991);
#254=PLANE('',#3995);
#255=PLANE('',#3999);
#256=PLANE('',#4000);
#257=PLANE('',#4001);
#258=PLANE('',#4005);
#259=PLANE('',#4006);
#260=STYLED_ITEM('',(#6700),#3615);
#261=STYLED_ITEM('',(#6700),#3625);
#262=STYLED_ITEM('',(#6700),#3666);
#263=STYLED_ITEM('',(#6701),#13);
#264=STYLED_ITEM('',(#6700),#3793);
#265=STYLED_ITEM('',(#6701),#14);
#266=FACE_OUTER_BOUND('',#460,.T.);
#267=FACE_OUTER_BOUND('',#461,.T.);
#268=FACE_OUTER_BOUND('',#462,.T.);
#269=FACE_OUTER_BOUND('',#463,.T.);
#270=FACE_OUTER_BOUND('',#464,.T.);
#271=FACE_OUTER_BOUND('',#465,.T.);
#272=FACE_OUTER_BOUND('',#466,.T.);
#273=FACE_OUTER_BOUND('',#467,.T.);
#274=FACE_OUTER_BOUND('',#468,.T.);
#275=FACE_OUTER_BOUND('',#469,.T.);
#276=FACE_OUTER_BOUND('',#470,.T.);
#277=FACE_OUTER_BOUND('',#471,.T.);
#278=FACE_OUTER_BOUND('',#472,.T.);
#279=FACE_OUTER_BOUND('',#473,.T.);
#280=FACE_OUTER_BOUND('',#474,.T.);
#281=FACE_OUTER_BOUND('',#475,.T.);
#282=FACE_OUTER_BOUND('',#476,.T.);
#283=FACE_OUTER_BOUND('',#477,.T.);
#284=FACE_OUTER_BOUND('',#478,.T.);
#285=FACE_OUTER_BOUND('',#479,.T.);
#286=FACE_OUTER_BOUND('',#480,.T.);
#287=FACE_OUTER_BOUND('',#481,.T.);
#288=FACE_OUTER_BOUND('',#482,.T.);
#289=FACE_OUTER_BOUND('',#483,.T.);
#290=FACE_OUTER_BOUND('',#484,.T.);
#291=FACE_OUTER_BOUND('',#485,.T.);
#292=FACE_OUTER_BOUND('',#486,.T.);
#293=FACE_OUTER_BOUND('',#487,.T.);
#294=FACE_OUTER_BOUND('',#488,.T.);
#295=FACE_OUTER_BOUND('',#489,.T.);
#296=FACE_OUTER_BOUND('',#490,.T.);
#297=FACE_OUTER_BOUND('',#491,.T.);
#298=FACE_OUTER_BOUND('',#492,.T.);
#299=FACE_OUTER_BOUND('',#493,.T.);
#300=FACE_OUTER_BOUND('',#494,.T.);
#301=FACE_OUTER_BOUND('',#495,.T.);
#302=FACE_OUTER_BOUND('',#496,.T.);
#303=FACE_OUTER_BOUND('',#497,.T.);
#304=FACE_OUTER_BOUND('',#498,.T.);
#305=FACE_OUTER_BOUND('',#499,.T.);
#306=FACE_OUTER_BOUND('',#500,.T.);
#307=FACE_OUTER_BOUND('',#501,.T.);
#308=FACE_OUTER_BOUND('',#502,.T.);
#309=FACE_OUTER_BOUND('',#503,.T.);
#310=FACE_OUTER_BOUND('',#504,.T.);
#311=FACE_OUTER_BOUND('',#505,.T.);
#312=FACE_OUTER_BOUND('',#506,.T.);
#313=FACE_OUTER_BOUND('',#507,.T.);
#314=FACE_OUTER_BOUND('',#508,.T.);
#315=FACE_OUTER_BOUND('',#509,.T.);
#316=FACE_OUTER_BOUND('',#510,.T.);
#317=FACE_OUTER_BOUND('',#511,.T.);
#318=FACE_OUTER_BOUND('',#512,.T.);
#319=FACE_OUTER_BOUND('',#513,.T.);
#320=FACE_OUTER_BOUND('',#514,.T.);
#321=FACE_OUTER_BOUND('',#515,.T.);
#322=FACE_OUTER_BOUND('',#516,.T.);
#323=FACE_OUTER_BOUND('',#517,.T.);
#324=FACE_OUTER_BOUND('',#518,.T.);
#325=FACE_OUTER_BOUND('',#519,.T.);
#326=FACE_OUTER_BOUND('',#520,.T.);
#327=FACE_OUTER_BOUND('',#521,.T.);
#328=FACE_OUTER_BOUND('',#522,.T.);
#329=FACE_OUTER_BOUND('',#523,.T.);
#330=FACE_OUTER_BOUND('',#524,.T.);
#331=FACE_OUTER_BOUND('',#525,.T.);
#332=FACE_OUTER_BOUND('',#527,.T.);
#333=FACE_OUTER_BOUND('',#528,.T.);
#334=FACE_OUTER_BOUND('',#533,.T.);
#335=FACE_OUTER_BOUND('',#534,.T.);
#336=FACE_OUTER_BOUND('',#535,.T.);
#337=FACE_OUTER_BOUND('',#536,.T.);
#338=FACE_OUTER_BOUND('',#537,.T.);
#339=FACE_OUTER_BOUND('',#538,.T.);
#340=FACE_OUTER_BOUND('',#539,.T.);
#341=FACE_OUTER_BOUND('',#540,.T.);
#342=FACE_OUTER_BOUND('',#541,.T.);
#343=FACE_OUTER_BOUND('',#542,.T.);
#344=FACE_OUTER_BOUND('',#543,.T.);
#345=FACE_OUTER_BOUND('',#544,.T.);
#346=FACE_OUTER_BOUND('',#545,.T.);
#347=FACE_OUTER_BOUND('',#546,.T.);
#348=FACE_OUTER_BOUND('',#547,.T.);
#349=FACE_OUTER_BOUND('',#548,.T.);
#350=FACE_OUTER_BOUND('',#549,.T.);
#351=FACE_OUTER_BOUND('',#550,.T.);
#352=FACE_OUTER_BOUND('',#551,.T.);
#353=FACE_OUTER_BOUND('',#552,.T.);
#354=FACE_OUTER_BOUND('',#553,.T.);
#355=FACE_OUTER_BOUND('',#554,.T.);
#356=FACE_OUTER_BOUND('',#555,.T.);
#357=FACE_OUTER_BOUND('',#556,.T.);
#358=FACE_OUTER_BOUND('',#557,.T.);
#359=FACE_OUTER_BOUND('',#558,.T.);
#360=FACE_OUTER_BOUND('',#559,.T.);
#361=FACE_OUTER_BOUND('',#560,.T.);
#362=FACE_OUTER_BOUND('',#561,.T.);
#363=FACE_OUTER_BOUND('',#562,.T.);
#364=FACE_OUTER_BOUND('',#563,.T.);
#365=FACE_OUTER_BOUND('',#564,.T.);
#366=FACE_OUTER_BOUND('',#565,.T.);
#367=FACE_OUTER_BOUND('',#566,.T.);
#368=FACE_OUTER_BOUND('',#567,.T.);
#369=FACE_OUTER_BOUND('',#568,.T.);
#370=FACE_OUTER_BOUND('',#569,.T.);
#371=FACE_OUTER_BOUND('',#570,.T.);
#372=FACE_OUTER_BOUND('',#571,.T.);
#373=FACE_OUTER_BOUND('',#572,.T.);
#374=FACE_OUTER_BOUND('',#573,.T.);
#375=FACE_OUTER_BOUND('',#574,.T.);
#376=FACE_OUTER_BOUND('',#575,.T.);
#377=FACE_OUTER_BOUND('',#576,.T.);
#378=FACE_OUTER_BOUND('',#577,.T.);
#379=FACE_OUTER_BOUND('',#578,.T.);
#380=FACE_OUTER_BOUND('',#579,.T.);
#381=FACE_OUTER_BOUND('',#580,.T.);
#382=FACE_OUTER_BOUND('',#581,.T.);
#383=FACE_OUTER_BOUND('',#582,.T.);
#384=FACE_OUTER_BOUND('',#583,.T.);
#385=FACE_OUTER_BOUND('',#584,.T.);
#386=FACE_OUTER_BOUND('',#585,.T.);
#387=FACE_OUTER_BOUND('',#586,.T.);
#388=FACE_OUTER_BOUND('',#587,.T.);
#389=FACE_OUTER_BOUND('',#589,.T.);
#390=FACE_OUTER_BOUND('',#591,.T.);
#391=FACE_OUTER_BOUND('',#594,.T.);
#392=FACE_OUTER_BOUND('',#597,.T.);
#393=FACE_OUTER_BOUND('',#598,.T.);
#394=FACE_OUTER_BOUND('',#599,.T.);
#395=FACE_OUTER_BOUND('',#600,.T.);
#396=FACE_OUTER_BOUND('',#601,.T.);
#397=FACE_OUTER_BOUND('',#602,.T.);
#398=FACE_OUTER_BOUND('',#603,.T.);
#399=FACE_OUTER_BOUND('',#604,.T.);
#400=FACE_OUTER_BOUND('',#605,.T.);
#401=FACE_OUTER_BOUND('',#606,.T.);
#402=FACE_OUTER_BOUND('',#607,.T.);
#403=FACE_OUTER_BOUND('',#608,.T.);
#404=FACE_OUTER_BOUND('',#609,.T.);
#405=FACE_OUTER_BOUND('',#610,.T.);
#406=FACE_OUTER_BOUND('',#611,.T.);
#407=FACE_OUTER_BOUND('',#612,.T.);
#408=FACE_OUTER_BOUND('',#613,.T.);
#409=FACE_OUTER_BOUND('',#614,.T.);
#410=FACE_OUTER_BOUND('',#615,.T.);
#411=FACE_OUTER_BOUND('',#616,.T.);
#412=FACE_OUTER_BOUND('',#617,.T.);
#413=FACE_OUTER_BOUND('',#618,.T.);
#414=FACE_OUTER_BOUND('',#619,.T.);
#415=FACE_OUTER_BOUND('',#620,.T.);
#416=FACE_OUTER_BOUND('',#621,.T.);
#417=FACE_OUTER_BOUND('',#622,.T.);
#418=FACE_OUTER_BOUND('',#623,.T.);
#419=FACE_OUTER_BOUND('',#624,.T.);
#420=FACE_OUTER_BOUND('',#625,.T.);
#421=FACE_OUTER_BOUND('',#626,.T.);
#422=FACE_OUTER_BOUND('',#627,.T.);
#423=FACE_OUTER_BOUND('',#628,.T.);
#424=FACE_OUTER_BOUND('',#629,.T.);
#425=FACE_OUTER_BOUND('',#630,.T.);
#426=FACE_OUTER_BOUND('',#631,.T.);
#427=FACE_OUTER_BOUND('',#632,.T.);
#428=FACE_OUTER_BOUND('',#633,.T.);
#429=FACE_OUTER_BOUND('',#634,.T.);
#430=FACE_OUTER_BOUND('',#635,.T.);
#431=FACE_OUTER_BOUND('',#636,.T.);
#432=FACE_OUTER_BOUND('',#637,.T.);
#433=FACE_OUTER_BOUND('',#638,.T.);
#434=FACE_OUTER_BOUND('',#639,.T.);
#435=FACE_OUTER_BOUND('',#640,.T.);
#436=FACE_OUTER_BOUND('',#658,.T.);
#437=FACE_OUTER_BOUND('',#659,.T.);
#438=FACE_OUTER_BOUND('',#660,.T.);
#439=FACE_OUTER_BOUND('',#661,.T.);
#440=FACE_OUTER_BOUND('',#663,.T.);
#441=FACE_OUTER_BOUND('',#664,.T.);
#442=FACE_OUTER_BOUND('',#665,.T.);
#443=FACE_OUTER_BOUND('',#666,.T.);
#444=FACE_OUTER_BOUND('',#667,.T.);
#445=FACE_OUTER_BOUND('',#677,.T.);
#446=FACE_OUTER_BOUND('',#678,.T.);
#447=FACE_OUTER_BOUND('',#679,.T.);
#448=FACE_OUTER_BOUND('',#680,.T.);
#449=FACE_OUTER_BOUND('',#681,.T.);
#450=FACE_OUTER_BOUND('',#682,.T.);
#451=FACE_OUTER_BOUND('',#683,.T.);
#452=FACE_OUTER_BOUND('',#684,.T.);
#453=FACE_OUTER_BOUND('',#685,.T.);
#454=FACE_OUTER_BOUND('',#686,.T.);
#455=FACE_OUTER_BOUND('',#687,.T.);
#456=FACE_OUTER_BOUND('',#688,.T.);
#457=FACE_OUTER_BOUND('',#689,.T.);
#458=FACE_OUTER_BOUND('',#690,.T.);
#459=FACE_OUTER_BOUND('',#696,.T.);
#460=EDGE_LOOP('',(#2446,#2447,#2448,#2449));
#461=EDGE_LOOP('',(#2450,#2451,#2452,#2453));
#462=EDGE_LOOP('',(#2454,#2455,#2456,#2457));
#463=EDGE_LOOP('',(#2458,#2459,#2460,#2461));
#464=EDGE_LOOP('',(#2462,#2463,#2464,#2465));
#465=EDGE_LOOP('',(#2466,#2467,#2468,#2469));
#466=EDGE_LOOP('',(#2470,#2471,#2472,#2473));
#467=EDGE_LOOP('',(#2474,#2475,#2476,#2477));
#468=EDGE_LOOP('',(#2478,#2479,#2480,#2481));
#469=EDGE_LOOP('',(#2482,#2483,#2484,#2485));
#470=EDGE_LOOP('',(#2486,#2487,#2488,#2489));
#471=EDGE_LOOP('',(#2490,#2491,#2492,#2493));
#472=EDGE_LOOP('',(#2494,#2495,#2496,#2497));
#473=EDGE_LOOP('',(#2498,#2499,#2500,#2501));
#474=EDGE_LOOP('',(#2502,#2503,#2504,#2505,#2506,#2507,#2508,#2509,#2510,
#2511,#2512,#2513,#2514,#2515));
#475=EDGE_LOOP('',(#2516,#2517,#2518,#2519));
#476=EDGE_LOOP('',(#2520,#2521,#2522,#2523));
#477=EDGE_LOOP('',(#2524,#2525,#2526,#2527));
#478=EDGE_LOOP('',(#2528,#2529,#2530,#2531));
#479=EDGE_LOOP('',(#2532,#2533,#2534,#2535));
#480=EDGE_LOOP('',(#2536,#2537,#2538,#2539));
#481=EDGE_LOOP('',(#2540,#2541,#2542,#2543));
#482=EDGE_LOOP('',(#2544,#2545,#2546,#2547));
#483=EDGE_LOOP('',(#2548,#2549,#2550,#2551));
#484=EDGE_LOOP('',(#2552,#2553,#2554,#2555,#2556,#2557,#2558,#2559,#2560));
#485=EDGE_LOOP('',(#2561,#2562,#2563,#2564));
#486=EDGE_LOOP('',(#2565,#2566,#2567,#2568));
#487=EDGE_LOOP('',(#2569,#2570,#2571,#2572));
#488=EDGE_LOOP('',(#2573,#2574,#2575,#2576));
#489=EDGE_LOOP('',(#2577,#2578,#2579,#2580));
#490=EDGE_LOOP('',(#2581,#2582,#2583,#2584));
#491=EDGE_LOOP('',(#2585,#2586,#2587,#2588));
#492=EDGE_LOOP('',(#2589,#2590,#2591,#2592));
#493=EDGE_LOOP('',(#2593,#2594,#2595,#2596));
#494=EDGE_LOOP('',(#2597,#2598,#2599,#2600));
#495=EDGE_LOOP('',(#2601,#2602,#2603,#2604));
#496=EDGE_LOOP('',(#2605,#2606,#2607,#2608));
#497=EDGE_LOOP('',(#2609,#2610,#2611,#2612));
#498=EDGE_LOOP('',(#2613,#2614,#2615,#2616));
#499=EDGE_LOOP('',(#2617,#2618,#2619,#2620));
#500=EDGE_LOOP('',(#2621,#2622,#2623,#2624));
#501=EDGE_LOOP('',(#2625,#2626,#2627,#2628));
#502=EDGE_LOOP('',(#2629,#2630,#2631,#2632));
#503=EDGE_LOOP('',(#2633,#2634,#2635,#2636));
#504=EDGE_LOOP('',(#2637,#2638,#2639,#2640));
#505=EDGE_LOOP('',(#2641,#2642,#2643,#2644));
#506=EDGE_LOOP('',(#2645,#2646,#2647,#2648));
#507=EDGE_LOOP('',(#2649,#2650,#2651,#2652));
#508=EDGE_LOOP('',(#2653,#2654,#2655,#2656));
#509=EDGE_LOOP('',(#2657,#2658,#2659,#2660));
#510=EDGE_LOOP('',(#2661,#2662,#2663,#2664));
#511=EDGE_LOOP('',(#2665,#2666,#2667,#2668));
#512=EDGE_LOOP('',(#2669,#2670,#2671,#2672));
#513=EDGE_LOOP('',(#2673,#2674,#2675,#2676));
#514=EDGE_LOOP('',(#2677,#2678,#2679,#2680));
#515=EDGE_LOOP('',(#2681,#2682,#2683,#2684));
#516=EDGE_LOOP('',(#2685,#2686,#2687,#2688));
#517=EDGE_LOOP('',(#2689,#2690,#2691,#2692));
#518=EDGE_LOOP('',(#2693,#2694,#2695,#2696));
#519=EDGE_LOOP('',(#2697,#2698,#2699,#2700));
#520=EDGE_LOOP('',(#2701,#2702,#2703,#2704));
#521=EDGE_LOOP('',(#2705,#2706,#2707,#2708));
#522=EDGE_LOOP('',(#2709,#2710,#2711,#2712));
#523=EDGE_LOOP('',(#2713,#2714,#2715,#2716));
#524=EDGE_LOOP('',(#2717,#2718,#2719,#2720));
#525=EDGE_LOOP('',(#2721,#2722,#2723,#2724,#2725,#2726,#2727,#2728,#2729,
#2730,#2731,#2732,#2733,#2734,#2735,#2736,#2737,#2738,#2739,#2740,#2741,
#2742,#2743,#2744,#2745,#2746,#2747,#2748,#2749,#2750,#2751,#2752));
#526=EDGE_LOOP('',(#2753,#2754,#2755,#2756,#2757,#2758,#2759,#2760));
#527=EDGE_LOOP('',(#2761,#2762,#2763,#2764,#2765,#2766,#2767,#2768));
#528=EDGE_LOOP('',(#2769,#2770,#2771,#2772,#2773,#2774,#2775,#2776,#2777,
#2778,#2779,#2780,#2781,#2782,#2783,#2784,#2785,#2786,#2787,#2788,#2789,
#2790,#2791,#2792,#2793,#2794,#2795,#2796,#2797,#2798,#2799,#2800,#2801,
#2802,#2803,#2804,#2805));
#529=EDGE_LOOP('',(#2806,#2807,#2808,#2809,#2810,#2811,#2812,#2813));
#530=EDGE_LOOP('',(#2814,#2815,#2816,#2817));
#531=EDGE_LOOP('',(#2818,#2819,#2820,#2821));
#532=EDGE_LOOP('',(#2822));
#533=EDGE_LOOP('',(#2823,#2824,#2825,#2826,#2827,#2828));
#534=EDGE_LOOP('',(#2829,#2830,#2831,#2832,#2833,#2834));
#535=EDGE_LOOP('',(#2835,#2836,#2837,#2838));
#536=EDGE_LOOP('',(#2839,#2840,#2841,#2842));
#537=EDGE_LOOP('',(#2843,#2844,#2845,#2846));
#538=EDGE_LOOP('',(#2847,#2848,#2849,#2850));
#539=EDGE_LOOP('',(#2851,#2852,#2853,#2854));
#540=EDGE_LOOP('',(#2855,#2856,#2857,#2858));
#541=EDGE_LOOP('',(#2859,#2860,#2861,#2862));
#542=EDGE_LOOP('',(#2863,#2864,#2865,#2866));
#543=EDGE_LOOP('',(#2867,#2868,#2869,#2870));
#544=EDGE_LOOP('',(#2871,#2872,#2873,#2874));
#545=EDGE_LOOP('',(#2875,#2876,#2877,#2878));
#546=EDGE_LOOP('',(#2879,#2880,#2881,#2882));
#547=EDGE_LOOP('',(#2883,#2884,#2885,#2886));
#548=EDGE_LOOP('',(#2887,#2888,#2889,#2890));
#549=EDGE_LOOP('',(#2891,#2892,#2893,#2894));
#550=EDGE_LOOP('',(#2895,#2896,#2897,#2898));
#551=EDGE_LOOP('',(#2899,#2900,#2901,#2902));
#552=EDGE_LOOP('',(#2903,#2904,#2905,#2906));
#553=EDGE_LOOP('',(#2907,#2908,#2909,#2910));
#554=EDGE_LOOP('',(#2911,#2912,#2913,#2914));
#555=EDGE_LOOP('',(#2915,#2916,#2917,#2918));
#556=EDGE_LOOP('',(#2919,#2920,#2921,#2922));
#557=EDGE_LOOP('',(#2923,#2924,#2925,#2926));
#558=EDGE_LOOP('',(#2927,#2928,#2929,#2930,#2931));
#559=EDGE_LOOP('',(#2932,#2933,#2934,#2935));
#560=EDGE_LOOP('',(#2936,#2937,#2938,#2939));
#561=EDGE_LOOP('',(#2940,#2941,#2942,#2943));
#562=EDGE_LOOP('',(#2944,#2945,#2946,#2947));
#563=EDGE_LOOP('',(#2948,#2949,#2950,#2951));
#564=EDGE_LOOP('',(#2952,#2953,#2954,#2955));
#565=EDGE_LOOP('',(#2956,#2957,#2958,#2959));
#566=EDGE_LOOP('',(#2960,#2961,#2962,#2963));
#567=EDGE_LOOP('',(#2964,#2965,#2966,#2967));
#568=EDGE_LOOP('',(#2968,#2969,#2970,#2971));
#569=EDGE_LOOP('',(#2972,#2973,#2974,#2975));
#570=EDGE_LOOP('',(#2976,#2977,#2978,#2979));
#571=EDGE_LOOP('',(#2980,#2981,#2982,#2983));
#572=EDGE_LOOP('',(#2984,#2985,#2986,#2987));
#573=EDGE_LOOP('',(#2988,#2989,#2990,#2991));
#574=EDGE_LOOP('',(#2992,#2993,#2994,#2995));
#575=EDGE_LOOP('',(#2996,#2997,#2998,#2999));
#576=EDGE_LOOP('',(#3000,#3001,#3002,#3003));
#577=EDGE_LOOP('',(#3004,#3005,#3006,#3007));
#578=EDGE_LOOP('',(#3008,#3009,#3010,#3011));
#579=EDGE_LOOP('',(#3012,#3013,#3014,#3015));
#580=EDGE_LOOP('',(#3016,#3017,#3018,#3019));
#581=EDGE_LOOP('',(#3020,#3021,#3022,#3023));
#582=EDGE_LOOP('',(#3024,#3025,#3026,#3027));
#583=EDGE_LOOP('',(#3028,#3029,#3030,#3031));
#584=EDGE_LOOP('',(#3032,#3033,#3034,#3035));
#585=EDGE_LOOP('',(#3036,#3037,#3038,#3039));
#586=EDGE_LOOP('',(#3040,#3041,#3042,#3043));
#587=EDGE_LOOP('',(#3044,#3045,#3046,#3047));
#588=EDGE_LOOP('',(#3048,#3049,#3050,#3051));
#589=EDGE_LOOP('',(#3052));
#590=EDGE_LOOP('',(#3053));
#591=EDGE_LOOP('',(#3054,#3055,#3056,#3057,#3058,#3059,#3060,#3061));
#592=EDGE_LOOP('',(#3062,#3063,#3064,#3065));
#593=EDGE_LOOP('',(#3066,#3067,#3068,#3069));
#594=EDGE_LOOP('',(#3070,#3071,#3072,#3073));
#595=EDGE_LOOP('',(#3074,#3075,#3076,#3077));
#596=EDGE_LOOP('',(#3078,#3079,#3080,#3081));
#597=EDGE_LOOP('',(#3082,#3083,#3084,#3085));
#598=EDGE_LOOP('',(#3086,#3087,#3088,#3089));
#599=EDGE_LOOP('',(#3090,#3091,#3092,#3093));
#600=EDGE_LOOP('',(#3094,#3095,#3096,#3097));
#601=EDGE_LOOP('',(#3098,#3099,#3100,#3101));
#602=EDGE_LOOP('',(#3102,#3103,#3104,#3105,#3106,#3107,#3108,#3109,#3110,
#3111,#3112,#3113));
#603=EDGE_LOOP('',(#3114,#3115,#3116,#3117));
#604=EDGE_LOOP('',(#3118,#3119,#3120,#3121));
#605=EDGE_LOOP('',(#3122,#3123,#3124,#3125));
#606=EDGE_LOOP('',(#3126,#3127,#3128,#3129));
#607=EDGE_LOOP('',(#3130,#3131,#3132,#3133));
#608=EDGE_LOOP('',(#3134,#3135,#3136,#3137));
#609=EDGE_LOOP('',(#3138,#3139,#3140,#3141));
#610=EDGE_LOOP('',(#3142,#3143,#3144,#3145));
#611=EDGE_LOOP('',(#3146,#3147,#3148,#3149));
#612=EDGE_LOOP('',(#3150,#3151,#3152,#3153));
#613=EDGE_LOOP('',(#3154,#3155,#3156,#3157));
#614=EDGE_LOOP('',(#3158,#3159,#3160,#3161));
#615=EDGE_LOOP('',(#3162,#3163,#3164,#3165));
#616=EDGE_LOOP('',(#3166,#3167,#3168,#3169));
#617=EDGE_LOOP('',(#3170,#3171,#3172,#3173));
#618=EDGE_LOOP('',(#3174,#3175,#3176,#3177));
#619=EDGE_LOOP('',(#3178,#3179,#3180,#3181));
#620=EDGE_LOOP('',(#3182,#3183,#3184,#3185));
#621=EDGE_LOOP('',(#3186,#3187,#3188,#3189));
#622=EDGE_LOOP('',(#3190,#3191,#3192,#3193));
#623=EDGE_LOOP('',(#3194,#3195,#3196,#3197));
#624=EDGE_LOOP('',(#3198,#3199,#3200,#3201));
#625=EDGE_LOOP('',(#3202,#3203,#3204,#3205));
#626=EDGE_LOOP('',(#3206,#3207,#3208,#3209));
#627=EDGE_LOOP('',(#3210,#3211,#3212,#3213));
#628=EDGE_LOOP('',(#3214,#3215,#3216,#3217));
#629=EDGE_LOOP('',(#3218,#3219,#3220,#3221));
#630=EDGE_LOOP('',(#3222,#3223,#3224,#3225));
#631=EDGE_LOOP('',(#3226,#3227,#3228,#3229));
#632=EDGE_LOOP('',(#3230,#3231,#3232,#3233));
#633=EDGE_LOOP('',(#3234,#3235,#3236,#3237));
#634=EDGE_LOOP('',(#3238,#3239,#3240,#3241));
#635=EDGE_LOOP('',(#3242,#3243,#3244,#3245));
#636=EDGE_LOOP('',(#3246,#3247,#3248,#3249));
#637=EDGE_LOOP('',(#3250,#3251,#3252,#3253));
#638=EDGE_LOOP('',(#3254,#3255,#3256,#3257));
#639=EDGE_LOOP('',(#3258,#3259,#3260,#3261));
#640=EDGE_LOOP('',(#3262,#3263,#3264,#3265,#3266,#3267,#3268,#3269));
#641=EDGE_LOOP('',(#3270,#3271,#3272,#3273,#3274,#3275,#3276,#3277,#3278));
#642=EDGE_LOOP('',(#3279));
#643=EDGE_LOOP('',(#3280,#3281,#3282,#3283));
#644=EDGE_LOOP('',(#3284,#3285,#3286,#3287));
#645=EDGE_LOOP('',(#3288,#3289,#3290,#3291));
#646=EDGE_LOOP('',(#3292,#3293,#3294,#3295));
#647=EDGE_LOOP('',(#3296,#3297,#3298,#3299));
#648=EDGE_LOOP('',(#3300,#3301,#3302,#3303));
#649=EDGE_LOOP('',(#3304));
#650=EDGE_LOOP('',(#3305));
#651=EDGE_LOOP('',(#3306));
#652=EDGE_LOOP('',(#3307));
#653=EDGE_LOOP('',(#3308));
#654=EDGE_LOOP('',(#3309,#3310,#3311,#3312));
#655=EDGE_LOOP('',(#3313,#3314,#3315,#3316));
#656=EDGE_LOOP('',(#3317,#3318,#3319,#3320,#3321,#3322,#3323,#3324,#3325,
#3326,#3327,#3328,#3329,#3330,#3331,#3332,#3333,#3334,#3335,#3336,#3337,
#3338,#3339,#3340,#3341,#3342,#3343,#3344,#3345,#3346,#3347,#3348));
#657=EDGE_LOOP('',(#3349,#3350,#3351,#3352,#3353,#3354,#3355,#3356,#3357,
#3358,#3359,#3360,#3361,#3362));
#658=EDGE_LOOP('',(#3363,#3364,#3365,#3366));
#659=EDGE_LOOP('',(#3367,#3368,#3369,#3370));
#660=EDGE_LOOP('',(#3371,#3372,#3373,#3374));
#661=EDGE_LOOP('',(#3375,#3376,#3377,#3378));
#662=EDGE_LOOP('',(#3379,#3380,#3381,#3382));
#663=EDGE_LOOP('',(#3383,#3384,#3385,#3386));
#664=EDGE_LOOP('',(#3387,#3388,#3389,#3390));
#665=EDGE_LOOP('',(#3391,#3392,#3393,#3394));
#666=EDGE_LOOP('',(#3395,#3396,#3397,#3398));
#667=EDGE_LOOP('',(#3399,#3400,#3401,#3402,#3403,#3404,#3405,#3406));
#668=EDGE_LOOP('',(#3407));
#669=EDGE_LOOP('',(#3408));
#670=EDGE_LOOP('',(#3409));
#671=EDGE_LOOP('',(#3410));
#672=EDGE_LOOP('',(#3411,#3412,#3413,#3414));
#673=EDGE_LOOP('',(#3415,#3416,#3417,#3418));
#674=EDGE_LOOP('',(#3419));
#675=EDGE_LOOP('',(#3420,#3421,#3422,#3423));
#676=EDGE_LOOP('',(#3424,#3425,#3426,#3427,#3428,#3429,#3430,#3431,#3432,
#3433,#3434,#3435,#3436,#3437,#3438,#3439,#3440,#3441,#3442,#3443,#3444,
#3445,#3446,#3447,#3448,#3449,#3450,#3451,#3452,#3453,#3454,#3455,#3456,
#3457,#3458,#3459));
#677=EDGE_LOOP('',(#3460,#3461,#3462,#3463));
#678=EDGE_LOOP('',(#3464,#3465,#3466,#3467));
#679=EDGE_LOOP('',(#3468,#3469,#3470,#3471));
#680=EDGE_LOOP('',(#3472,#3473,#3474,#3475));
#681=EDGE_LOOP('',(#3476,#3477,#3478,#3479));
#682=EDGE_LOOP('',(#3480,#3481,#3482,#3483));
#683=EDGE_LOOP('',(#3484,#3485,#3486,#3487));
#684=EDGE_LOOP('',(#3488,#3489,#3490,#3491));
#685=EDGE_LOOP('',(#3492,#3493,#3494,#3495));
#686=EDGE_LOOP('',(#3496,#3497,#3498,#3499));
#687=EDGE_LOOP('',(#3500,#3501,#3502,#3503));
#688=EDGE_LOOP('',(#3504,#3505,#3506,#3507));
#689=EDGE_LOOP('',(#3508,#3509,#3510,#3511));
#690=EDGE_LOOP('',(#3512,#3513,#3514,#3515,#3516,#3517,#3518,#3519));
#691=EDGE_LOOP('',(#3520));
#692=EDGE_LOOP('',(#3521));
#693=EDGE_LOOP('',(#3522));
#694=EDGE_LOOP('',(#3523));
#695=EDGE_LOOP('',(#3524));
#696=EDGE_LOOP('',(#3525,#3526,#3527,#3528,#3529,#3530,#3531,#3532));
#697=EDGE_LOOP('',(#3533));
#698=EDGE_LOOP('',(#3534));
#699=EDGE_LOOP('',(#3535));
#700=EDGE_LOOP('',(#3536));
#701=EDGE_LOOP('',(#3537));
#702=LINE('',#4773,#1056);
#703=LINE('',#4779,#1057);
#704=LINE('',#4798,#1058);
#705=LINE('',#4817,#1059);
#706=LINE('',#4836,#1060);
#707=LINE('',#4855,#1061);
#708=LINE('',#4874,#1062);
#709=LINE('',#4893,#1063);
#710=LINE('',#4912,#1064);
#711=LINE('',#4931,#1065);
#712=LINE('',#4950,#1066);
#713=LINE('',#4969,#1067);
#714=LINE('',#4988,#1068);
#715=LINE('',#5007,#1069);
#716=LINE('',#5040,#1070);
#717=LINE('',#5046,#1071);
#718=LINE('',#5065,#1072);
#719=LINE('',#5084,#1073);
#720=LINE('',#5103,#1074);
#721=LINE('',#5122,#1075);
#722=LINE('',#5141,#1076);
#723=LINE('',#5160,#1077);
#724=LINE('',#5179,#1078);
#725=LINE('',#5212,#1079);
#726=LINE('',#5218,#1080);
#727=LINE('',#5237,#1081);
#728=LINE('',#5256,#1082);
#729=LINE('',#5275,#1083);
#730=LINE('',#5294,#1084);
#731=LINE('',#5313,#1085);
#732=LINE('',#5332,#1086);
#733=LINE('',#5364,#1087);
#734=LINE('',#5370,#1088);
#735=LINE('',#5389,#1089);
#736=LINE('',#5408,#1090);
#737=LINE('',#5427,#1091);
#738=LINE('',#5446,#1092);
#739=LINE('',#5465,#1093);
#740=LINE('',#5484,#1094);
#741=LINE('',#5503,#1095);
#742=LINE('',#5522,#1096);
#743=LINE('',#5541,#1097);
#744=LINE('',#5560,#1098);
#745=LINE('',#5579,#1099);
#746=LINE('',#5598,#1100);
#747=LINE('',#5617,#1101);
#748=LINE('',#5636,#1102);
#749=LINE('',#5655,#1103);
#750=LINE('',#5674,#1104);
#751=LINE('',#5693,#1105);
#752=LINE('',#5712,#1106);
#753=LINE('',#5731,#1107);
#754=LINE('',#5750,#1108);
#755=LINE('',#5769,#1109);
#756=LINE('',#5788,#1110);
#757=LINE('',#5807,#1111);
#758=LINE('',#5826,#1112);
#759=LINE('',#5845,#1113);
#760=LINE('',#5864,#1114);
#761=LINE('',#5883,#1115);
#762=LINE('',#5902,#1116);
#763=LINE('',#5921,#1117);
#764=LINE('',#5940,#1118);
#765=LINE('',#5968,#1119);
#766=LINE('',#5974,#1120);
#767=LINE('',#5976,#1121);
#768=LINE('',#5978,#1122);
#769=LINE('',#5980,#1123);
#770=LINE('',#5982,#1124);
#771=LINE('',#5984,#1125);
#772=LINE('',#5986,#1126);
#773=LINE('',#5988,#1127);
#774=LINE('',#5990,#1128);
#775=LINE('',#5992,#1129);
#776=LINE('',#5994,#1130);
#777=LINE('',#5996,#1131);
#778=LINE('',#5998,#1132);
#779=LINE('',#6000,#1133);
#780=LINE('',#6002,#1134);
#781=LINE('',#6008,#1135);
#782=LINE('',#6012,#1136);
#783=LINE('',#6016,#1137);
#784=LINE('',#6024,#1138);
#785=LINE('',#6026,#1139);
#786=LINE('',#6028,#1140);
#787=LINE('',#6030,#1141);
#788=LINE('',#6032,#1142);
#789=LINE('',#6036,#1143);
#790=LINE('',#6038,#1144);
#791=LINE('',#6040,#1145);
#792=LINE('',#6042,#1146);
#793=LINE('',#6044,#1147);
#794=LINE('',#6046,#1148);
#795=LINE('',#6048,#1149);
#796=LINE('',#6049,#1150);
#797=LINE('',#6052,#1151);
#798=LINE('',#6054,#1152);
#799=LINE('',#6056,#1153);
#800=LINE('',#6057,#1154);
#801=LINE('',#6060,#1155);
#802=LINE('',#6062,#1156);
#803=LINE('',#6064,#1157);
#804=LINE('',#6065,#1158);
#805=LINE('',#6070,#1159);
#806=LINE('',#6074,#1160);
#807=LINE('',#6077,#1161);
#808=LINE('',#6080,#1162);
#809=LINE('',#6082,#1163);
#810=LINE('',#6086,#1164);
#811=LINE('',#6090,#1165);
#812=LINE('',#6092,#1166);
#813=LINE('',#6093,#1167);
#814=LINE('',#6096,#1168);
#815=LINE('',#6098,#1169);
#816=LINE('',#6099,#1170);
#817=LINE('',#6102,#1171);
#818=LINE('',#6106,#1172);
#819=LINE('',#6109,#1173);
#820=LINE('',#6112,#1174);
#821=LINE('',#6115,#1175);
#822=LINE('',#6118,#1176);
#823=LINE('',#6120,#1177);
#824=LINE('',#6124,#1178);
#825=LINE('',#6128,#1179);
#826=LINE('',#6129,#1180);
#827=LINE('',#6133,#1181);
#828=LINE('',#6136,#1182);
#829=LINE('',#6137,#1183);
#830=LINE('',#6140,#1184);
#831=LINE('',#6142,#1185);
#832=LINE('',#6143,#1186);
#833=LINE('',#6146,#1187);
#834=LINE('',#6147,#1188);
#835=LINE('',#6150,#1189);
#836=LINE('',#6151,#1190);
#837=LINE('',#6155,#1191);
#838=LINE('',#6156,#1192);
#839=LINE('',#6157,#1193);
#840=LINE('',#6161,#1194);
#841=LINE('',#6162,#1195);
#842=LINE('',#6163,#1196);
#843=LINE('',#6166,#1197);
#844=LINE('',#6168,#1198);
#845=LINE('',#6169,#1199);
#846=LINE('',#6172,#1200);
#847=LINE('',#6174,#1201);
#848=LINE('',#6175,#1202);
#849=LINE('',#6178,#1203);
#850=LINE('',#6180,#1204);
#851=LINE('',#6181,#1205);
#852=LINE('',#6184,#1206);
#853=LINE('',#6185,#1207);
#854=LINE('',#6189,#1208);
#855=LINE('',#6190,#1209);
#856=LINE('',#6191,#1210);
#857=LINE('',#6194,#1211);
#858=LINE('',#6195,#1212);
#859=LINE('',#6197,#1213);
#860=LINE('',#6207,#1214);
#861=LINE('',#6208,#1215);
#862=LINE('',#6211,#1216);
#863=LINE('',#6212,#1217);
#864=LINE('',#6215,#1218);
#865=LINE('',#6216,#1219);
#866=LINE('',#6218,#1220);
#867=LINE('',#6222,#1221);
#868=LINE('',#6223,#1222);
#869=LINE('',#6224,#1223);
#870=LINE('',#6226,#1224);
#871=LINE('',#6229,#1225);
#872=LINE('',#6230,#1226);
#873=LINE('',#6232,#1227);
#874=LINE('',#6235,#1228);
#875=LINE('',#6236,#1229);
#876=LINE('',#6238,#1230);
#877=LINE('',#6240,#1231);
#878=LINE('',#6243,#1232);
#879=LINE('',#6246,#1233);
#880=LINE('',#6249,#1234);
#881=LINE('',#6250,#1235);
#882=LINE('',#6253,#1236);
#883=LINE('',#6254,#1237);
#884=LINE('',#6257,#1238);
#885=LINE('',#6258,#1239);
#886=LINE('',#6260,#1240);
#887=LINE('',#6263,#1241);
#888=LINE('',#6264,#1242);
#889=LINE('',#6266,#1243);
#890=LINE('',#6270,#1244);
#891=LINE('',#6271,#1245);
#892=LINE('',#6272,#1246);
#893=LINE('',#6275,#1247);
#894=LINE('',#6276,#1248);
#895=LINE('',#6279,#1249);
#896=LINE('',#6280,#1250);
#897=LINE('',#6282,#1251);
#898=LINE('',#6290,#1252);
#899=LINE('',#6292,#1253);
#900=LINE('',#6296,#1254);
#901=LINE('',#6298,#1255);
#902=LINE('',#6300,#1256);
#903=LINE('',#6301,#1257);
#904=LINE('',#6308,#1258);
#905=LINE('',#6310,#1259);
#906=LINE('',#6312,#1260);
#907=LINE('',#6313,#1261);
#908=LINE('',#6316,#1262);
#909=LINE('',#6318,#1263);
#910=LINE('',#6320,#1264);
#911=LINE('',#6321,#1265);
#912=LINE('',#6325,#1266);
#913=LINE('',#6327,#1267);
#914=LINE('',#6329,#1268);
#915=LINE('',#6330,#1269);
#916=LINE('',#6333,#1270);
#917=LINE('',#6335,#1271);
#918=LINE('',#6337,#1272);
#919=LINE('',#6338,#1273);
#920=LINE('',#6342,#1274);
#921=LINE('',#6344,#1275);
#922=LINE('',#6346,#1276);
#923=LINE('',#6347,#1277);
#924=LINE('',#6350,#1278);
#925=LINE('',#6352,#1279);
#926=LINE('',#6353,#1280);
#927=LINE('',#6356,#1281);
#928=LINE('',#6358,#1282);
#929=LINE('',#6359,#1283);
#930=LINE('',#6361,#1284);
#931=LINE('',#6362,#1285);
#932=LINE('',#6367,#1286);
#933=LINE('',#6369,#1287);
#934=LINE('',#6374,#1288);
#935=LINE('',#6376,#1289);
#936=LINE('',#6378,#1290);
#937=LINE('',#6379,#1291);
#938=LINE('',#6382,#1292);
#939=LINE('',#6384,#1293);
#940=LINE('',#6385,#1294);
#941=LINE('',#6388,#1295);
#942=LINE('',#6390,#1296);
#943=LINE('',#6391,#1297);
#944=LINE('',#6393,#1298);
#945=LINE('',#6394,#1299);
#946=LINE('',#6397,#1300);
#947=LINE('',#6399,#1301);
#948=LINE('',#6400,#1302);
#949=LINE('',#6403,#1303);
#950=LINE('',#6404,#1304);
#951=LINE('',#6407,#1305);
#952=LINE('',#6408,#1306);
#953=LINE('',#6410,#1307);
#954=LINE('',#6413,#1308);
#955=LINE('',#6415,#1309);
#956=LINE('',#6416,#1310);
#957=LINE('',#6419,#1311);
#958=LINE('',#6420,#1312);
#959=LINE('',#6423,#1313);
#960=LINE('',#6424,#1314);
#961=LINE('',#6426,#1315);
#962=LINE('',#6429,#1316);
#963=LINE('',#6431,#1317);
#964=LINE('',#6432,#1318);
#965=LINE('',#6435,#1319);
#966=LINE('',#6436,#1320);
#967=LINE('',#6439,#1321);
#968=LINE('',#6440,#1322);
#969=LINE('',#6442,#1323);
#970=LINE('',#6445,#1324);
#971=LINE('',#6449,#1325);
#972=LINE('',#6451,#1326);
#973=LINE('',#6452,#1327);
#974=LINE('',#6455,#1328);
#975=LINE('',#6456,#1329);
#976=LINE('',#6459,#1330);
#977=LINE('',#6460,#1331);
#978=LINE('',#6462,#1332);
#979=LINE('',#6466,#1333);
#980=LINE('',#6468,#1334);
#981=LINE('',#6470,#1335);
#982=LINE('',#6471,#1336);
#983=LINE('',#6474,#1337);
#984=LINE('',#6476,#1338);
#985=LINE('',#6477,#1339);
#986=LINE('',#6480,#1340);
#987=LINE('',#6482,#1341);
#988=LINE('',#6483,#1342);
#989=LINE('',#6485,#1343);
#990=LINE('',#6486,#1344);
#991=LINE('',#6490,#1345);
#992=LINE('',#6492,#1346);
#993=LINE('',#6494,#1347);
#994=LINE('',#6495,#1348);
#995=LINE('',#6498,#1349);
#996=LINE('',#6500,#1350);
#997=LINE('',#6501,#1351);
#998=LINE('',#6504,#1352);
#999=LINE('',#6506,#1353);
#1000=LINE('',#6507,#1354);
#1001=LINE('',#6509,#1355);
#1002=LINE('',#6510,#1356);
#1003=LINE('',#6513,#1357);
#1004=LINE('',#6515,#1358);
#1005=LINE('',#6516,#1359);
#1006=LINE('',#6519,#1360);
#1007=LINE('',#6520,#1361);
#1008=LINE('',#6523,#1362);
#1009=LINE('',#6524,#1363);
#1010=LINE('',#6526,#1364);
#1011=LINE('',#6531,#1365);
#1012=LINE('',#6537,#1366);
#1013=LINE('',#6543,#1367);
#1014=LINE('',#6549,#1368);
#1015=LINE('',#6554,#1369);
#1016=LINE('',#6558,#1370);
#1017=LINE('',#6562,#1371);
#1018=LINE('',#6566,#1372);
#1019=LINE('',#6567,#1373);
#1020=LINE('',#6571,#1374);
#1021=LINE('',#6572,#1375);
#1022=LINE('',#6573,#1376);
#1023=LINE('',#6576,#1377);
#1024=LINE('',#6577,#1378);
#1025=LINE('',#6581,#1379);
#1026=LINE('',#6584,#1380);
#1027=LINE('',#6585,#1381);
#1028=LINE('',#6589,#1382);
#1029=LINE('',#6592,#1383);
#1030=LINE('',#6593,#1384);
#1031=LINE('',#6597,#1385);
#1032=LINE('',#6599,#1386);
#1033=LINE('',#6605,#1387);
#1034=LINE('',#6611,#1388);
#1035=LINE('',#6617,#1389);
#1036=LINE('',#6623,#1390);
#1037=LINE('',#6629,#1391);
#1038=LINE('',#6634,#1392);
#1039=LINE('',#6636,#1393);
#1040=LINE('',#6638,#1394);
#1041=LINE('',#6639,#1395);
#1042=LINE('',#6645,#1396);
#1043=LINE('',#6648,#1397);
#1044=LINE('',#6650,#1398);
#1045=LINE('',#6651,#1399);
#1046=LINE('',#6657,#1400);
#1047=LINE('',#6660,#1401);
#1048=LINE('',#6662,#1402);
#1049=LINE('',#6663,#1403);
#1050=LINE('',#6666,#1404);
#1051=LINE('',#6668,#1405);
#1052=LINE('',#6669,#1406);
#1053=LINE('',#6672,#1407);
#1054=LINE('',#6674,#1408);
#1055=LINE('',#6675,#1409);
#1056=VECTOR('',#4009,10.);
#1057=VECTOR('',#4010,10.);
#1058=VECTOR('',#4011,10.);
#1059=VECTOR('',#4012,10.);
#1060=VECTOR('',#4013,10.);
#1061=VECTOR('',#4014,10.);
#1062=VECTOR('',#4015,10.);
#1063=VECTOR('',#4016,10.);
#1064=VECTOR('',#4017,10.);
#1065=VECTOR('',#4018,10.);
#1066=VECTOR('',#4019,10.);
#1067=VECTOR('',#4020,10.);
#1068=VECTOR('',#4021,10.);
#1069=VECTOR('',#4022,10.);
#1070=VECTOR('',#4025,10.);
#1071=VECTOR('',#4026,10.);
#1072=VECTOR('',#4027,10.);
#1073=VECTOR('',#4028,10.);
#1074=VECTOR('',#4029,10.);
#1075=VECTOR('',#4030,10.);
#1076=VECTOR('',#4031,10.);
#1077=VECTOR('',#4032,10.);
#1078=VECTOR('',#4033,10.);
#1079=VECTOR('',#4036,10.);
#1080=VECTOR('',#4037,10.);
#1081=VECTOR('',#4038,10.);
#1082=VECTOR('',#4039,10.);
#1083=VECTOR('',#4040,10.);
#1084=VECTOR('',#4041,10.);
#1085=VECTOR('',#4042,10.);
#1086=VECTOR('',#4043,10.);
#1087=VECTOR('',#4044,10.);
#1088=VECTOR('',#4045,10.);
#1089=VECTOR('',#4046,10.);
#1090=VECTOR('',#4047,10.);
#1091=VECTOR('',#4048,10.);
#1092=VECTOR('',#4049,10.);
#1093=VECTOR('',#4050,10.);
#1094=VECTOR('',#4051,10.);
#1095=VECTOR('',#4052,10.);
#1096=VECTOR('',#4053,10.);
#1097=VECTOR('',#4054,10.);
#1098=VECTOR('',#4055,10.);
#1099=VECTOR('',#4056,10.);
#1100=VECTOR('',#4057,10.);
#1101=VECTOR('',#4058,10.);
#1102=VECTOR('',#4059,10.);
#1103=VECTOR('',#4060,10.);
#1104=VECTOR('',#4061,10.);
#1105=VECTOR('',#4062,10.);
#1106=VECTOR('',#4063,10.);
#1107=VECTOR('',#4064,10.);
#1108=VECTOR('',#4065,10.);
#1109=VECTOR('',#4066,10.);
#1110=VECTOR('',#4067,10.);
#1111=VECTOR('',#4068,10.);
#1112=VECTOR('',#4069,10.);
#1113=VECTOR('',#4070,10.);
#1114=VECTOR('',#4071,10.);
#1115=VECTOR('',#4072,10.);
#1116=VECTOR('',#4073,10.);
#1117=VECTOR('',#4074,10.);
#1118=VECTOR('',#4075,10.);
#1119=VECTOR('',#4088,10.);
#1120=VECTOR('',#4093,10.);
#1121=VECTOR('',#4094,10.);
#1122=VECTOR('',#4095,10.);
#1123=VECTOR('',#4096,10.);
#1124=VECTOR('',#4097,10.);
#1125=VECTOR('',#4098,10.);
#1126=VECTOR('',#4099,10.);
#1127=VECTOR('',#4100,10.);
#1128=VECTOR('',#4101,10.);
#1129=VECTOR('',#4102,10.);
#1130=VECTOR('',#4103,10.);
#1131=VECTOR('',#4104,10.);
#1132=VECTOR('',#4105,10.);
#1133=VECTOR('',#4106,10.);
#1134=VECTOR('',#4107,10.);
#1135=VECTOR('',#4112,10.);
#1136=VECTOR('',#4115,10.);
#1137=VECTOR('',#4118,10.);
#1138=VECTOR('',#4125,10.);
#1139=VECTOR('',#4126,10.);
#1140=VECTOR('',#4127,10.);
#1141=VECTOR('',#4128,10.);
#1142=VECTOR('',#4129,10.);
#1143=VECTOR('',#4132,10.);
#1144=VECTOR('',#4133,10.);
#1145=VECTOR('',#4134,10.);
#1146=VECTOR('',#4135,10.);
#1147=VECTOR('',#4136,10.);
#1148=VECTOR('',#4137,10.);
#1149=VECTOR('',#4138,10.);
#1150=VECTOR('',#4139,10.);
#1151=VECTOR('',#4140,10.);
#1152=VECTOR('',#4141,10.);
#1153=VECTOR('',#4142,10.);
#1154=VECTOR('',#4143,10.);
#1155=VECTOR('',#4144,10.);
#1156=VECTOR('',#4145,10.);
#1157=VECTOR('',#4146,10.);
#1158=VECTOR('',#4147,10.);
#1159=VECTOR('',#4152,10.);
#1160=VECTOR('',#4155,10.);
#1161=VECTOR('',#4158,10.);
#1162=VECTOR('',#4161,10.);
#1163=VECTOR('',#4162,10.);
#1164=VECTOR('',#4165,10.);
#1165=VECTOR('',#4170,10.);
#1166=VECTOR('',#4171,10.);
#1167=VECTOR('',#4172,10.);
#1168=VECTOR('',#4175,10.);
#1169=VECTOR('',#4176,10.);
#1170=VECTOR('',#4177,10.);
#1171=VECTOR('',#4180,10.);
#1172=VECTOR('',#4185,10.);
#1173=VECTOR('',#4188,10.);
#1174=VECTOR('',#4191,10.);
#1175=VECTOR('',#4194,10.);
#1176=VECTOR('',#4197,10.);
#1177=VECTOR('',#4198,10.);
#1178=VECTOR('',#4203,10.);
#1179=VECTOR('',#4208,10.);
#1180=VECTOR('',#4209,10.);
#1181=VECTOR('',#4214,10.);
#1182=VECTOR('',#4217,10.);
#1183=VECTOR('',#4218,10.);
#1184=VECTOR('',#4221,10.);
#1185=VECTOR('',#4222,10.);
#1186=VECTOR('',#4223,10.);
#1187=VECTOR('',#4226,10.);
#1188=VECTOR('',#4227,10.);
#1189=VECTOR('',#4230,10.);
#1190=VECTOR('',#4231,10.);
#1191=VECTOR('',#4234,10.);
#1192=VECTOR('',#4235,10.);
#1193=VECTOR('',#4236,10.);
#1194=VECTOR('',#4239,10.);
#1195=VECTOR('',#4240,10.);
#1196=VECTOR('',#4241,10.);
#1197=VECTOR('',#4244,10.);
#1198=VECTOR('',#4245,10.);
#1199=VECTOR('',#4246,10.);
#1200=VECTOR('',#4249,10.);
#1201=VECTOR('',#4250,10.);
#1202=VECTOR('',#4251,10.);
#1203=VECTOR('',#4254,10.);
#1204=VECTOR('',#4255,10.);
#1205=VECTOR('',#4256,10.);
#1206=VECTOR('',#4259,10.);
#1207=VECTOR('',#4260,10.);
#1208=VECTOR('',#4263,10.);
#1209=VECTOR('',#4264,10.);
#1210=VECTOR('',#4265,10.);
#1211=VECTOR('',#4268,10.);
#1212=VECTOR('',#4269,10.);
#1213=VECTOR('',#4272,10.);
#1214=VECTOR('',#4287,10.);
#1215=VECTOR('',#4288,10.);
#1216=VECTOR('',#4291,10.);
#1217=VECTOR('',#4292,10.);
#1218=VECTOR('',#4295,10.);
#1219=VECTOR('',#4296,10.);
#1220=VECTOR('',#4299,10.);
#1221=VECTOR('',#4302,10.);
#1222=VECTOR('',#4303,10.);
#1223=VECTOR('',#4304,10.);
#1224=VECTOR('',#4307,10.);
#1225=VECTOR('',#4310,10.);
#1226=VECTOR('',#4311,10.);
#1227=VECTOR('',#4314,10.);
#1228=VECTOR('',#4317,10.);
#1229=VECTOR('',#4318,10.);
#1230=VECTOR('',#4321,10.);
#1231=VECTOR('',#4324,10.);
#1232=VECTOR('',#4327,3.5);
#1233=VECTOR('',#4332,10.);
#1234=VECTOR('',#4335,10.);
#1235=VECTOR('',#4336,10.);
#1236=VECTOR('',#4339,10.);
#1237=VECTOR('',#4340,10.);
#1238=VECTOR('',#4343,10.);
#1239=VECTOR('',#4344,10.);
#1240=VECTOR('',#4347,10.);
#1241=VECTOR('',#4350,10.);
#1242=VECTOR('',#4351,10.);
#1243=VECTOR('',#4354,10.);
#1244=VECTOR('',#4357,10.);
#1245=VECTOR('',#4358,10.);
#1246=VECTOR('',#4359,10.);
#1247=VECTOR('',#4362,10.);
#1248=VECTOR('',#4363,10.);
#1249=VECTOR('',#4366,10.);
#1250=VECTOR('',#4367,10.);
#1251=VECTOR('',#4370,10.);
#1252=VECTOR('',#4385,10.);
#1253=VECTOR('',#4388,10.);
#1254=VECTOR('',#4391,10.);
#1255=VECTOR('',#4392,10.);
#1256=VECTOR('',#4393,10.);
#1257=VECTOR('',#4394,10.);
#1258=VECTOR('',#4401,10.);
#1259=VECTOR('',#4402,10.);
#1260=VECTOR('',#4403,10.);
#1261=VECTOR('',#4404,10.);
#1262=VECTOR('',#4405,10.);
#1263=VECTOR('',#4406,10.);
#1264=VECTOR('',#4407,10.);
#1265=VECTOR('',#4408,10.);
#1266=VECTOR('',#4411,10.);
#1267=VECTOR('',#4412,10.);
#1268=VECTOR('',#4413,10.);
#1269=VECTOR('',#4414,10.);
#1270=VECTOR('',#4415,10.);
#1271=VECTOR('',#4416,10.);
#1272=VECTOR('',#4417,10.);
#1273=VECTOR('',#4418,10.);
#1274=VECTOR('',#4421,10.);
#1275=VECTOR('',#4422,10.);
#1276=VECTOR('',#4423,10.);
#1277=VECTOR('',#4424,10.);
#1278=VECTOR('',#4427,10.);
#1279=VECTOR('',#4428,10.);
#1280=VECTOR('',#4429,10.);
#1281=VECTOR('',#4432,10.);
#1282=VECTOR('',#4433,10.);
#1283=VECTOR('',#4434,10.);
#1284=VECTOR('',#4437,10.);
#1285=VECTOR('',#4438,10.);
#1286=VECTOR('',#4445,1.7);
#1287=VECTOR('',#4446,1.7);
#1288=VECTOR('',#4451,10.);
#1289=VECTOR('',#4452,10.);
#1290=VECTOR('',#4453,10.);
#1291=VECTOR('',#4454,10.);
#1292=VECTOR('',#4457,10.);
#1293=VECTOR('',#4458,10.);
#1294=VECTOR('',#4459,10.);
#1295=VECTOR('',#4462,10.);
#1296=VECTOR('',#4463,10.);
#1297=VECTOR('',#4464,10.);
#1298=VECTOR('',#4467,10.);
#1299=VECTOR('',#4468,10.);
#1300=VECTOR('',#4471,10.);
#1301=VECTOR('',#4472,10.);
#1302=VECTOR('',#4473,10.);
#1303=VECTOR('',#4476,10.);
#1304=VECTOR('',#4477,10.);
#1305=VECTOR('',#4480,10.);
#1306=VECTOR('',#4481,10.);
#1307=VECTOR('',#4484,10.);
#1308=VECTOR('',#4487,10.);
#1309=VECTOR('',#4488,10.);
#1310=VECTOR('',#4489,10.);
#1311=VECTOR('',#4492,10.);
#1312=VECTOR('',#4493,10.);
#1313=VECTOR('',#4496,10.);
#1314=VECTOR('',#4497,10.);
#1315=VECTOR('',#4500,10.);
#1316=VECTOR('',#4503,10.);
#1317=VECTOR('',#4504,10.);
#1318=VECTOR('',#4505,10.);
#1319=VECTOR('',#4508,10.);
#1320=VECTOR('',#4509,10.);
#1321=VECTOR('',#4512,10.);
#1322=VECTOR('',#4513,10.);
#1323=VECTOR('',#4516,10.);
#1324=VECTOR('',#4519,3.5);
#1325=VECTOR('',#4524,10.);
#1326=VECTOR('',#4525,10.);
#1327=VECTOR('',#4526,10.);
#1328=VECTOR('',#4529,10.);
#1329=VECTOR('',#4530,10.);
#1330=VECTOR('',#4533,10.);
#1331=VECTOR('',#4534,10.);
#1332=VECTOR('',#4537,10.);
#1333=VECTOR('',#4540,10.);
#1334=VECTOR('',#4541,10.);
#1335=VECTOR('',#4542,10.);
#1336=VECTOR('',#4543,10.);
#1337=VECTOR('',#4546,10.);
#1338=VECTOR('',#4547,10.);
#1339=VECTOR('',#4548,10.);
#1340=VECTOR('',#4551,10.);
#1341=VECTOR('',#4552,10.);
#1342=VECTOR('',#4553,10.);
#1343=VECTOR('',#4556,10.);
#1344=VECTOR('',#4557,10.);
#1345=VECTOR('',#4560,10.);
#1346=VECTOR('',#4561,10.);
#1347=VECTOR('',#4562,10.);
#1348=VECTOR('',#4563,10.);
#1349=VECTOR('',#4566,10.);
#1350=VECTOR('',#4567,10.);
#1351=VECTOR('',#4568,10.);
#1352=VECTOR('',#4571,10.);
#1353=VECTOR('',#4572,10.);
#1354=VECTOR('',#4573,10.);
#1355=VECTOR('',#4576,10.);
#1356=VECTOR('',#4577,10.);
#1357=VECTOR('',#4580,10.);
#1358=VECTOR('',#4581,10.);
#1359=VECTOR('',#4582,10.);
#1360=VECTOR('',#4585,10.);
#1361=VECTOR('',#4586,10.);
#1362=VECTOR('',#4589,10.);
#1363=VECTOR('',#4590,10.);
#1364=VECTOR('',#4593,10.);
#1365=VECTOR('',#4598,1.7);
#1366=VECTOR('',#4605,1.7);
#1367=VECTOR('',#4612,1.7);
#1368=VECTOR('',#4619,1.7);
#1369=VECTOR('',#4624,10.);
#1370=VECTOR('',#4627,10.);
#1371=VECTOR('',#4630,10.);
#1372=VECTOR('',#4633,10.);
#1373=VECTOR('',#4634,10.);
#1374=VECTOR('',#4637,10.);
#1375=VECTOR('',#4638,10.);
#1376=VECTOR('',#4639,10.);
#1377=VECTOR('',#4642,10.);
#1378=VECTOR('',#4643,10.);
#1379=VECTOR('',#4648,10.);
#1380=VECTOR('',#4651,10.);
#1381=VECTOR('',#4652,10.);
#1382=VECTOR('',#4657,10.);
#1383=VECTOR('',#4660,10.);
#1384=VECTOR('',#4661,10.);
#1385=VECTOR('',#4666,10.);
#1386=VECTOR('',#4669,10.);
#1387=VECTOR('',#4676,1.7);
#1388=VECTOR('',#4683,1.7);
#1389=VECTOR('',#4690,1.7);
#1390=VECTOR('',#4697,1.7);
#1391=VECTOR('',#4704,1.7);
#1392=VECTOR('',#4709,10.);
#1393=VECTOR('',#4710,10.);
#1394=VECTOR('',#4711,10.);
#1395=VECTOR('',#4712,10.);
#1396=VECTOR('',#4719,10.);
#1397=VECTOR('',#4722,10.);
#1398=VECTOR('',#4723,10.);
#1399=VECTOR('',#4724,10.);
#1400=VECTOR('',#4731,10.);
#1401=VECTOR('',#4734,10.);
#1402=VECTOR('',#4735,10.);
#1403=VECTOR('',#4736,10.);
#1404=VECTOR('',#4739,10.);
#1405=VECTOR('',#4740,10.);
#1406=VECTOR('',#4741,10.);
#1407=VECTOR('',#4744,10.);
#1408=VECTOR('',#4745,10.);
#1409=VECTOR('',#4746,10.);
#1410=(
BOUNDED_CURVE()
B_SPLINE_CURVE(3,(#4768,#4769,#4770,#4771),.UNSPECIFIED.,.F.,.F.)
B_SPLINE_CURVE_WITH_KNOTS((4,4),(0.,0.999997166725547),.UNSPECIFIED.)
CURVE()
GEOMETRIC_REPRESENTATION_ITEM()
RATIONAL_B_SPLINE_CURVE((1.,1.,1.,1.))
REPRESENTATION_ITEM('')
);
#1411=(
BOUNDED_CURVE()
B_SPLINE_CURVE(3,(#4775,#4776,#4777,#4778),.UNSPECIFIED.,.F.,.F.)
B_SPLINE_CURVE_WITH_KNOTS((4,4),(-0.999997166725547,0.),.UNSPECIFIED.)
CURVE()
GEOMETRIC_REPRESENTATION_ITEM()
RATIONAL_B_SPLINE_CURVE((1.,1.,1.,1.))
REPRESENTATION_ITEM('')
);
#1412=(
BOUNDED_CURVE()
B_SPLINE_CURVE(3,(#4789,#4790,#4791,#4792),.UNSPECIFIED.,.F.,.F.)
B_SPLINE_CURVE_WITH_KNOTS((4,4),(1.58154872258422E-6,1.),.UNSPECIFIED.)
CURVE()
GEOMETRIC_REPRESENTATION_ITEM()
RATIONAL_B_SPLINE_CURVE((1.,1.,1.,1.))
REPRESENTATION_ITEM('')
);
#1413=(
BOUNDED_CURVE()
B_SPLINE_CURVE(3,(#4794,#4795,#4796,#4797),.UNSPECIFIED.,.F.,.F.)
B_SPLINE_CURVE_WITH_KNOTS((4,4),(-1.,-1.58154872258422E-6),
 .UNSPECIFIED.)
CURVE()
GEOMETRIC_REPRESENTATION_ITEM()
RATIONAL_B_SPLINE_CURVE((1.,1.,1.,1.))
REPRESENTATION_ITEM('')
);
#1414=(
BOUNDED_CURVE()
B_SPLINE_CURVE(3,(#4808,#4809,#4810,#4811),.UNSPECIFIED.,.F.,.F.)
B_SPLINE_CURVE_WITH_KNOTS((4,4),(3.27749872682911E-5,1.),.UNSPECIFIED.)
CURVE()
GEOMETRIC_REPRESENTATION_ITEM()
RATIONAL_B_SPLINE_CURVE((1.,1.,1.,1.))
REPRESENTATION_ITEM('')
);
#1415=(
BOUNDED_CURVE()
B_SPLINE_CURVE(3,(#4813,#4814,#4815,#4816),.UNSPECIFIED.,.F.,.F.)
B_SPLINE_CURVE_WITH_KNOTS((4,4),(-1.,-3.27749872682911E-5),
 .UNSPECIFIED.)
CURVE()
GEOMETRIC_REPRESENTATION_ITEM()
RATIONAL_B_SPLINE_CURVE((1.,1.,1.,1.))
REPRESENTATION_ITEM('')
);
#1416=(
BOUNDED_CURVE()
B_SPLINE_CURVE(3,(#4827,#4828,#4829,#4830),.UNSPECIFIED.,.F.,.F.)
B_SPLINE_CURVE_WITH_KNOTS((4,4),(1.25047659921926E-6,1.),.UNSPECIFIED.)
CURVE()
GEOMETRIC_REPRESENTATION_ITEM()
RATIONAL_B_SPLINE_CURVE((1.,1.,1.,1.))
REPRESENTATION_ITEM('')
);
#1417=(
BOUNDED_CURVE()
B_SPLINE_CURVE(3,(#4832,#4833,#4834,#4835),.UNSPECIFIED.,.F.,.F.)
B_SPLINE_CURVE_WITH_KNOTS((4,4),(-1.,-1.25047659921926E-6),
 .UNSPECIFIED.)
CURVE()
GEOMETRIC_REPRESENTATION_ITEM()
RATIONAL_B_SPLINE_CURVE((1.,1.,1.,1.))
REPRESENTATION_ITEM('')
);
#1418=(
BOUNDED_CURVE()
B_SPLINE_CURVE(3,(#4846,#4847,#4848,#4849),.UNSPECIFIED.,.F.,.F.)
B_SPLINE_CURVE_WITH_KNOTS((4,4),(1.06405413832633E-6,1.),.UNSPECIFIED.)
CURVE()
GEOMETRIC_REPRESENTATION_ITEM()
RATIONAL_B_SPLINE_CURVE((1.,1.,1.,1.))
REPRESENTATION_ITEM('')
);
#1419=(
BOUNDED_CURVE()
B_SPLINE_CURVE(3,(#4851,#4852,#4853,#4854),.UNSPECIFIED.,.F.,.F.)
B_SPLINE_CURVE_WITH_KNOTS((4,4),(-1.,-1.06405413832633E-6),
 .UNSPECIFIED.)
CURVE()
GEOMETRIC_REPRESENTATION_ITEM()
RATIONAL_B_SPLINE_CURVE((1.,1.,1.,1.))
REPRESENTATION_ITEM('')
);
#1420=(
BOUNDED_CURVE()
B_SPLINE_CURVE(3,(#4865,#4866,#4867,#4868),.UNSPECIFIED.,.F.,.F.)
B_SPLINE_CURVE_WITH_KNOTS((4,4),(2.8325393225361E-6,1.),.UNSPECIFIED.)
CURVE()
GEOMETRIC_REPRESENTATION_ITEM()
RATIONAL_B_SPLINE_CURVE((1.,1.,1.,1.))
REPRESENTATION_ITEM('')
);
#1421=(
BOUNDED_CURVE()
B_SPLINE_CURVE(3,(#4870,#4871,#4872,#4873),.UNSPECIFIED.,.F.,.F.)
B_SPLINE_CURVE_WITH_KNOTS((4,4),(-1.,-2.8325393225361E-6),.UNSPECIFIED.)
CURVE()
GEOMETRIC_REPRESENTATION_ITEM()
RATIONAL_B_SPLINE_CURVE((1.,1.,1.,1.))
REPRESENTATION_ITEM('')
);
#1422=(
BOUNDED_CURVE()
B_SPLINE_CURVE(3,(#4884,#4885,#4886,#4887),.UNSPECIFIED.,.F.,.F.)
B_SPLINE_CURVE_WITH_KNOTS((4,4),(3.54373511180786E-6,0.99999405452433),
 .UNSPECIFIED.)
CURVE()
GEOMETRIC_REPRESENTATION_ITEM()
RATIONAL_B_SPLINE_CURVE((1.,1.,1.,1.))
REPRESENTATION_ITEM('')
);
#1423=(
BOUNDED_CURVE()
B_SPLINE_CURVE(3,(#4889,#4890,#4891,#4892),.UNSPECIFIED.,.F.,.F.)
B_SPLINE_CURVE_WITH_KNOTS((4,4),(-0.99999405452433,-3.54373511180786E-6),
 .UNSPECIFIED.)
CURVE()
GEOMETRIC_REPRESENTATION_ITEM()
RATIONAL_B_SPLINE_CURVE((1.,1.,1.,1.))
REPRESENTATION_ITEM('')
);
#1424=(
BOUNDED_CURVE()
B_SPLINE_CURVE(3,(#4903,#4904,#4905,#4906),.UNSPECIFIED.,.F.,.F.)
B_SPLINE_CURVE_WITH_KNOTS((4,4),(0.,0.999998858683288),.UNSPECIFIED.)
CURVE()
GEOMETRIC_REPRESENTATION_ITEM()
RATIONAL_B_SPLINE_CURVE((1.,1.,1.,1.))
REPRESENTATION_ITEM('')
);
#1425=(
BOUNDED_CURVE()
B_SPLINE_CURVE(3,(#4908,#4909,#4910,#4911),.UNSPECIFIED.,.F.,.F.)
B_SPLINE_CURVE_WITH_KNOTS((4,4),(-0.999998858683288,0.),.UNSPECIFIED.)
CURVE()
GEOMETRIC_REPRESENTATION_ITEM()
RATIONAL_B_SPLINE_CURVE((1.,1.,1.,1.))
REPRESENTATION_ITEM('')
);
#1426=(
BOUNDED_CURVE()
B_SPLINE_CURVE(3,(#4922,#4923,#4924,#4925),.UNSPECIFIED.,.F.,.F.)
B_SPLINE_CURVE_WITH_KNOTS((4,4),(0.,0.999976668933131),.UNSPECIFIED.)
CURVE()
GEOMETRIC_REPRESENTATION_ITEM()
RATIONAL_B_SPLINE_CURVE((1.,1.,1.,1.))
REPRESENTATION_ITEM('')
);
#1427=(
BOUNDED_CURVE()
B_SPLINE_CURVE(3,(#4927,#4928,#4929,#4930),.UNSPECIFIED.,.F.,.F.)
B_SPLINE_CURVE_WITH_KNOTS((4,4),(-0.999976668933131,0.),.UNSPECIFIED.)
CURVE()
GEOMETRIC_REPRESENTATION_ITEM()
RATIONAL_B_SPLINE_CURVE((1.,1.,1.,1.))
REPRESENTATION_ITEM('')
);
#1428=(
BOUNDED_CURVE()
B_SPLINE_CURVE(3,(#4941,#4942,#4943,#4944),.UNSPECIFIED.,.F.,.F.)
B_SPLINE_CURVE_WITH_KNOTS((4,4),(0.,1.),.UNSPECIFIED.)
CURVE()
GEOMETRIC_REPRESENTATION_ITEM()
RATIONAL_B_SPLINE_CURVE((1.,1.,1.,1.))
REPRESENTATION_ITEM('')
);
#1429=(
BOUNDED_CURVE()
B_SPLINE_CURVE(3,(#4946,#4947,#4948,#4949),.UNSPECIFIED.,.F.,.F.)
B_SPLINE_CURVE_WITH_KNOTS((4,4),(-1.,0.),.UNSPECIFIED.)
CURVE()
GEOMETRIC_REPRESENTATION_ITEM()
RATIONAL_B_SPLINE_CURVE((1.,1.,1.,1.))
REPRESENTATION_ITEM('')
);
#1430=(
BOUNDED_CURVE()
B_SPLINE_CURVE(3,(#4960,#4961,#4962,#4963),.UNSPECIFIED.,.F.,.F.)
B_SPLINE_CURVE_WITH_KNOTS((4,4),(1.21145560507271E-6,1.),.UNSPECIFIED.)
CURVE()
GEOMETRIC_REPRESENTATION_ITEM()
RATIONAL_B_SPLINE_CURVE((1.,1.,1.,1.))
REPRESENTATION_ITEM('')
);
#1431=(
BOUNDED_CURVE()
B_SPLINE_CURVE(3,(#4965,#4966,#4967,#4968),.UNSPECIFIED.,.F.,.F.)
B_SPLINE_CURVE_WITH_KNOTS((4,4),(-1.,-1.21145560507271E-6),
 .UNSPECIFIED.)
CURVE()
GEOMETRIC_REPRESENTATION_ITEM()
RATIONAL_B_SPLINE_CURVE((1.,1.,1.,1.))
REPRESENTATION_ITEM('')
);
#1432=(
BOUNDED_CURVE()
B_SPLINE_CURVE(3,(#4979,#4980,#4981,#4982),.UNSPECIFIED.,.F.,.F.)
B_SPLINE_CURVE_WITH_KNOTS((4,4),(1.71291557312265E-6,0.999998531923892),
 .UNSPECIFIED.)
CURVE()
GEOMETRIC_REPRESENTATION_ITEM()
RATIONAL_B_SPLINE_CURVE((1.,1.,1.,1.))
REPRESENTATION_ITEM('')
);
#1433=(
BOUNDED_CURVE()
B_SPLINE_CURVE(3,(#4984,#4985,#4986,#4987),.UNSPECIFIED.,.F.,.F.)
B_SPLINE_CURVE_WITH_KNOTS((4,4),(-0.999998531923892,-1.71291557312265E-6),
 .UNSPECIFIED.)
CURVE()
GEOMETRIC_REPRESENTATION_ITEM()
RATIONAL_B_SPLINE_CURVE((1.,1.,1.,1.))
REPRESENTATION_ITEM('')
);
#1434=(
BOUNDED_CURVE()
B_SPLINE_CURVE(3,(#4998,#4999,#5000,#5001),.UNSPECIFIED.,.F.,.F.)
B_SPLINE_CURVE_WITH_KNOTS((4,4),(0.,1.),.UNSPECIFIED.)
CURVE()
GEOMETRIC_REPRESENTATION_ITEM()
RATIONAL_B_SPLINE_CURVE((1.,1.,1.,1.))
REPRESENTATION_ITEM('')
);
#1435=(
BOUNDED_CURVE()
B_SPLINE_CURVE(3,(#5003,#5004,#5005,#5006),.UNSPECIFIED.,.F.,.F.)
B_SPLINE_CURVE_WITH_KNOTS((4,4),(-1.,0.),.UNSPECIFIED.)
CURVE()
GEOMETRIC_REPRESENTATION_ITEM()
RATIONAL_B_SPLINE_CURVE((1.,1.,1.,1.))
REPRESENTATION_ITEM('')
);
#1436=(
BOUNDED_CURVE()
B_SPLINE_CURVE(3,(#5016,#5017,#5018,#5019),.UNSPECIFIED.,.F.,.F.)
B_SPLINE_CURVE_WITH_KNOTS((4,4),(0.,1.),.UNSPECIFIED.)
CURVE()
GEOMETRIC_REPRESENTATION_ITEM()
RATIONAL_B_SPLINE_CURVE((1.,1.,1.,1.))
REPRESENTATION_ITEM('')
);
#1437=(
BOUNDED_CURVE()
B_SPLINE_CURVE(3,(#5020,#5021,#5022,#5023),.UNSPECIFIED.,.F.,.F.)
B_SPLINE_CURVE_WITH_KNOTS((4,4),(-1.,0.),.UNSPECIFIED.)
CURVE()
GEOMETRIC_REPRESENTATION_ITEM()
RATIONAL_B_SPLINE_CURVE((1.,1.,1.,1.))
REPRESENTATION_ITEM('')
);
#1438=(
BOUNDED_CURVE()
B_SPLINE_CURVE(3,(#5035,#5036,#5037,#5038),.UNSPECIFIED.,.F.,.F.)
B_SPLINE_CURVE_WITH_KNOTS((4,4),(3.17273422784158E-5,1.),.UNSPECIFIED.)
CURVE()
GEOMETRIC_REPRESENTATION_ITEM()
RATIONAL_B_SPLINE_CURVE((1.,1.,1.,1.))
REPRESENTATION_ITEM('')
);
#1439=(
BOUNDED_CURVE()
B_SPLINE_CURVE(3,(#5042,#5043,#5044,#5045),.UNSPECIFIED.,.F.,.F.)
B_SPLINE_CURVE_WITH_KNOTS((4,4),(-1.,-3.17273422784158E-5),
 .UNSPECIFIED.)
CURVE()
GEOMETRIC_REPRESENTATION_ITEM()
RATIONAL_B_SPLINE_CURVE((1.,1.,1.,1.))
REPRESENTATION_ITEM('')
);
#1440=(
BOUNDED_CURVE()
B_SPLINE_CURVE(3,(#5056,#5057,#5058,#5059),.UNSPECIFIED.,.F.,.F.)
B_SPLINE_CURVE_WITH_KNOTS((4,4),(0.,1.),.UNSPECIFIED.)
CURVE()
GEOMETRIC_REPRESENTATION_ITEM()
RATIONAL_B_SPLINE_CURVE((1.,1.,1.,1.))
REPRESENTATION_ITEM('')
);
#1441=(
BOUNDED_CURVE()
B_SPLINE_CURVE(3,(#5061,#5062,#5063,#5064),.UNSPECIFIED.,.F.,.F.)
B_SPLINE_CURVE_WITH_KNOTS((4,4),(-1.,0.),.UNSPECIFIED.)
CURVE()
GEOMETRIC_REPRESENTATION_ITEM()
RATIONAL_B_SPLINE_CURVE((1.,1.,1.,1.))
REPRESENTATION_ITEM('')
);
#1442=(
BOUNDED_CURVE()
B_SPLINE_CURVE(3,(#5075,#5076,#5077,#5078),.UNSPECIFIED.,.F.,.F.)
B_SPLINE_CURVE_WITH_KNOTS((4,4),(0.,0.999967613837425),.UNSPECIFIED.)
CURVE()
GEOMETRIC_REPRESENTATION_ITEM()
RATIONAL_B_SPLINE_CURVE((1.,1.,1.,1.))
REPRESENTATION_ITEM('')
);
#1443=(
BOUNDED_CURVE()
B_SPLINE_CURVE(3,(#5080,#5081,#5082,#5083),.UNSPECIFIED.,.F.,.F.)
B_SPLINE_CURVE_WITH_KNOTS((4,4),(-0.999967613837425,0.),.UNSPECIFIED.)
CURVE()
GEOMETRIC_REPRESENTATION_ITEM()
RATIONAL_B_SPLINE_CURVE((1.,1.,1.,1.))
REPRESENTATION_ITEM('')
);
#1444=(
BOUNDED_CURVE()
B_SPLINE_CURVE(3,(#5094,#5095,#5096,#5097),.UNSPECIFIED.,.F.,.F.)
B_SPLINE_CURVE_WITH_KNOTS((4,4),(0.,1.),.UNSPECIFIED.)
CURVE()
GEOMETRIC_REPRESENTATION_ITEM()
RATIONAL_B_SPLINE_CURVE((1.,1.,1.,1.))
REPRESENTATION_ITEM('')
);
#1445=(
BOUNDED_CURVE()
B_SPLINE_CURVE(3,(#5099,#5100,#5101,#5102),.UNSPECIFIED.,.F.,.F.)
B_SPLINE_CURVE_WITH_KNOTS((4,4),(-1.,0.),.UNSPECIFIED.)
CURVE()
GEOMETRIC_REPRESENTATION_ITEM()
RATIONAL_B_SPLINE_CURVE((1.,1.,1.,1.))
REPRESENTATION_ITEM('')
);
#1446=(
BOUNDED_CURVE()
B_SPLINE_CURVE(3,(#5113,#5114,#5115,#5116),.UNSPECIFIED.,.F.,.F.)
B_SPLINE_CURVE_WITH_KNOTS((4,4),(0.,0.999994066902872),.UNSPECIFIED.)
CURVE()
GEOMETRIC_REPRESENTATION_ITEM()
RATIONAL_B_SPLINE_CURVE((1.,1.,1.,1.))
REPRESENTATION_ITEM('')
);
#1447=(
BOUNDED_CURVE()
B_SPLINE_CURVE(3,(#5118,#5119,#5120,#5121),.UNSPECIFIED.,.F.,.F.)
B_SPLINE_CURVE_WITH_KNOTS((4,4),(-0.999994066902872,0.),.UNSPECIFIED.)
CURVE()
GEOMETRIC_REPRESENTATION_ITEM()
RATIONAL_B_SPLINE_CURVE((1.,1.,1.,1.))
REPRESENTATION_ITEM('')
);
#1448=(
BOUNDED_CURVE()
B_SPLINE_CURVE(3,(#5132,#5133,#5134,#5135),.UNSPECIFIED.,.F.,.F.)
B_SPLINE_CURVE_WITH_KNOTS((4,4),(0.,1.),.UNSPECIFIED.)
CURVE()
GEOMETRIC_REPRESENTATION_ITEM()
RATIONAL_B_SPLINE_CURVE((1.,1.,1.,1.))
REPRESENTATION_ITEM('')
);
#1449=(
BOUNDED_CURVE()
B_SPLINE_CURVE(3,(#5137,#5138,#5139,#5140),.UNSPECIFIED.,.F.,.F.)
B_SPLINE_CURVE_WITH_KNOTS((4,4),(-1.,0.),.UNSPECIFIED.)
CURVE()
GEOMETRIC_REPRESENTATION_ITEM()
RATIONAL_B_SPLINE_CURVE((1.,1.,1.,1.))
REPRESENTATION_ITEM('')
);
#1450=(
BOUNDED_CURVE()
B_SPLINE_CURVE(3,(#5151,#5152,#5153,#5154),.UNSPECIFIED.,.F.,.F.)
B_SPLINE_CURVE_WITH_KNOTS((4,4),(1.0326094084245E-5,1.),.UNSPECIFIED.)
CURVE()
GEOMETRIC_REPRESENTATION_ITEM()
RATIONAL_B_SPLINE_CURVE((1.,1.,1.,1.))
REPRESENTATION_ITEM('')
);
#1451=(
BOUNDED_CURVE()
B_SPLINE_CURVE(3,(#5156,#5157,#5158,#5159),.UNSPECIFIED.,.F.,.F.)
B_SPLINE_CURVE_WITH_KNOTS((4,4),(-1.,-1.0326094084245E-5),.UNSPECIFIED.)
CURVE()
GEOMETRIC_REPRESENTATION_ITEM()
RATIONAL_B_SPLINE_CURVE((1.,1.,1.,1.))
REPRESENTATION_ITEM('')
);
#1452=(
BOUNDED_CURVE()
B_SPLINE_CURVE(3,(#5170,#5171,#5172,#5173),.UNSPECIFIED.,.F.,.F.)
B_SPLINE_CURVE_WITH_KNOTS((4,4),(3.32865304513195E-5,1.),.UNSPECIFIED.)
CURVE()
GEOMETRIC_REPRESENTATION_ITEM()
RATIONAL_B_SPLINE_CURVE((1.,1.,1.,1.))
REPRESENTATION_ITEM('')
);
#1453=(
BOUNDED_CURVE()
B_SPLINE_CURVE(3,(#5175,#5176,#5177,#5178),.UNSPECIFIED.,.F.,.F.)
B_SPLINE_CURVE_WITH_KNOTS((4,4),(-1.,-3.32865304513195E-5),
 .UNSPECIFIED.)
CURVE()
GEOMETRIC_REPRESENTATION_ITEM()
RATIONAL_B_SPLINE_CURVE((1.,1.,1.,1.))
REPRESENTATION_ITEM('')
);
#1454=(
BOUNDED_CURVE()
B_SPLINE_CURVE(3,(#5188,#5189,#5190,#5191),.UNSPECIFIED.,.F.,.F.)
B_SPLINE_CURVE_WITH_KNOTS((4,4),(0.,1.),.UNSPECIFIED.)
CURVE()
GEOMETRIC_REPRESENTATION_ITEM()
RATIONAL_B_SPLINE_CURVE((1.,1.,1.,1.))
REPRESENTATION_ITEM('')
);
#1455=(
BOUNDED_CURVE()
B_SPLINE_CURVE(3,(#5192,#5193,#5194,#5195),.UNSPECIFIED.,.F.,.F.)
B_SPLINE_CURVE_WITH_KNOTS((4,4),(-1.,0.),.UNSPECIFIED.)
CURVE()
GEOMETRIC_REPRESENTATION_ITEM()
RATIONAL_B_SPLINE_CURVE((1.,1.,1.,1.))
REPRESENTATION_ITEM('')
);
#1456=(
BOUNDED_CURVE()
B_SPLINE_CURVE(3,(#5207,#5208,#5209,#5210),.UNSPECIFIED.,.F.,.F.)
B_SPLINE_CURVE_WITH_KNOTS((4,4),(0.,1.),.UNSPECIFIED.)
CURVE()
GEOMETRIC_REPRESENTATION_ITEM()
RATIONAL_B_SPLINE_CURVE((1.,1.,1.,1.))
REPRESENTATION_ITEM('')
);
#1457=(
BOUNDED_CURVE()
B_SPLINE_CURVE(3,(#5214,#5215,#5216,#5217),.UNSPECIFIED.,.F.,.F.)
B_SPLINE_CURVE_WITH_KNOTS((4,4),(-1.,0.),.UNSPECIFIED.)
CURVE()
GEOMETRIC_REPRESENTATION_ITEM()
RATIONAL_B_SPLINE_CURVE((1.,1.,1.,1.))
REPRESENTATION_ITEM('')
);
#1458=(
BOUNDED_CURVE()
B_SPLINE_CURVE(3,(#5228,#5229,#5230,#5231),.UNSPECIFIED.,.F.,.F.)
B_SPLINE_CURVE_WITH_KNOTS((4,4),(0.,1.),.UNSPECIFIED.)
CURVE()
GEOMETRIC_REPRESENTATION_ITEM()
RATIONAL_B_SPLINE_CURVE((1.,1.,1.,1.))
REPRESENTATION_ITEM('')
);
#1459=(
BOUNDED_CURVE()
B_SPLINE_CURVE(3,(#5233,#5234,#5235,#5236),.UNSPECIFIED.,.F.,.F.)
B_SPLINE_CURVE_WITH_KNOTS((4,4),(-1.,0.),.UNSPECIFIED.)
CURVE()
GEOMETRIC_REPRESENTATION_ITEM()
RATIONAL_B_SPLINE_CURVE((1.,1.,1.,1.))
REPRESENTATION_ITEM('')
);
#1460=(
BOUNDED_CURVE()
B_SPLINE_CURVE(3,(#5247,#5248,#5249,#5250),.UNSPECIFIED.,.F.,.F.)
B_SPLINE_CURVE_WITH_KNOTS((4,4),(0.,1.),.UNSPECIFIED.)
CURVE()
GEOMETRIC_REPRESENTATION_ITEM()
RATIONAL_B_SPLINE_CURVE((1.,1.,1.,1.))
REPRESENTATION_ITEM('')
);
#1461=(
BOUNDED_CURVE()
B_SPLINE_CURVE(3,(#5252,#5253,#5254,#5255),.UNSPECIFIED.,.F.,.F.)
B_SPLINE_CURVE_WITH_KNOTS((4,4),(-1.,0.),.UNSPECIFIED.)
CURVE()
GEOMETRIC_REPRESENTATION_ITEM()
RATIONAL_B_SPLINE_CURVE((1.,1.,1.,1.))
REPRESENTATION_ITEM('')
);
#1462=(
BOUNDED_CURVE()
B_SPLINE_CURVE(3,(#5266,#5267,#5268,#5269),.UNSPECIFIED.,.F.,.F.)
B_SPLINE_CURVE_WITH_KNOTS((4,4),(0.,1.),.UNSPECIFIED.)
CURVE()
GEOMETRIC_REPRESENTATION_ITEM()
RATIONAL_B_SPLINE_CURVE((1.,1.,1.,1.))
REPRESENTATION_ITEM('')
);
#1463=(
BOUNDED_CURVE()
B_SPLINE_CURVE(3,(#5271,#5272,#5273,#5274),.UNSPECIFIED.,.F.,.F.)
B_SPLINE_CURVE_WITH_KNOTS((4,4),(-1.,0.),.UNSPECIFIED.)
CURVE()
GEOMETRIC_REPRESENTATION_ITEM()
RATIONAL_B_SPLINE_CURVE((1.,1.,1.,1.))
REPRESENTATION_ITEM('')
);
#1464=(
BOUNDED_CURVE()
B_SPLINE_CURVE(3,(#5285,#5286,#5287,#5288),.UNSPECIFIED.,.F.,.F.)
B_SPLINE_CURVE_WITH_KNOTS((4,4),(0.,1.),.UNSPECIFIED.)
CURVE()
GEOMETRIC_REPRESENTATION_ITEM()
RATIONAL_B_SPLINE_CURVE((1.,1.,1.,1.))
REPRESENTATION_ITEM('')
);
#1465=(
BOUNDED_CURVE()
B_SPLINE_CURVE(3,(#5290,#5291,#5292,#5293),.UNSPECIFIED.,.F.,.F.)
B_SPLINE_CURVE_WITH_KNOTS((4,4),(-1.,0.),.UNSPECIFIED.)
CURVE()
GEOMETRIC_REPRESENTATION_ITEM()
RATIONAL_B_SPLINE_CURVE((1.,1.,1.,1.))
REPRESENTATION_ITEM('')
);
#1466=(
BOUNDED_CURVE()
B_SPLINE_CURVE(3,(#5304,#5305,#5306,#5307),.UNSPECIFIED.,.F.,.F.)
B_SPLINE_CURVE_WITH_KNOTS((4,4),(0.,1.),.UNSPECIFIED.)
CURVE()
GEOMETRIC_REPRESENTATION_ITEM()
RATIONAL_B_SPLINE_CURVE((1.,1.,1.,1.))
REPRESENTATION_ITEM('')
);
#1467=(
BOUNDED_CURVE()
B_SPLINE_CURVE(3,(#5309,#5310,#5311,#5312),.UNSPECIFIED.,.F.,.F.)
B_SPLINE_CURVE_WITH_KNOTS((4,4),(-1.,0.),.UNSPECIFIED.)
CURVE()
GEOMETRIC_REPRESENTATION_ITEM()
RATIONAL_B_SPLINE_CURVE((1.,1.,1.,1.))
REPRESENTATION_ITEM('')
);
#1468=(
BOUNDED_CURVE()
B_SPLINE_CURVE(3,(#5323,#5324,#5325,#5326),.UNSPECIFIED.,.F.,.F.)
B_SPLINE_CURVE_WITH_KNOTS((4,4),(0.,1.),.UNSPECIFIED.)
CURVE()
GEOMETRIC_REPRESENTATION_ITEM()
RATIONAL_B_SPLINE_CURVE((1.,1.,1.,1.))
REPRESENTATION_ITEM('')
);
#1469=(
BOUNDED_CURVE()
B_SPLINE_CURVE(3,(#5328,#5329,#5330,#5331),.UNSPECIFIED.,.F.,.F.)
B_SPLINE_CURVE_WITH_KNOTS((4,4),(-1.,0.),.UNSPECIFIED.)
CURVE()
GEOMETRIC_REPRESENTATION_ITEM()
RATIONAL_B_SPLINE_CURVE((1.,1.,1.,1.))
REPRESENTATION_ITEM('')
);
#1470=(
BOUNDED_CURVE()
B_SPLINE_CURVE(3,(#5341,#5342,#5343,#5344),.UNSPECIFIED.,.F.,.F.)
B_SPLINE_CURVE_WITH_KNOTS((4,4),(0.,1.),.UNSPECIFIED.)
CURVE()
GEOMETRIC_REPRESENTATION_ITEM()
RATIONAL_B_SPLINE_CURVE((1.,1.,1.,1.))
REPRESENTATION_ITEM('')
);
#1471=(
BOUNDED_CURVE()
B_SPLINE_CURVE(3,(#5345,#5346,#5347,#5348),.UNSPECIFIED.,.F.,.F.)
B_SPLINE_CURVE_WITH_KNOTS((4,4),(-1.,0.),.UNSPECIFIED.)
CURVE()
GEOMETRIC_REPRESENTATION_ITEM()
RATIONAL_B_SPLINE_CURVE((1.,1.,1.,1.))
REPRESENTATION_ITEM('')
);
#1472=(
BOUNDED_CURVE()
B_SPLINE_CURVE(3,(#5359,#5360,#5361,#5362),.UNSPECIFIED.,.F.,.F.)
B_SPLINE_CURVE_WITH_KNOTS((4,4),(0.,1.),.UNSPECIFIED.)
CURVE()
GEOMETRIC_REPRESENTATION_ITEM()
RATIONAL_B_SPLINE_CURVE((1.,1.,1.,1.))
REPRESENTATION_ITEM('')
);
#1473=(
BOUNDED_CURVE()
B_SPLINE_CURVE(3,(#5366,#5367,#5368,#5369),.UNSPECIFIED.,.F.,.F.)
B_SPLINE_CURVE_WITH_KNOTS((4,4),(-1.,0.),.UNSPECIFIED.)
CURVE()
GEOMETRIC_REPRESENTATION_ITEM()
RATIONAL_B_SPLINE_CURVE((1.,1.,1.,1.))
REPRESENTATION_ITEM('')
);
#1474=(
BOUNDED_CURVE()
B_SPLINE_CURVE(3,(#5380,#5381,#5382,#5383),.UNSPECIFIED.,.F.,.F.)
B_SPLINE_CURVE_WITH_KNOTS((4,4),(0.,1.),.UNSPECIFIED.)
CURVE()
GEOMETRIC_REPRESENTATION_ITEM()
RATIONAL_B_SPLINE_CURVE((1.,1.,1.,1.))
REPRESENTATION_ITEM('')
);
#1475=(
BOUNDED_CURVE()
B_SPLINE_CURVE(3,(#5385,#5386,#5387,#5388),.UNSPECIFIED.,.F.,.F.)
B_SPLINE_CURVE_WITH_KNOTS((4,4),(-1.,0.),.UNSPECIFIED.)
CURVE()
GEOMETRIC_REPRESENTATION_ITEM()
RATIONAL_B_SPLINE_CURVE((1.,1.,1.,1.))
REPRESENTATION_ITEM('')
);
#1476=(
BOUNDED_CURVE()
B_SPLINE_CURVE(3,(#5399,#5400,#5401,#5402),.UNSPECIFIED.,.F.,.F.)
B_SPLINE_CURVE_WITH_KNOTS((4,4),(0.,1.),.UNSPECIFIED.)
CURVE()
GEOMETRIC_REPRESENTATION_ITEM()
RATIONAL_B_SPLINE_CURVE((1.,1.,1.,1.))
REPRESENTATION_ITEM('')
);
#1477=(
BOUNDED_CURVE()
B_SPLINE_CURVE(3,(#5404,#5405,#5406,#5407),.UNSPECIFIED.,.F.,.F.)
B_SPLINE_CURVE_WITH_KNOTS((4,4),(-1.,0.),.UNSPECIFIED.)
CURVE()
GEOMETRIC_REPRESENTATION_ITEM()
RATIONAL_B_SPLINE_CURVE((1.,1.,1.,1.))
REPRESENTATION_ITEM('')
);
#1478=(
BOUNDED_CURVE()
B_SPLINE_CURVE(3,(#5418,#5419,#5420,#5421),.UNSPECIFIED.,.F.,.F.)
B_SPLINE_CURVE_WITH_KNOTS((4,4),(0.,1.),.UNSPECIFIED.)
CURVE()
GEOMETRIC_REPRESENTATION_ITEM()
RATIONAL_B_SPLINE_CURVE((1.,1.,1.,1.))
REPRESENTATION_ITEM('')
);
#1479=(
BOUNDED_CURVE()
B_SPLINE_CURVE(3,(#5423,#5424,#5425,#5426),.UNSPECIFIED.,.F.,.F.)
B_SPLINE_CURVE_WITH_KNOTS((4,4),(-1.,0.),.UNSPECIFIED.)
CURVE()
GEOMETRIC_REPRESENTATION_ITEM()
RATIONAL_B_SPLINE_CURVE((1.,1.,1.,1.))
REPRESENTATION_ITEM('')
);
#1480=(
BOUNDED_CURVE()
B_SPLINE_CURVE(3,(#5437,#5438,#5439,#5440),.UNSPECIFIED.,.F.,.F.)
B_SPLINE_CURVE_WITH_KNOTS((4,4),(0.,1.),.UNSPECIFIED.)
CURVE()
GEOMETRIC_REPRESENTATION_ITEM()
RATIONAL_B_SPLINE_CURVE((1.,1.,1.,1.))
REPRESENTATION_ITEM('')
);
#1481=(
BOUNDED_CURVE()
B_SPLINE_CURVE(3,(#5442,#5443,#5444,#5445),.UNSPECIFIED.,.F.,.F.)
B_SPLINE_CURVE_WITH_KNOTS((4,4),(-1.,0.),.UNSPECIFIED.)
CURVE()
GEOMETRIC_REPRESENTATION_ITEM()
RATIONAL_B_SPLINE_CURVE((1.,1.,1.,1.))
REPRESENTATION_ITEM('')
);
#1482=(
BOUNDED_CURVE()
B_SPLINE_CURVE(3,(#5456,#5457,#5458,#5459),.UNSPECIFIED.,.F.,.F.)
B_SPLINE_CURVE_WITH_KNOTS((4,4),(0.,1.),.UNSPECIFIED.)
CURVE()
GEOMETRIC_REPRESENTATION_ITEM()
RATIONAL_B_SPLINE_CURVE((1.,1.,1.,1.))
REPRESENTATION_ITEM('')
);
#1483=(
BOUNDED_CURVE()
B_SPLINE_CURVE(3,(#5461,#5462,#5463,#5464),.UNSPECIFIED.,.F.,.F.)
B_SPLINE_CURVE_WITH_KNOTS((4,4),(-1.,0.),.UNSPECIFIED.)
CURVE()
GEOMETRIC_REPRESENTATION_ITEM()
RATIONAL_B_SPLINE_CURVE((1.,1.,1.,1.))
REPRESENTATION_ITEM('')
);
#1484=(
BOUNDED_CURVE()
B_SPLINE_CURVE(3,(#5475,#5476,#5477,#5478),.UNSPECIFIED.,.F.,.F.)
B_SPLINE_CURVE_WITH_KNOTS((4,4),(0.,1.),.UNSPECIFIED.)
CURVE()
GEOMETRIC_REPRESENTATION_ITEM()
RATIONAL_B_SPLINE_CURVE((1.,1.,1.,1.))
REPRESENTATION_ITEM('')
);
#1485=(
BOUNDED_CURVE()
B_SPLINE_CURVE(3,(#5480,#5481,#5482,#5483),.UNSPECIFIED.,.F.,.F.)
B_SPLINE_CURVE_WITH_KNOTS((4,4),(-1.,0.),.UNSPECIFIED.)
CURVE()
GEOMETRIC_REPRESENTATION_ITEM()
RATIONAL_B_SPLINE_CURVE((1.,1.,1.,1.))
REPRESENTATION_ITEM('')
);
#1486=(
BOUNDED_CURVE()
B_SPLINE_CURVE(3,(#5494,#5495,#5496,#5497),.UNSPECIFIED.,.F.,.F.)
B_SPLINE_CURVE_WITH_KNOTS((4,4),(0.,1.),.UNSPECIFIED.)
CURVE()
GEOMETRIC_REPRESENTATION_ITEM()
RATIONAL_B_SPLINE_CURVE((1.,1.,1.,1.))
REPRESENTATION_ITEM('')
);
#1487=(
BOUNDED_CURVE()
B_SPLINE_CURVE(3,(#5499,#5500,#5501,#5502),.UNSPECIFIED.,.F.,.F.)
B_SPLINE_CURVE_WITH_KNOTS((4,4),(-1.,0.),.UNSPECIFIED.)
CURVE()
GEOMETRIC_REPRESENTATION_ITEM()
RATIONAL_B_SPLINE_CURVE((1.,1.,1.,1.))
REPRESENTATION_ITEM('')
);
#1488=(
BOUNDED_CURVE()
B_SPLINE_CURVE(3,(#5513,#5514,#5515,#5516),.UNSPECIFIED.,.F.,.F.)
B_SPLINE_CURVE_WITH_KNOTS((4,4),(0.,1.),.UNSPECIFIED.)
CURVE()
GEOMETRIC_REPRESENTATION_ITEM()
RATIONAL_B_SPLINE_CURVE((1.,1.,1.,1.))
REPRESENTATION_ITEM('')
);
#1489=(
BOUNDED_CURVE()
B_SPLINE_CURVE(3,(#5518,#5519,#5520,#5521),.UNSPECIFIED.,.F.,.F.)
B_SPLINE_CURVE_WITH_KNOTS((4,4),(-1.,0.),.UNSPECIFIED.)
CURVE()
GEOMETRIC_REPRESENTATION_ITEM()
RATIONAL_B_SPLINE_CURVE((1.,1.,1.,1.))
REPRESENTATION_ITEM('')
);
#1490=(
BOUNDED_CURVE()
B_SPLINE_CURVE(3,(#5532,#5533,#5534,#5535),.UNSPECIFIED.,.F.,.F.)
B_SPLINE_CURVE_WITH_KNOTS((4,4),(0.,1.),.UNSPECIFIED.)
CURVE()
GEOMETRIC_REPRESENTATION_ITEM()
RATIONAL_B_SPLINE_CURVE((1.,1.,1.,1.))
REPRESENTATION_ITEM('')
);
#1491=(
BOUNDED_CURVE()
B_SPLINE_CURVE(3,(#5537,#5538,#5539,#5540),.UNSPECIFIED.,.F.,.F.)
B_SPLINE_CURVE_WITH_KNOTS((4,4),(-1.,0.),.UNSPECIFIED.)
CURVE()
GEOMETRIC_REPRESENTATION_ITEM()
RATIONAL_B_SPLINE_CURVE((1.,1.,1.,1.))
REPRESENTATION_ITEM('')
);
#1492=(
BOUNDED_CURVE()
B_SPLINE_CURVE(3,(#5551,#5552,#5553,#5554),.UNSPECIFIED.,.F.,.F.)
B_SPLINE_CURVE_WITH_KNOTS((4,4),(0.,1.),.UNSPECIFIED.)
CURVE()
GEOMETRIC_REPRESENTATION_ITEM()
RATIONAL_B_SPLINE_CURVE((1.,1.,1.,1.))
REPRESENTATION_ITEM('')
);
#1493=(
BOUNDED_CURVE()
B_SPLINE_CURVE(3,(#5556,#5557,#5558,#5559),.UNSPECIFIED.,.F.,.F.)
B_SPLINE_CURVE_WITH_KNOTS((4,4),(-1.,0.),.UNSPECIFIED.)
CURVE()
GEOMETRIC_REPRESENTATION_ITEM()
RATIONAL_B_SPLINE_CURVE((1.,1.,1.,1.))
REPRESENTATION_ITEM('')
);
#1494=(
BOUNDED_CURVE()
B_SPLINE_CURVE(3,(#5570,#5571,#5572,#5573),.UNSPECIFIED.,.F.,.F.)
B_SPLINE_CURVE_WITH_KNOTS((4,4),(0.,1.),.UNSPECIFIED.)
CURVE()
GEOMETRIC_REPRESENTATION_ITEM()
RATIONAL_B_SPLINE_CURVE((1.,1.,1.,1.))
REPRESENTATION_ITEM('')
);
#1495=(
BOUNDED_CURVE()
B_SPLINE_CURVE(3,(#5575,#5576,#5577,#5578),.UNSPECIFIED.,.F.,.F.)
B_SPLINE_CURVE_WITH_KNOTS((4,4),(-1.,0.),.UNSPECIFIED.)
CURVE()
GEOMETRIC_REPRESENTATION_ITEM()
RATIONAL_B_SPLINE_CURVE((1.,1.,1.,1.))
REPRESENTATION_ITEM('')
);
#1496=(
BOUNDED_CURVE()
B_SPLINE_CURVE(3,(#5589,#5590,#5591,#5592),.UNSPECIFIED.,.F.,.F.)
B_SPLINE_CURVE_WITH_KNOTS((4,4),(0.,1.),.UNSPECIFIED.)
CURVE()
GEOMETRIC_REPRESENTATION_ITEM()
RATIONAL_B_SPLINE_CURVE((1.,1.,1.,1.))
REPRESENTATION_ITEM('')
);
#1497=(
BOUNDED_CURVE()
B_SPLINE_CURVE(3,(#5594,#5595,#5596,#5597),.UNSPECIFIED.,.F.,.F.)
B_SPLINE_CURVE_WITH_KNOTS((4,4),(-1.,0.),.UNSPECIFIED.)
CURVE()
GEOMETRIC_REPRESENTATION_ITEM()
RATIONAL_B_SPLINE_CURVE((1.,1.,1.,1.))
REPRESENTATION_ITEM('')
);
#1498=(
BOUNDED_CURVE()
B_SPLINE_CURVE(3,(#5608,#5609,#5610,#5611),.UNSPECIFIED.,.F.,.F.)
B_SPLINE_CURVE_WITH_KNOTS((4,4),(0.,1.),.UNSPECIFIED.)
CURVE()
GEOMETRIC_REPRESENTATION_ITEM()
RATIONAL_B_SPLINE_CURVE((1.,1.,1.,1.))
REPRESENTATION_ITEM('')
);
#1499=(
BOUNDED_CURVE()
B_SPLINE_CURVE(3,(#5613,#5614,#5615,#5616),.UNSPECIFIED.,.F.,.F.)
B_SPLINE_CURVE_WITH_KNOTS((4,4),(-1.,0.),.UNSPECIFIED.)
CURVE()
GEOMETRIC_REPRESENTATION_ITEM()
RATIONAL_B_SPLINE_CURVE((1.,1.,1.,1.))
REPRESENTATION_ITEM('')
);
#1500=(
BOUNDED_CURVE()
B_SPLINE_CURVE(3,(#5627,#5628,#5629,#5630),.UNSPECIFIED.,.F.,.F.)
B_SPLINE_CURVE_WITH_KNOTS((4,4),(0.,1.),.UNSPECIFIED.)
CURVE()
GEOMETRIC_REPRESENTATION_ITEM()
RATIONAL_B_SPLINE_CURVE((1.,1.,1.,1.))
REPRESENTATION_ITEM('')
);
#1501=(
BOUNDED_CURVE()
B_SPLINE_CURVE(3,(#5632,#5633,#5634,#5635),.UNSPECIFIED.,.F.,.F.)
B_SPLINE_CURVE_WITH_KNOTS((4,4),(-1.,0.),.UNSPECIFIED.)
CURVE()
GEOMETRIC_REPRESENTATION_ITEM()
RATIONAL_B_SPLINE_CURVE((1.,1.,1.,1.))
REPRESENTATION_ITEM('')
);
#1502=(
BOUNDED_CURVE()
B_SPLINE_CURVE(3,(#5646,#5647,#5648,#5649),.UNSPECIFIED.,.F.,.F.)
B_SPLINE_CURVE_WITH_KNOTS((4,4),(0.,1.),.UNSPECIFIED.)
CURVE()
GEOMETRIC_REPRESENTATION_ITEM()
RATIONAL_B_SPLINE_CURVE((1.,1.,1.,1.))
REPRESENTATION_ITEM('')
);
#1503=(
BOUNDED_CURVE()
B_SPLINE_CURVE(3,(#5651,#5652,#5653,#5654),.UNSPECIFIED.,.F.,.F.)
B_SPLINE_CURVE_WITH_KNOTS((4,4),(-1.,0.),.UNSPECIFIED.)
CURVE()
GEOMETRIC_REPRESENTATION_ITEM()
RATIONAL_B_SPLINE_CURVE((1.,1.,1.,1.))
REPRESENTATION_ITEM('')
);
#1504=(
BOUNDED_CURVE()
B_SPLINE_CURVE(3,(#5665,#5666,#5667,#5668),.UNSPECIFIED.,.F.,.F.)
B_SPLINE_CURVE_WITH_KNOTS((4,4),(0.,1.),.UNSPECIFIED.)
CURVE()
GEOMETRIC_REPRESENTATION_ITEM()
RATIONAL_B_SPLINE_CURVE((1.,1.,1.,1.))
REPRESENTATION_ITEM('')
);
#1505=(
BOUNDED_CURVE()
B_SPLINE_CURVE(3,(#5670,#5671,#5672,#5673),.UNSPECIFIED.,.F.,.F.)
B_SPLINE_CURVE_WITH_KNOTS((4,4),(-1.,0.),.UNSPECIFIED.)
CURVE()
GEOMETRIC_REPRESENTATION_ITEM()
RATIONAL_B_SPLINE_CURVE((1.,1.,1.,1.))
REPRESENTATION_ITEM('')
);
#1506=(
BOUNDED_CURVE()
B_SPLINE_CURVE(3,(#5684,#5685,#5686,#5687),.UNSPECIFIED.,.F.,.F.)
B_SPLINE_CURVE_WITH_KNOTS((4,4),(0.,1.),.UNSPECIFIED.)
CURVE()
GEOMETRIC_REPRESENTATION_ITEM()
RATIONAL_B_SPLINE_CURVE((1.,1.,1.,1.))
REPRESENTATION_ITEM('')
);
#1507=(
BOUNDED_CURVE()
B_SPLINE_CURVE(3,(#5689,#5690,#5691,#5692),.UNSPECIFIED.,.F.,.F.)
B_SPLINE_CURVE_WITH_KNOTS((4,4),(-1.,0.),.UNSPECIFIED.)
CURVE()
GEOMETRIC_REPRESENTATION_ITEM()
RATIONAL_B_SPLINE_CURVE((1.,1.,1.,1.))
REPRESENTATION_ITEM('')
);
#1508=(
BOUNDED_CURVE()
B_SPLINE_CURVE(3,(#5703,#5704,#5705,#5706),.UNSPECIFIED.,.F.,.F.)
B_SPLINE_CURVE_WITH_KNOTS((4,4),(0.,1.),.UNSPECIFIED.)
CURVE()
GEOMETRIC_REPRESENTATION_ITEM()
RATIONAL_B_SPLINE_CURVE((1.,1.,1.,1.))
REPRESENTATION_ITEM('')
);
#1509=(
BOUNDED_CURVE()
B_SPLINE_CURVE(3,(#5708,#5709,#5710,#5711),.UNSPECIFIED.,.F.,.F.)
B_SPLINE_CURVE_WITH_KNOTS((4,4),(-1.,0.),.UNSPECIFIED.)
CURVE()
GEOMETRIC_REPRESENTATION_ITEM()
RATIONAL_B_SPLINE_CURVE((1.,1.,1.,1.))
REPRESENTATION_ITEM('')
);
#1510=(
BOUNDED_CURVE()
B_SPLINE_CURVE(3,(#5722,#5723,#5724,#5725),.UNSPECIFIED.,.F.,.F.)
B_SPLINE_CURVE_WITH_KNOTS((4,4),(0.,1.),.UNSPECIFIED.)
CURVE()
GEOMETRIC_REPRESENTATION_ITEM()
RATIONAL_B_SPLINE_CURVE((1.,1.,1.,1.))
REPRESENTATION_ITEM('')
);
#1511=(
BOUNDED_CURVE()
B_SPLINE_CURVE(3,(#5727,#5728,#5729,#5730),.UNSPECIFIED.,.F.,.F.)
B_SPLINE_CURVE_WITH_KNOTS((4,4),(-1.,0.),.UNSPECIFIED.)
CURVE()
GEOMETRIC_REPRESENTATION_ITEM()
RATIONAL_B_SPLINE_CURVE((1.,1.,1.,1.))
REPRESENTATION_ITEM('')
);
#1512=(
BOUNDED_CURVE()
B_SPLINE_CURVE(3,(#5741,#5742,#5743,#5744),.UNSPECIFIED.,.F.,.F.)
B_SPLINE_CURVE_WITH_KNOTS((4,4),(0.,1.),.UNSPECIFIED.)
CURVE()
GEOMETRIC_REPRESENTATION_ITEM()
RATIONAL_B_SPLINE_CURVE((1.,1.,1.,1.))
REPRESENTATION_ITEM('')
);
#1513=(
BOUNDED_CURVE()
B_SPLINE_CURVE(3,(#5746,#5747,#5748,#5749),.UNSPECIFIED.,.F.,.F.)
B_SPLINE_CURVE_WITH_KNOTS((4,4),(-1.,0.),.UNSPECIFIED.)
CURVE()
GEOMETRIC_REPRESENTATION_ITEM()
RATIONAL_B_SPLINE_CURVE((1.,1.,1.,1.))
REPRESENTATION_ITEM('')
);
#1514=(
BOUNDED_CURVE()
B_SPLINE_CURVE(3,(#5760,#5761,#5762,#5763),.UNSPECIFIED.,.F.,.F.)
B_SPLINE_CURVE_WITH_KNOTS((4,4),(0.,1.),.UNSPECIFIED.)
CURVE()
GEOMETRIC_REPRESENTATION_ITEM()
RATIONAL_B_SPLINE_CURVE((1.,1.,1.,1.))
REPRESENTATION_ITEM('')
);
#1515=(
BOUNDED_CURVE()
B_SPLINE_CURVE(3,(#5765,#5766,#5767,#5768),.UNSPECIFIED.,.F.,.F.)
B_SPLINE_CURVE_WITH_KNOTS((4,4),(-1.,0.),.UNSPECIFIED.)
CURVE()
GEOMETRIC_REPRESENTATION_ITEM()
RATIONAL_B_SPLINE_CURVE((1.,1.,1.,1.))
REPRESENTATION_ITEM('')
);
#1516=(
BOUNDED_CURVE()
B_SPLINE_CURVE(3,(#5779,#5780,#5781,#5782),.UNSPECIFIED.,.F.,.F.)
B_SPLINE_CURVE_WITH_KNOTS((4,4),(0.,1.),.UNSPECIFIED.)
CURVE()
GEOMETRIC_REPRESENTATION_ITEM()
RATIONAL_B_SPLINE_CURVE((1.,1.,1.,1.))
REPRESENTATION_ITEM('')
);
#1517=(
BOUNDED_CURVE()
B_SPLINE_CURVE(3,(#5784,#5785,#5786,#5787),.UNSPECIFIED.,.F.,.F.)
B_SPLINE_CURVE_WITH_KNOTS((4,4),(-1.,0.),.UNSPECIFIED.)
CURVE()
GEOMETRIC_REPRESENTATION_ITEM()
RATIONAL_B_SPLINE_CURVE((1.,1.,1.,1.))
REPRESENTATION_ITEM('')
);
#1518=(
BOUNDED_CURVE()
B_SPLINE_CURVE(3,(#5798,#5799,#5800,#5801),.UNSPECIFIED.,.F.,.F.)
B_SPLINE_CURVE_WITH_KNOTS((4,4),(0.,1.),.UNSPECIFIED.)
CURVE()
GEOMETRIC_REPRESENTATION_ITEM()
RATIONAL_B_SPLINE_CURVE((1.,1.,1.,1.))
REPRESENTATION_ITEM('')
);
#1519=(
BOUNDED_CURVE()
B_SPLINE_CURVE(3,(#5803,#5804,#5805,#5806),.UNSPECIFIED.,.F.,.F.)
B_SPLINE_CURVE_WITH_KNOTS((4,4),(-1.,0.),.UNSPECIFIED.)
CURVE()
GEOMETRIC_REPRESENTATION_ITEM()
RATIONAL_B_SPLINE_CURVE((1.,1.,1.,1.))
REPRESENTATION_ITEM('')
);
#1520=(
BOUNDED_CURVE()
B_SPLINE_CURVE(3,(#5817,#5818,#5819,#5820),.UNSPECIFIED.,.F.,.F.)
B_SPLINE_CURVE_WITH_KNOTS((4,4),(0.,1.),.UNSPECIFIED.)
CURVE()
GEOMETRIC_REPRESENTATION_ITEM()
RATIONAL_B_SPLINE_CURVE((1.,1.,1.,1.))
REPRESENTATION_ITEM('')
);
#1521=(
BOUNDED_CURVE()
B_SPLINE_CURVE(3,(#5822,#5823,#5824,#5825),.UNSPECIFIED.,.F.,.F.)
B_SPLINE_CURVE_WITH_KNOTS((4,4),(-1.,0.),.UNSPECIFIED.)
CURVE()
GEOMETRIC_REPRESENTATION_ITEM()
RATIONAL_B_SPLINE_CURVE((1.,1.,1.,1.))
REPRESENTATION_ITEM('')
);
#1522=(
BOUNDED_CURVE()
B_SPLINE_CURVE(3,(#5836,#5837,#5838,#5839),.UNSPECIFIED.,.F.,.F.)
B_SPLINE_CURVE_WITH_KNOTS((4,4),(0.,1.),.UNSPECIFIED.)
CURVE()
GEOMETRIC_REPRESENTATION_ITEM()
RATIONAL_B_SPLINE_CURVE((1.,1.,1.,1.))
REPRESENTATION_ITEM('')
);
#1523=(
BOUNDED_CURVE()
B_SPLINE_CURVE(3,(#5841,#5842,#5843,#5844),.UNSPECIFIED.,.F.,.F.)
B_SPLINE_CURVE_WITH_KNOTS((4,4),(-1.,0.),.UNSPECIFIED.)
CURVE()
GEOMETRIC_REPRESENTATION_ITEM()
RATIONAL_B_SPLINE_CURVE((1.,1.,1.,1.))
REPRESENTATION_ITEM('')
);
#1524=(
BOUNDED_CURVE()
B_SPLINE_CURVE(3,(#5855,#5856,#5857,#5858),.UNSPECIFIED.,.F.,.F.)
B_SPLINE_CURVE_WITH_KNOTS((4,4),(0.,1.),.UNSPECIFIED.)
CURVE()
GEOMETRIC_REPRESENTATION_ITEM()
RATIONAL_B_SPLINE_CURVE((1.,1.,1.,1.))
REPRESENTATION_ITEM('')
);
#1525=(
BOUNDED_CURVE()
B_SPLINE_CURVE(3,(#5860,#5861,#5862,#5863),.UNSPECIFIED.,.F.,.F.)
B_SPLINE_CURVE_WITH_KNOTS((4,4),(-1.,0.),.UNSPECIFIED.)
CURVE()
GEOMETRIC_REPRESENTATION_ITEM()
RATIONAL_B_SPLINE_CURVE((1.,1.,1.,1.))
REPRESENTATION_ITEM('')
);
#1526=(
BOUNDED_CURVE()
B_SPLINE_CURVE(3,(#5874,#5875,#5876,#5877),.UNSPECIFIED.,.F.,.F.)
B_SPLINE_CURVE_WITH_KNOTS((4,4),(0.,1.),.UNSPECIFIED.)
CURVE()
GEOMETRIC_REPRESENTATION_ITEM()
RATIONAL_B_SPLINE_CURVE((1.,1.,1.,1.))
REPRESENTATION_ITEM('')
);
#1527=(
BOUNDED_CURVE()
B_SPLINE_CURVE(3,(#5879,#5880,#5881,#5882),.UNSPECIFIED.,.F.,.F.)
B_SPLINE_CURVE_WITH_KNOTS((4,4),(-1.,0.),.UNSPECIFIED.)
CURVE()
GEOMETRIC_REPRESENTATION_ITEM()
RATIONAL_B_SPLINE_CURVE((1.,1.,1.,1.))
REPRESENTATION_ITEM('')
);
#1528=(
BOUNDED_CURVE()
B_SPLINE_CURVE(3,(#5893,#5894,#5895,#5896),.UNSPECIFIED.,.F.,.F.)
B_SPLINE_CURVE_WITH_KNOTS((4,4),(0.,1.),.UNSPECIFIED.)
CURVE()
GEOMETRIC_REPRESENTATION_ITEM()
RATIONAL_B_SPLINE_CURVE((1.,1.,1.,1.))
REPRESENTATION_ITEM('')
);
#1529=(
BOUNDED_CURVE()
B_SPLINE_CURVE(3,(#5898,#5899,#5900,#5901),.UNSPECIFIED.,.F.,.F.)
B_SPLINE_CURVE_WITH_KNOTS((4,4),(-1.,0.),.UNSPECIFIED.)
CURVE()
GEOMETRIC_REPRESENTATION_ITEM()
RATIONAL_B_SPLINE_CURVE((1.,1.,1.,1.))
REPRESENTATION_ITEM('')
);
#1530=(
BOUNDED_CURVE()
B_SPLINE_CURVE(3,(#5912,#5913,#5914,#5915),.UNSPECIFIED.,.F.,.F.)
B_SPLINE_CURVE_WITH_KNOTS((4,4),(0.,1.),.UNSPECIFIED.)
CURVE()
GEOMETRIC_REPRESENTATION_ITEM()
RATIONAL_B_SPLINE_CURVE((1.,1.,1.,1.))
REPRESENTATION_ITEM('')
);
#1531=(
BOUNDED_CURVE()
B_SPLINE_CURVE(3,(#5917,#5918,#5919,#5920),.UNSPECIFIED.,.F.,.F.)
B_SPLINE_CURVE_WITH_KNOTS((4,4),(-1.,0.),.UNSPECIFIED.)
CURVE()
GEOMETRIC_REPRESENTATION_ITEM()
RATIONAL_B_SPLINE_CURVE((1.,1.,1.,1.))
REPRESENTATION_ITEM('')
);
#1532=(
BOUNDED_CURVE()
B_SPLINE_CURVE(3,(#5931,#5932,#5933,#5934),.UNSPECIFIED.,.F.,.F.)
B_SPLINE_CURVE_WITH_KNOTS((4,4),(0.,1.),.UNSPECIFIED.)
CURVE()
GEOMETRIC_REPRESENTATION_ITEM()
RATIONAL_B_SPLINE_CURVE((1.,1.,1.,1.))
REPRESENTATION_ITEM('')
);
#1533=(
BOUNDED_CURVE()
B_SPLINE_CURVE(3,(#5936,#5937,#5938,#5939),.UNSPECIFIED.,.F.,.F.)
B_SPLINE_CURVE_WITH_KNOTS((4,4),(-1.,0.),.UNSPECIFIED.)
CURVE()
GEOMETRIC_REPRESENTATION_ITEM()
RATIONAL_B_SPLINE_CURVE((1.,1.,1.,1.))
REPRESENTATION_ITEM('')
);
#1534=(
BOUNDED_CURVE()
B_SPLINE_CURVE(3,(#5949,#5950,#5951,#5952),.UNSPECIFIED.,.F.,.F.)
B_SPLINE_CURVE_WITH_KNOTS((4,4),(0.,1.),.UNSPECIFIED.)
CURVE()
GEOMETRIC_REPRESENTATION_ITEM()
RATIONAL_B_SPLINE_CURVE((1.,1.,1.,1.))
REPRESENTATION_ITEM('')
);
#1535=(
BOUNDED_CURVE()
B_SPLINE_CURVE(3,(#5953,#5954,#5955,#5956),.UNSPECIFIED.,.F.,.F.)
B_SPLINE_CURVE_WITH_KNOTS((4,4),(-1.,0.),.UNSPECIFIED.)
CURVE()
GEOMETRIC_REPRESENTATION_ITEM()
RATIONAL_B_SPLINE_CURVE((1.,1.,1.,1.))
REPRESENTATION_ITEM('')
);
#1536=VERTEX_POINT('',#4766);
#1537=VERTEX_POINT('',#4767);
#1538=VERTEX_POINT('',#4772);
#1539=VERTEX_POINT('',#4774);
#1540=VERTEX_POINT('',#4788);
#1541=VERTEX_POINT('',#4793);
#1542=VERTEX_POINT('',#4807);
#1543=VERTEX_POINT('',#4812);
#1544=VERTEX_POINT('',#4826);
#1545=VERTEX_POINT('',#4831);
#1546=VERTEX_POINT('',#4845);
#1547=VERTEX_POINT('',#4850);
#1548=VERTEX_POINT('',#4864);
#1549=VERTEX_POINT('',#4869);
#1550=VERTEX_POINT('',#4883);
#1551=VERTEX_POINT('',#4888);
#1552=VERTEX_POINT('',#4902);
#1553=VERTEX_POINT('',#4907);
#1554=VERTEX_POINT('',#4921);
#1555=VERTEX_POINT('',#4926);
#1556=VERTEX_POINT('',#4940);
#1557=VERTEX_POINT('',#4945);
#1558=VERTEX_POINT('',#4959);
#1559=VERTEX_POINT('',#4964);
#1560=VERTEX_POINT('',#4978);
#1561=VERTEX_POINT('',#4983);
#1562=VERTEX_POINT('',#4997);
#1563=VERTEX_POINT('',#5002);
#1564=VERTEX_POINT('',#5033);
#1565=VERTEX_POINT('',#5034);
#1566=VERTEX_POINT('',#5039);
#1567=VERTEX_POINT('',#5041);
#1568=VERTEX_POINT('',#5055);
#1569=VERTEX_POINT('',#5060);
#1570=VERTEX_POINT('',#5074);
#1571=VERTEX_POINT('',#5079);
#1572=VERTEX_POINT('',#5093);
#1573=VERTEX_POINT('',#5098);
#1574=VERTEX_POINT('',#5112);
#1575=VERTEX_POINT('',#5117);
#1576=VERTEX_POINT('',#5131);
#1577=VERTEX_POINT('',#5136);
#1578=VERTEX_POINT('',#5150);
#1579=VERTEX_POINT('',#5155);
#1580=VERTEX_POINT('',#5169);
#1581=VERTEX_POINT('',#5174);
#1582=VERTEX_POINT('',#5205);
#1583=VERTEX_POINT('',#5206);
#1584=VERTEX_POINT('',#5211);
#1585=VERTEX_POINT('',#5213);
#1586=VERTEX_POINT('',#5227);
#1587=VERTEX_POINT('',#5232);
#1588=VERTEX_POINT('',#5246);
#1589=VERTEX_POINT('',#5251);
#1590=VERTEX_POINT('',#5265);
#1591=VERTEX_POINT('',#5270);
#1592=VERTEX_POINT('',#5284);
#1593=VERTEX_POINT('',#5289);
#1594=VERTEX_POINT('',#5303);
#1595=VERTEX_POINT('',#5308);
#1596=VERTEX_POINT('',#5322);
#1597=VERTEX_POINT('',#5327);
#1598=VERTEX_POINT('',#5357);
#1599=VERTEX_POINT('',#5358);
#1600=VERTEX_POINT('',#5363);
#1601=VERTEX_POINT('',#5365);
#1602=VERTEX_POINT('',#5379);
#1603=VERTEX_POINT('',#5384);
#1604=VERTEX_POINT('',#5398);
#1605=VERTEX_POINT('',#5403);
#1606=VERTEX_POINT('',#5417);
#1607=VERTEX_POINT('',#5422);
#1608=VERTEX_POINT('',#5436);
#1609=VERTEX_POINT('',#5441);
#1610=VERTEX_POINT('',#5455);
#1611=VERTEX_POINT('',#5460);
#1612=VERTEX_POINT('',#5474);
#1613=VERTEX_POINT('',#5479);
#1614=VERTEX_POINT('',#5493);
#1615=VERTEX_POINT('',#5498);
#1616=VERTEX_POINT('',#5512);
#1617=VERTEX_POINT('',#5517);
#1618=VERTEX_POINT('',#5531);
#1619=VERTEX_POINT('',#5536);
#1620=VERTEX_POINT('',#5550);
#1621=VERTEX_POINT('',#5555);
#1622=VERTEX_POINT('',#5569);
#1623=VERTEX_POINT('',#5574);
#1624=VERTEX_POINT('',#5588);
#1625=VERTEX_POINT('',#5593);
#1626=VERTEX_POINT('',#5607);
#1627=VERTEX_POINT('',#5612);
#1628=VERTEX_POINT('',#5626);
#1629=VERTEX_POINT('',#5631);
#1630=VERTEX_POINT('',#5645);
#1631=VERTEX_POINT('',#5650);
#1632=VERTEX_POINT('',#5664);
#1633=VERTEX_POINT('',#5669);
#1634=VERTEX_POINT('',#5683);
#1635=VERTEX_POINT('',#5688);
#1636=VERTEX_POINT('',#5702);
#1637=VERTEX_POINT('',#5707);
#1638=VERTEX_POINT('',#5721);
#1639=VERTEX_POINT('',#5726);
#1640=VERTEX_POINT('',#5740);
#1641=VERTEX_POINT('',#5745);
#1642=VERTEX_POINT('',#5759);
#1643=VERTEX_POINT('',#5764);
#1644=VERTEX_POINT('',#5778);
#1645=VERTEX_POINT('',#5783);
#1646=VERTEX_POINT('',#5797);
#1647=VERTEX_POINT('',#5802);
#1648=VERTEX_POINT('',#5816);
#1649=VERTEX_POINT('',#5821);
#1650=VERTEX_POINT('',#5835);
#1651=VERTEX_POINT('',#5840);
#1652=VERTEX_POINT('',#5854);
#1653=VERTEX_POINT('',#5859);
#1654=VERTEX_POINT('',#5873);
#1655=VERTEX_POINT('',#5878);
#1656=VERTEX_POINT('',#5892);
#1657=VERTEX_POINT('',#5897);
#1658=VERTEX_POINT('',#5911);
#1659=VERTEX_POINT('',#5916);
#1660=VERTEX_POINT('',#5930);
#1661=VERTEX_POINT('',#5935);
#1662=VERTEX_POINT('',#5960);
#1663=VERTEX_POINT('',#5961);
#1664=VERTEX_POINT('',#5963);
#1665=VERTEX_POINT('',#5965);
#1666=VERTEX_POINT('',#5967);
#1667=VERTEX_POINT('',#5969);
#1668=VERTEX_POINT('',#5971);
#1669=VERTEX_POINT('',#5973);
#1670=VERTEX_POINT('',#5975);
#1671=VERTEX_POINT('',#5977);
#1672=VERTEX_POINT('',#5979);
#1673=VERTEX_POINT('',#5981);
#1674=VERTEX_POINT('',#5983);
#1675=VERTEX_POINT('',#5985);
#1676=VERTEX_POINT('',#5987);
#1677=VERTEX_POINT('',#5989);
#1678=VERTEX_POINT('',#5991);
#1679=VERTEX_POINT('',#5993);
#1680=VERTEX_POINT('',#5995);
#1681=VERTEX_POINT('',#5997);
#1682=VERTEX_POINT('',#5999);
#1683=VERTEX_POINT('',#6001);
#1684=VERTEX_POINT('',#6003);
#1685=VERTEX_POINT('',#6005);
#1686=VERTEX_POINT('',#6007);
#1687=VERTEX_POINT('',#6009);
#1688=VERTEX_POINT('',#6011);
#1689=VERTEX_POINT('',#6013);
#1690=VERTEX_POINT('',#6015);
#1691=VERTEX_POINT('',#6017);
#1692=VERTEX_POINT('',#6019);
#1693=VERTEX_POINT('',#6021);
#1694=VERTEX_POINT('',#6023);
#1695=VERTEX_POINT('',#6025);
#1696=VERTEX_POINT('',#6027);
#1697=VERTEX_POINT('',#6029);
#1698=VERTEX_POINT('',#6031);
#1699=VERTEX_POINT('',#6034);
#1700=VERTEX_POINT('',#6035);
#1701=VERTEX_POINT('',#6037);
#1702=VERTEX_POINT('',#6039);
#1703=VERTEX_POINT('',#6041);
#1704=VERTEX_POINT('',#6043);
#1705=VERTEX_POINT('',#6045);
#1706=VERTEX_POINT('',#6047);
#1707=VERTEX_POINT('',#6050);
#1708=VERTEX_POINT('',#6051);
#1709=VERTEX_POINT('',#6053);
#1710=VERTEX_POINT('',#6055);
#1711=VERTEX_POINT('',#6058);
#1712=VERTEX_POINT('',#6059);
#1713=VERTEX_POINT('',#6061);
#1714=VERTEX_POINT('',#6063);
#1715=VERTEX_POINT('',#6066);
#1716=VERTEX_POINT('',#6069);
#1717=VERTEX_POINT('',#6071);
#1718=VERTEX_POINT('',#6073);
#1719=VERTEX_POINT('',#6075);
#1720=VERTEX_POINT('',#6079);
#1721=VERTEX_POINT('',#6081);
#1722=VERTEX_POINT('',#6083);
#1723=VERTEX_POINT('',#6085);
#1724=VERTEX_POINT('',#6089);
#1725=VERTEX_POINT('',#6091);
#1726=VERTEX_POINT('',#6095);
#1727=VERTEX_POINT('',#6097);
#1728=VERTEX_POINT('',#6101);
#1729=VERTEX_POINT('',#6105);
#1730=VERTEX_POINT('',#6107);
#1731=VERTEX_POINT('',#6111);
#1732=VERTEX_POINT('',#6113);
#1733=VERTEX_POINT('',#6117);
#1734=VERTEX_POINT('',#6119);
#1735=VERTEX_POINT('',#6123);
#1736=VERTEX_POINT('',#6127);
#1737=VERTEX_POINT('',#6131);
#1738=VERTEX_POINT('',#6135);
#1739=VERTEX_POINT('',#6139);
#1740=VERTEX_POINT('',#6141);
#1741=VERTEX_POINT('',#6145);
#1742=VERTEX_POINT('',#6149);
#1743=VERTEX_POINT('',#6153);
#1744=VERTEX_POINT('',#6154);
#1745=VERTEX_POINT('',#6159);
#1746=VERTEX_POINT('',#6160);
#1747=VERTEX_POINT('',#6165);
#1748=VERTEX_POINT('',#6167);
#1749=VERTEX_POINT('',#6171);
#1750=VERTEX_POINT('',#6173);
#1751=VERTEX_POINT('',#6177);
#1752=VERTEX_POINT('',#6179);
#1753=VERTEX_POINT('',#6183);
#1754=VERTEX_POINT('',#6187);
#1755=VERTEX_POINT('',#6188);
#1756=VERTEX_POINT('',#6193);
#1757=VERTEX_POINT('',#6202);
#1758=VERTEX_POINT('',#6206);
#1759=VERTEX_POINT('',#6210);
#1760=VERTEX_POINT('',#6214);
#1761=VERTEX_POINT('',#6220);
#1762=VERTEX_POINT('',#6221);
#1763=VERTEX_POINT('',#6228);
#1764=VERTEX_POINT('',#6234);
#1765=VERTEX_POINT('',#6242);
#1766=VERTEX_POINT('',#6248);
#1767=VERTEX_POINT('',#6252);
#1768=VERTEX_POINT('',#6256);
#1769=VERTEX_POINT('',#6262);
#1770=VERTEX_POINT('',#6268);
#1771=VERTEX_POINT('',#6269);
#1772=VERTEX_POINT('',#6274);
#1773=VERTEX_POINT('',#6278);
#1774=VERTEX_POINT('',#6294);
#1775=VERTEX_POINT('',#6295);
#1776=VERTEX_POINT('',#6297);
#1777=VERTEX_POINT('',#6299);
#1778=VERTEX_POINT('',#6303);
#1779=VERTEX_POINT('',#6306);
#1780=VERTEX_POINT('',#6307);
#1781=VERTEX_POINT('',#6309);
#1782=VERTEX_POINT('',#6311);
#1783=VERTEX_POINT('',#6314);
#1784=VERTEX_POINT('',#6315);
#1785=VERTEX_POINT('',#6317);
#1786=VERTEX_POINT('',#6319);
#1787=VERTEX_POINT('',#6323);
#1788=VERTEX_POINT('',#6324);
#1789=VERTEX_POINT('',#6326);
#1790=VERTEX_POINT('',#6328);
#1791=VERTEX_POINT('',#6331);
#1792=VERTEX_POINT('',#6332);
#1793=VERTEX_POINT('',#6334);
#1794=VERTEX_POINT('',#6336);
#1795=VERTEX_POINT('',#6340);
#1796=VERTEX_POINT('',#6341);
#1797=VERTEX_POINT('',#6343);
#1798=VERTEX_POINT('',#6345);
#1799=VERTEX_POINT('',#6349);
#1800=VERTEX_POINT('',#6351);
#1801=VERTEX_POINT('',#6355);
#1802=VERTEX_POINT('',#6357);
#1803=VERTEX_POINT('',#6365);
#1804=VERTEX_POINT('',#6368);
#1805=VERTEX_POINT('',#6372);
#1806=VERTEX_POINT('',#6373);
#1807=VERTEX_POINT('',#6375);
#1808=VERTEX_POINT('',#6377);
#1809=VERTEX_POINT('',#6381);
#1810=VERTEX_POINT('',#6383);
#1811=VERTEX_POINT('',#6387);
#1812=VERTEX_POINT('',#6389);
#1813=VERTEX_POINT('',#6396);
#1814=VERTEX_POINT('',#6398);
#1815=VERTEX_POINT('',#6402);
#1816=VERTEX_POINT('',#6406);
#1817=VERTEX_POINT('',#6412);
#1818=VERTEX_POINT('',#6414);
#1819=VERTEX_POINT('',#6418);
#1820=VERTEX_POINT('',#6422);
#1821=VERTEX_POINT('',#6428);
#1822=VERTEX_POINT('',#6430);
#1823=VERTEX_POINT('',#6434);
#1824=VERTEX_POINT('',#6438);
#1825=VERTEX_POINT('',#6444);
#1826=VERTEX_POINT('',#6448);
#1827=VERTEX_POINT('',#6450);
#1828=VERTEX_POINT('',#6454);
#1829=VERTEX_POINT('',#6458);
#1830=VERTEX_POINT('',#6464);
#1831=VERTEX_POINT('',#6465);
#1832=VERTEX_POINT('',#6467);
#1833=VERTEX_POINT('',#6469);
#1834=VERTEX_POINT('',#6473);
#1835=VERTEX_POINT('',#6475);
#1836=VERTEX_POINT('',#6479);
#1837=VERTEX_POINT('',#6481);
#1838=VERTEX_POINT('',#6488);
#1839=VERTEX_POINT('',#6489);
#1840=VERTEX_POINT('',#6491);
#1841=VERTEX_POINT('',#6493);
#1842=VERTEX_POINT('',#6497);
#1843=VERTEX_POINT('',#6499);
#1844=VERTEX_POINT('',#6503);
#1845=VERTEX_POINT('',#6505);
#1846=VERTEX_POINT('',#6512);
#1847=VERTEX_POINT('',#6514);
#1848=VERTEX_POINT('',#6518);
#1849=VERTEX_POINT('',#6522);
#1850=VERTEX_POINT('',#6528);
#1851=VERTEX_POINT('',#6530);
#1852=VERTEX_POINT('',#6534);
#1853=VERTEX_POINT('',#6536);
#1854=VERTEX_POINT('',#6540);
#1855=VERTEX_POINT('',#6542);
#1856=VERTEX_POINT('',#6546);
#1857=VERTEX_POINT('',#6548);
#1858=VERTEX_POINT('',#6552);
#1859=VERTEX_POINT('',#6553);
#1860=VERTEX_POINT('',#6555);
#1861=VERTEX_POINT('',#6557);
#1862=VERTEX_POINT('',#6559);
#1863=VERTEX_POINT('',#6561);
#1864=VERTEX_POINT('',#6563);
#1865=VERTEX_POINT('',#6565);
#1866=VERTEX_POINT('',#6569);
#1867=VERTEX_POINT('',#6570);
#1868=VERTEX_POINT('',#6575);
#1869=VERTEX_POINT('',#6579);
#1870=VERTEX_POINT('',#6583);
#1871=VERTEX_POINT('',#6587);
#1872=VERTEX_POINT('',#6591);
#1873=VERTEX_POINT('',#6595);
#1874=VERTEX_POINT('',#6602);
#1875=VERTEX_POINT('',#6604);
#1876=VERTEX_POINT('',#6608);
#1877=VERTEX_POINT('',#6610);
#1878=VERTEX_POINT('',#6614);
#1879=VERTEX_POINT('',#6616);
#1880=VERTEX_POINT('',#6620);
#1881=VERTEX_POINT('',#6622);
#1882=VERTEX_POINT('',#6626);
#1883=VERTEX_POINT('',#6628);
#1884=VERTEX_POINT('',#6632);
#1885=VERTEX_POINT('',#6633);
#1886=VERTEX_POINT('',#6635);
#1887=VERTEX_POINT('',#6637);
#1888=VERTEX_POINT('',#6641);
#1889=VERTEX_POINT('',#6643);
#1890=VERTEX_POINT('',#6647);
#1891=VERTEX_POINT('',#6649);
#1892=VERTEX_POINT('',#6653);
#1893=VERTEX_POINT('',#6655);
#1894=VERTEX_POINT('',#6659);
#1895=VERTEX_POINT('',#6661);
#1896=VERTEX_POINT('',#6665);
#1897=VERTEX_POINT('',#6667);
#1898=VERTEX_POINT('',#6671);
#1899=VERTEX_POINT('',#6673);
#1900=EDGE_CURVE('',#1536,#1537,#1410,.T.);
#1901=EDGE_CURVE('',#1536,#1538,#702,.T.);
#1902=EDGE_CURVE('',#1539,#1538,#1411,.T.);
#1903=EDGE_CURVE('',#1537,#1539,#703,.T.);
#1904=EDGE_CURVE('',#1537,#1540,#1412,.T.);
#1905=EDGE_CURVE('',#1541,#1539,#1413,.T.);
#1906=EDGE_CURVE('',#1540,#1541,#704,.T.);
#1907=EDGE_CURVE('',#1540,#1542,#1414,.T.);
#1908=EDGE_CURVE('',#1543,#1541,#1415,.T.);
#1909=EDGE_CURVE('',#1542,#1543,#705,.T.);
#1910=EDGE_CURVE('',#1542,#1544,#1416,.T.);
#1911=EDGE_CURVE('',#1545,#1543,#1417,.T.);
#1912=EDGE_CURVE('',#1544,#1545,#706,.T.);
#1913=EDGE_CURVE('',#1544,#1546,#1418,.T.);
#1914=EDGE_CURVE('',#1547,#1545,#1419,.T.);
#1915=EDGE_CURVE('',#1546,#1547,#707,.T.);
#1916=EDGE_CURVE('',#1546,#1548,#1420,.T.);
#1917=EDGE_CURVE('',#1549,#1547,#1421,.T.);
#1918=EDGE_CURVE('',#1548,#1549,#708,.T.);
#1919=EDGE_CURVE('',#1548,#1550,#1422,.T.);
#1920=EDGE_CURVE('',#1551,#1549,#1423,.T.);
#1921=EDGE_CURVE('',#1550,#1551,#709,.T.);
#1922=EDGE_CURVE('',#1550,#1552,#1424,.T.);
#1923=EDGE_CURVE('',#1553,#1551,#1425,.T.);
#1924=EDGE_CURVE('',#1552,#1553,#710,.T.);
#1925=EDGE_CURVE('',#1552,#1554,#1426,.T.);
#1926=EDGE_CURVE('',#1555,#1553,#1427,.T.);
#1927=EDGE_CURVE('',#1554,#1555,#711,.T.);
#1928=EDGE_CURVE('',#1554,#1556,#1428,.T.);
#1929=EDGE_CURVE('',#1557,#1555,#1429,.T.);
#1930=EDGE_CURVE('',#1556,#1557,#712,.T.);
#1931=EDGE_CURVE('',#1556,#1558,#1430,.T.);
#1932=EDGE_CURVE('',#1559,#1557,#1431,.T.);
#1933=EDGE_CURVE('',#1558,#1559,#713,.T.);
#1934=EDGE_CURVE('',#1558,#1560,#1432,.T.);
#1935=EDGE_CURVE('',#1561,#1559,#1433,.T.);
#1936=EDGE_CURVE('',#1560,#1561,#714,.T.);
#1937=EDGE_CURVE('',#1560,#1562,#1434,.T.);
#1938=EDGE_CURVE('',#1563,#1561,#1435,.T.);
#1939=EDGE_CURVE('',#1562,#1563,#715,.T.);
#1940=EDGE_CURVE('',#1562,#1536,#1436,.T.);
#1941=EDGE_CURVE('',#1538,#1563,#1437,.T.);
#1942=EDGE_CURVE('',#1564,#1565,#1438,.T.);
#1943=EDGE_CURVE('',#1564,#1566,#716,.T.);
#1944=EDGE_CURVE('',#1567,#1566,#1439,.T.);
#1945=EDGE_CURVE('',#1565,#1567,#717,.T.);
#1946=EDGE_CURVE('',#1565,#1568,#1440,.T.);
#1947=EDGE_CURVE('',#1569,#1567,#1441,.T.);
#1948=EDGE_CURVE('',#1568,#1569,#718,.T.);
#1949=EDGE_CURVE('',#1568,#1570,#1442,.T.);
#1950=EDGE_CURVE('',#1571,#1569,#1443,.T.);
#1951=EDGE_CURVE('',#1570,#1571,#719,.T.);
#1952=EDGE_CURVE('',#1570,#1572,#1444,.T.);
#1953=EDGE_CURVE('',#1573,#1571,#1445,.T.);
#1954=EDGE_CURVE('',#1572,#1573,#720,.T.);
#1955=EDGE_CURVE('',#1572,#1574,#1446,.T.);
#1956=EDGE_CURVE('',#1575,#1573,#1447,.T.);
#1957=EDGE_CURVE('',#1574,#1575,#721,.T.);
#1958=EDGE_CURVE('',#1574,#1576,#1448,.T.);
#1959=EDGE_CURVE('',#1577,#1575,#1449,.T.);
#1960=EDGE_CURVE('',#1576,#1577,#722,.T.);
#1961=EDGE_CURVE('',#1576,#1578,#1450,.T.);
#1962=EDGE_CURVE('',#1579,#1577,#1451,.T.);
#1963=EDGE_CURVE('',#1578,#1579,#723,.T.);
#1964=EDGE_CURVE('',#1578,#1580,#1452,.T.);
#1965=EDGE_CURVE('',#1581,#1579,#1453,.T.);
#1966=EDGE_CURVE('',#1580,#1581,#724,.T.);
#1967=EDGE_CURVE('',#1580,#1564,#1454,.T.);
#1968=EDGE_CURVE('',#1566,#1581,#1455,.T.);
#1969=EDGE_CURVE('',#1582,#1583,#1456,.T.);
#1970=EDGE_CURVE('',#1582,#1584,#725,.T.);
#1971=EDGE_CURVE('',#1585,#1584,#1457,.T.);
#1972=EDGE_CURVE('',#1583,#1585,#726,.T.);
#1973=EDGE_CURVE('',#1583,#1586,#1458,.T.);
#1974=EDGE_CURVE('',#1587,#1585,#1459,.T.);
#1975=EDGE_CURVE('',#1586,#1587,#727,.T.);
#1976=EDGE_CURVE('',#1586,#1588,#1460,.T.);
#1977=EDGE_CURVE('',#1589,#1587,#1461,.T.);
#1978=EDGE_CURVE('',#1588,#1589,#728,.T.);
#1979=EDGE_CURVE('',#1588,#1590,#1462,.T.);
#1980=EDGE_CURVE('',#1591,#1589,#1463,.T.);
#1981=EDGE_CURVE('',#1590,#1591,#729,.T.);
#1982=EDGE_CURVE('',#1590,#1592,#1464,.T.);
#1983=EDGE_CURVE('',#1593,#1591,#1465,.T.);
#1984=EDGE_CURVE('',#1592,#1593,#730,.T.);
#1985=EDGE_CURVE('',#1592,#1594,#1466,.T.);
#1986=EDGE_CURVE('',#1595,#1593,#1467,.T.);
#1987=EDGE_CURVE('',#1594,#1595,#731,.T.);
#1988=EDGE_CURVE('',#1594,#1596,#1468,.T.);
#1989=EDGE_CURVE('',#1597,#1595,#1469,.T.);
#1990=EDGE_CURVE('',#1596,#1597,#732,.T.);
#1991=EDGE_CURVE('',#1596,#1582,#1470,.T.);
#1992=EDGE_CURVE('',#1584,#1597,#1471,.T.);
#1993=EDGE_CURVE('',#1598,#1599,#1472,.T.);
#1994=EDGE_CURVE('',#1598,#1600,#733,.T.);
#1995=EDGE_CURVE('',#1601,#1600,#1473,.T.);
#1996=EDGE_CURVE('',#1599,#1601,#734,.T.);
#1997=EDGE_CURVE('',#1599,#1602,#1474,.T.);
#1998=EDGE_CURVE('',#1603,#1601,#1475,.T.);
#1999=EDGE_CURVE('',#1602,#1603,#735,.T.);
#2000=EDGE_CURVE('',#1602,#1604,#1476,.T.);
#2001=EDGE_CURVE('',#1605,#1603,#1477,.T.);
#2002=EDGE_CURVE('',#1604,#1605,#736,.T.);
#2003=EDGE_CURVE('',#1604,#1606,#1478,.T.);
#2004=EDGE_CURVE('',#1607,#1605,#1479,.T.);
#2005=EDGE_CURVE('',#1606,#1607,#737,.T.);
#2006=EDGE_CURVE('',#1606,#1608,#1480,.T.);
#2007=EDGE_CURVE('',#1609,#1607,#1481,.T.);
#2008=EDGE_CURVE('',#1608,#1609,#738,.T.);
#2009=EDGE_CURVE('',#1608,#1610,#1482,.T.);
#2010=EDGE_CURVE('',#1611,#1609,#1483,.T.);
#2011=EDGE_CURVE('',#1610,#1611,#739,.T.);
#2012=EDGE_CURVE('',#1610,#1612,#1484,.T.);
#2013=EDGE_CURVE('',#1613,#1611,#1485,.T.);
#2014=EDGE_CURVE('',#1612,#1613,#740,.T.);
#2015=EDGE_CURVE('',#1612,#1614,#1486,.T.);
#2016=EDGE_CURVE('',#1615,#1613,#1487,.T.);
#2017=EDGE_CURVE('',#1614,#1615,#741,.T.);
#2018=EDGE_CURVE('',#1614,#1616,#1488,.T.);
#2019=EDGE_CURVE('',#1617,#1615,#1489,.T.);
#2020=EDGE_CURVE('',#1616,#1617,#742,.T.);
#2021=EDGE_CURVE('',#1616,#1618,#1490,.T.);
#2022=EDGE_CURVE('',#1619,#1617,#1491,.T.);
#2023=EDGE_CURVE('',#1618,#1619,#743,.T.);
#2024=EDGE_CURVE('',#1618,#1620,#1492,.T.);
#2025=EDGE_CURVE('',#1621,#1619,#1493,.T.);
#2026=EDGE_CURVE('',#1620,#1621,#744,.T.);
#2027=EDGE_CURVE('',#1620,#1622,#1494,.T.);
#2028=EDGE_CURVE('',#1623,#1621,#1495,.T.);
#2029=EDGE_CURVE('',#1622,#1623,#745,.T.);
#2030=EDGE_CURVE('',#1622,#1624,#1496,.T.);
#2031=EDGE_CURVE('',#1625,#1623,#1497,.T.);
#2032=EDGE_CURVE('',#1624,#1625,#746,.T.);
#2033=EDGE_CURVE('',#1624,#1626,#1498,.T.);
#2034=EDGE_CURVE('',#1627,#1625,#1499,.T.);
#2035=EDGE_CURVE('',#1626,#1627,#747,.T.);
#2036=EDGE_CURVE('',#1626,#1628,#1500,.T.);
#2037=EDGE_CURVE('',#1629,#1627,#1501,.T.);
#2038=EDGE_CURVE('',#1628,#1629,#748,.T.);
#2039=EDGE_CURVE('',#1628,#1630,#1502,.T.);
#2040=EDGE_CURVE('',#1631,#1629,#1503,.T.);
#2041=EDGE_CURVE('',#1630,#1631,#749,.T.);
#2042=EDGE_CURVE('',#1630,#1632,#1504,.T.);
#2043=EDGE_CURVE('',#1633,#1631,#1505,.T.);
#2044=EDGE_CURVE('',#1632,#1633,#750,.T.);
#2045=EDGE_CURVE('',#1632,#1634,#1506,.T.);
#2046=EDGE_CURVE('',#1635,#1633,#1507,.T.);
#2047=EDGE_CURVE('',#1634,#1635,#751,.T.);
#2048=EDGE_CURVE('',#1634,#1636,#1508,.T.);
#2049=EDGE_CURVE('',#1637,#1635,#1509,.T.);
#2050=EDGE_CURVE('',#1636,#1637,#752,.T.);
#2051=EDGE_CURVE('',#1636,#1638,#1510,.T.);
#2052=EDGE_CURVE('',#1639,#1637,#1511,.T.);
#2053=EDGE_CURVE('',#1638,#1639,#753,.T.);
#2054=EDGE_CURVE('',#1638,#1640,#1512,.T.);
#2055=EDGE_CURVE('',#1641,#1639,#1513,.T.);
#2056=EDGE_CURVE('',#1640,#1641,#754,.T.);
#2057=EDGE_CURVE('',#1640,#1642,#1514,.T.);
#2058=EDGE_CURVE('',#1643,#1641,#1515,.T.);
#2059=EDGE_CURVE('',#1642,#1643,#755,.T.);
#2060=EDGE_CURVE('',#1642,#1644,#1516,.T.);
#2061=EDGE_CURVE('',#1645,#1643,#1517,.T.);
#2062=EDGE_CURVE('',#1644,#1645,#756,.T.);
#2063=EDGE_CURVE('',#1644,#1646,#1518,.T.);
#2064=EDGE_CURVE('',#1647,#1645,#1519,.T.);
#2065=EDGE_CURVE('',#1646,#1647,#757,.T.);
#2066=EDGE_CURVE('',#1646,#1648,#1520,.T.);
#2067=EDGE_CURVE('',#1649,#1647,#1521,.T.);
#2068=EDGE_CURVE('',#1648,#1649,#758,.T.);
#2069=EDGE_CURVE('',#1648,#1650,#1522,.T.);
#2070=EDGE_CURVE('',#1651,#1649,#1523,.T.);
#2071=EDGE_CURVE('',#1650,#1651,#759,.T.);
#2072=EDGE_CURVE('',#1650,#1652,#1524,.T.);
#2073=EDGE_CURVE('',#1653,#1651,#1525,.T.);
#2074=EDGE_CURVE('',#1652,#1653,#760,.T.);
#2075=EDGE_CURVE('',#1652,#1654,#1526,.T.);
#2076=EDGE_CURVE('',#1655,#1653,#1527,.T.);
#2077=EDGE_CURVE('',#1654,#1655,#761,.T.);
#2078=EDGE_CURVE('',#1654,#1656,#1528,.T.);
#2079=EDGE_CURVE('',#1657,#1655,#1529,.T.);
#2080=EDGE_CURVE('',#1656,#1657,#762,.T.);
#2081=EDGE_CURVE('',#1656,#1658,#1530,.T.);
#2082=EDGE_CURVE('',#1659,#1657,#1531,.T.);
#2083=EDGE_CURVE('',#1658,#1659,#763,.T.);
#2084=EDGE_CURVE('',#1658,#1660,#1532,.T.);
#2085=EDGE_CURVE('',#1661,#1659,#1533,.T.);
#2086=EDGE_CURVE('',#1660,#1661,#764,.T.);
#2087=EDGE_CURVE('',#1660,#1598,#1534,.T.);
#2088=EDGE_CURVE('',#1600,#1661,#1535,.T.);
#2089=EDGE_CURVE('',#1662,#1663,#45,.T.);
#2090=EDGE_CURVE('',#1663,#1664,#46,.T.);
#2091=EDGE_CURVE('',#1665,#1664,#47,.T.);
#2092=EDGE_CURVE('',#1666,#1665,#765,.T.);
#2093=EDGE_CURVE('',#1667,#1666,#48,.T.);
#2094=EDGE_CURVE('',#1668,#1667,#49,.F.);
#2095=EDGE_CURVE('',#1669,#1668,#766,.T.);
#2096=EDGE_CURVE('',#1670,#1669,#767,.T.);
#2097=EDGE_CURVE('',#1671,#1670,#768,.T.);
#2098=EDGE_CURVE('',#1672,#1671,#769,.T.);
#2099=EDGE_CURVE('',#1673,#1672,#770,.T.);
#2100=EDGE_CURVE('',#1674,#1673,#771,.T.);
#2101=EDGE_CURVE('',#1675,#1674,#772,.T.);
#2102=EDGE_CURVE('',#1676,#1675,#773,.T.);
#2103=EDGE_CURVE('',#1677,#1676,#774,.T.);
#2104=EDGE_CURVE('',#1678,#1677,#775,.T.);
#2105=EDGE_CURVE('',#1679,#1678,#776,.T.);
#2106=EDGE_CURVE('',#1680,#1679,#777,.T.);
#2107=EDGE_CURVE('',#1681,#1680,#778,.T.);
#2108=EDGE_CURVE('',#1682,#1681,#779,.T.);
#2109=EDGE_CURVE('',#1683,#1682,#780,.T.);
#2110=EDGE_CURVE('',#1684,#1683,#50,.F.);
#2111=EDGE_CURVE('',#1685,#1684,#51,.T.);
#2112=EDGE_CURVE('',#1686,#1685,#781,.T.);
#2113=EDGE_CURVE('',#1687,#1686,#52,.F.);
#2114=EDGE_CURVE('',#1688,#1687,#782,.T.);
#2115=EDGE_CURVE('',#1689,#1688,#53,.F.);
#2116=EDGE_CURVE('',#1690,#1689,#783,.T.);
#2117=EDGE_CURVE('',#1691,#1690,#54,.T.);
#2118=EDGE_CURVE('',#1692,#1691,#55,.F.);
#2119=EDGE_CURVE('',#1693,#1692,#56,.T.);
#2120=EDGE_CURVE('',#1694,#1693,#784,.T.);
#2121=EDGE_CURVE('',#1694,#1695,#785,.T.);
#2122=EDGE_CURVE('',#1695,#1696,#786,.T.);
#2123=EDGE_CURVE('',#1696,#1697,#787,.T.);
#2124=EDGE_CURVE('',#1698,#1697,#788,.T.);
#2125=EDGE_CURVE('',#1662,#1698,#57,.T.);
#2126=EDGE_CURVE('',#1699,#1700,#789,.T.);
#2127=EDGE_CURVE('',#1701,#1699,#790,.T.);
#2128=EDGE_CURVE('',#1702,#1701,#791,.T.);
#2129=EDGE_CURVE('',#1703,#1702,#792,.T.);
#2130=EDGE_CURVE('',#1704,#1703,#793,.T.);
#2131=EDGE_CURVE('',#1705,#1704,#794,.T.);
#2132=EDGE_CURVE('',#1706,#1705,#795,.T.);
#2133=EDGE_CURVE('',#1700,#1706,#796,.T.);
#2134=EDGE_CURVE('',#1707,#1708,#797,.T.);
#2135=EDGE_CURVE('',#1709,#1707,#798,.T.);
#2136=EDGE_CURVE('',#1710,#1709,#799,.T.);
#2137=EDGE_CURVE('',#1708,#1710,#800,.T.);
#2138=EDGE_CURVE('',#1711,#1712,#801,.T.);
#2139=EDGE_CURVE('',#1713,#1711,#802,.T.);
#2140=EDGE_CURVE('',#1714,#1713,#803,.T.);
#2141=EDGE_CURVE('',#1712,#1714,#804,.T.);
#2142=EDGE_CURVE('',#1715,#1715,#58,.T.);
#2143=EDGE_CURVE('',#1664,#1716,#805,.T.);
#2144=EDGE_CURVE('',#1716,#1717,#59,.T.);
#2145=EDGE_CURVE('',#1717,#1718,#806,.T.);
#2146=EDGE_CURVE('',#1719,#1718,#60,.T.);
#2147=EDGE_CURVE('',#1719,#1665,#807,.T.);
#2148=EDGE_CURVE('',#1720,#1662,#808,.T.);
#2149=EDGE_CURVE('',#1721,#1698,#809,.T.);
#2150=EDGE_CURVE('',#1722,#1721,#61,.T.);
#2151=EDGE_CURVE('',#1722,#1723,#810,.T.);
#2152=EDGE_CURVE('',#1723,#1720,#62,.T.);
#2153=EDGE_CURVE('',#1689,#1724,#811,.T.);
#2154=EDGE_CURVE('',#1725,#1724,#812,.T.);
#2155=EDGE_CURVE('',#1725,#1690,#813,.T.);
#2156=EDGE_CURVE('',#1726,#1688,#814,.T.);
#2157=EDGE_CURVE('',#1687,#1727,#815,.T.);
#2158=EDGE_CURVE('',#1726,#1727,#816,.T.);
#2159=EDGE_CURVE('',#1728,#1691,#817,.T.);
#2160=EDGE_CURVE('',#1728,#1725,#63,.T.);
#2161=EDGE_CURVE('',#1692,#1729,#818,.T.);
#2162=EDGE_CURVE('',#1730,#1729,#64,.T.);
#2163=EDGE_CURVE('',#1730,#1693,#819,.T.);
#2164=EDGE_CURVE('',#1684,#1731,#820,.T.);
#2165=EDGE_CURVE('',#1732,#1731,#65,.T.);
#2166=EDGE_CURVE('',#1732,#1685,#821,.T.);
#2167=EDGE_CURVE('',#1733,#1667,#822,.T.);
#2168=EDGE_CURVE('',#1734,#1666,#823,.T.);
#2169=EDGE_CURVE('',#1733,#1734,#66,.T.);
#2170=EDGE_CURVE('',#1683,#1735,#824,.T.);
#2171=EDGE_CURVE('',#1731,#1735,#67,.T.);
#2172=EDGE_CURVE('',#1736,#1686,#825,.T.);
#2173=EDGE_CURVE('',#1736,#1732,#826,.T.);
#2174=EDGE_CURVE('',#1737,#1733,#68,.T.);
#2175=EDGE_CURVE('',#1737,#1668,#827,.T.);
#2176=EDGE_CURVE('',#1682,#1738,#828,.T.);
#2177=EDGE_CURVE('',#1735,#1738,#829,.T.);
#2178=EDGE_CURVE('',#1739,#1677,#830,.T.);
#2179=EDGE_CURVE('',#1676,#1740,#831,.T.);
#2180=EDGE_CURVE('',#1739,#1740,#832,.T.);
#2181=EDGE_CURVE('',#1741,#1737,#833,.T.);
#2182=EDGE_CURVE('',#1741,#1669,#834,.F.);
#2183=EDGE_CURVE('',#1742,#1739,#835,.T.);
#2184=EDGE_CURVE('',#1742,#1678,#836,.F.);
#2185=EDGE_CURVE('',#1743,#1744,#837,.T.);
#2186=EDGE_CURVE('',#1743,#1710,#838,.F.);
#2187=EDGE_CURVE('',#1744,#1709,#839,.F.);
#2188=EDGE_CURVE('',#1745,#1746,#840,.T.);
#2189=EDGE_CURVE('',#1745,#1707,#841,.F.);
#2190=EDGE_CURVE('',#1746,#1708,#842,.F.);
#2191=EDGE_CURVE('',#1700,#1747,#843,.T.);
#2192=EDGE_CURVE('',#1748,#1747,#844,.T.);
#2193=EDGE_CURVE('',#1748,#1699,#845,.F.);
#2194=EDGE_CURVE('',#1749,#1703,#846,.T.);
#2195=EDGE_CURVE('',#1750,#1702,#847,.F.);
#2196=EDGE_CURVE('',#1749,#1750,#848,.T.);
#2197=EDGE_CURVE('',#1751,#1672,#849,.T.);
#2198=EDGE_CURVE('',#1752,#1671,#850,.T.);
#2199=EDGE_CURVE('',#1751,#1752,#851,.T.);
#2200=EDGE_CURVE('',#1753,#1730,#852,.T.);
#2201=EDGE_CURVE('',#1694,#1753,#853,.T.);
#2202=EDGE_CURVE('',#1754,#1755,#854,.T.);
#2203=EDGE_CURVE('',#1754,#1697,#855,.T.);
#2204=EDGE_CURVE('',#1755,#1696,#856,.F.);
#2205=EDGE_CURVE('',#1756,#1753,#857,.T.);
#2206=EDGE_CURVE('',#1695,#1756,#858,.F.);
#2207=EDGE_CURVE('',#1755,#1756,#859,.T.);
#2208=EDGE_CURVE('',#1718,#1722,#69,.T.);
#2209=EDGE_CURVE('',#1723,#1717,#70,.F.);
#2210=EDGE_CURVE('',#1716,#1757,#71,.T.);
#2211=EDGE_CURVE('',#1757,#1720,#72,.T.);
#2212=EDGE_CURVE('',#1758,#1675,#860,.F.);
#2213=EDGE_CURVE('',#1740,#1758,#861,.T.);
#2214=EDGE_CURVE('',#1758,#1759,#862,.T.);
#2215=EDGE_CURVE('',#1759,#1674,#863,.F.);
#2216=EDGE_CURVE('',#1759,#1760,#864,.T.);
#2217=EDGE_CURVE('',#1760,#1673,#865,.F.);
#2218=EDGE_CURVE('',#1760,#1751,#866,.T.);
#2219=EDGE_CURVE('',#1761,#1762,#867,.T.);
#2220=EDGE_CURVE('',#1761,#1705,#868,.T.);
#2221=EDGE_CURVE('',#1762,#1704,#869,.F.);
#2222=EDGE_CURVE('',#1762,#1749,#870,.T.);
#2223=EDGE_CURVE('',#1763,#1706,#871,.F.);
#2224=EDGE_CURVE('',#1747,#1763,#872,.T.);
#2225=EDGE_CURVE('',#1763,#1761,#873,.T.);
#2226=EDGE_CURVE('',#1750,#1764,#874,.T.);
#2227=EDGE_CURVE('',#1764,#1701,#875,.F.);
#2228=EDGE_CURVE('',#1764,#1748,#876,.T.);
#2229=EDGE_CURVE('',#1744,#1745,#877,.T.);
#2230=EDGE_CURVE('',#1715,#1765,#878,.T.);
#2231=EDGE_CURVE('',#1765,#1765,#73,.T.);
#2232=EDGE_CURVE('',#1746,#1743,#879,.T.);
#2233=EDGE_CURVE('',#1766,#1742,#880,.T.);
#2234=EDGE_CURVE('',#1766,#1679,#881,.T.);
#2235=EDGE_CURVE('',#1767,#1681,#882,.F.);
#2236=EDGE_CURVE('',#1738,#1767,#883,.T.);
#2237=EDGE_CURVE('',#1767,#1768,#884,.T.);
#2238=EDGE_CURVE('',#1768,#1680,#885,.F.);
#2239=EDGE_CURVE('',#1768,#1766,#886,.T.);
#2240=EDGE_CURVE('',#1752,#1769,#887,.T.);
#2241=EDGE_CURVE('',#1769,#1670,#888,.F.);
#2242=EDGE_CURVE('',#1769,#1741,#889,.T.);
#2243=EDGE_CURVE('',#1770,#1771,#890,.T.);
#2244=EDGE_CURVE('',#1770,#1711,#891,.T.);
#2245=EDGE_CURVE('',#1771,#1712,#892,.F.);
#2246=EDGE_CURVE('',#1771,#1772,#893,.T.);
#2247=EDGE_CURVE('',#1772,#1714,#894,.F.);
#2248=EDGE_CURVE('',#1772,#1773,#895,.T.);
#2249=EDGE_CURVE('',#1773,#1713,#896,.F.);
#2250=EDGE_CURVE('',#1773,#1770,#897,.T.);
#2251=EDGE_CURVE('',#1727,#1736,#74,.T.);
#2252=EDGE_CURVE('',#1729,#1728,#75,.T.);
#2253=EDGE_CURVE('',#1724,#1726,#76,.T.);
#2254=EDGE_CURVE('',#1721,#1754,#898,.T.);
#2255=EDGE_CURVE('',#1734,#1719,#899,.T.);
#2256=EDGE_CURVE('',#1774,#1775,#900,.T.);
#2257=EDGE_CURVE('',#1775,#1776,#901,.T.);
#2258=EDGE_CURVE('',#1776,#1777,#902,.T.);
#2259=EDGE_CURVE('',#1777,#1774,#903,.T.);
#2260=EDGE_CURVE('',#1778,#1778,#77,.T.);
#2261=EDGE_CURVE('',#1779,#1780,#904,.T.);
#2262=EDGE_CURVE('',#1780,#1781,#905,.T.);
#2263=EDGE_CURVE('',#1781,#1782,#906,.T.);
#2264=EDGE_CURVE('',#1782,#1779,#907,.T.);
#2265=EDGE_CURVE('',#1783,#1784,#908,.T.);
#2266=EDGE_CURVE('',#1784,#1785,#909,.T.);
#2267=EDGE_CURVE('',#1785,#1786,#910,.T.);
#2268=EDGE_CURVE('',#1786,#1783,#911,.T.);
#2269=EDGE_CURVE('',#1787,#1788,#912,.T.);
#2270=EDGE_CURVE('',#1788,#1789,#913,.T.);
#2271=EDGE_CURVE('',#1789,#1790,#914,.T.);
#2272=EDGE_CURVE('',#1790,#1787,#915,.T.);
#2273=EDGE_CURVE('',#1791,#1792,#916,.T.);
#2274=EDGE_CURVE('',#1792,#1793,#917,.T.);
#2275=EDGE_CURVE('',#1793,#1794,#918,.T.);
#2276=EDGE_CURVE('',#1794,#1791,#919,.T.);
#2277=EDGE_CURVE('',#1795,#1796,#920,.T.);
#2278=EDGE_CURVE('',#1795,#1797,#921,.T.);
#2279=EDGE_CURVE('',#1797,#1798,#922,.T.);
#2280=EDGE_CURVE('',#1796,#1798,#923,.T.);
#2281=EDGE_CURVE('',#1799,#1795,#924,.T.);
#2282=EDGE_CURVE('',#1799,#1800,#925,.T.);
#2283=EDGE_CURVE('',#1800,#1797,#926,.T.);
#2284=EDGE_CURVE('',#1801,#1799,#927,.T.);
#2285=EDGE_CURVE('',#1801,#1802,#928,.T.);
#2286=EDGE_CURVE('',#1802,#1800,#929,.T.);
#2287=EDGE_CURVE('',#1796,#1801,#930,.T.);
#2288=EDGE_CURVE('',#1798,#1802,#931,.T.);
#2289=EDGE_CURVE('',#1803,#1803,#78,.T.);
#2290=EDGE_CURVE('',#1803,#1757,#932,.T.);
#2291=EDGE_CURVE('',#1663,#1804,#933,.T.);
#2292=EDGE_CURVE('',#1804,#1804,#79,.T.);
#2293=EDGE_CURVE('',#1805,#1806,#934,.T.);
#2294=EDGE_CURVE('',#1805,#1807,#935,.T.);
#2295=EDGE_CURVE('',#1808,#1807,#936,.T.);
#2296=EDGE_CURVE('',#1806,#1808,#937,.T.);
#2297=EDGE_CURVE('',#1809,#1805,#938,.T.);
#2298=EDGE_CURVE('',#1809,#1810,#939,.T.);
#2299=EDGE_CURVE('',#1807,#1810,#940,.T.);
#2300=EDGE_CURVE('',#1811,#1809,#941,.T.);
#2301=EDGE_CURVE('',#1811,#1812,#942,.T.);
#2302=EDGE_CURVE('',#1810,#1812,#943,.T.);
#2303=EDGE_CURVE('',#1806,#1811,#944,.T.);
#2304=EDGE_CURVE('',#1812,#1808,#945,.T.);
#2305=EDGE_CURVE('',#1779,#1813,#946,.T.);
#2306=EDGE_CURVE('',#1814,#1813,#947,.T.);
#2307=EDGE_CURVE('',#1780,#1814,#948,.T.);
#2308=EDGE_CURVE('',#1782,#1815,#949,.T.);
#2309=EDGE_CURVE('',#1813,#1815,#950,.T.);
#2310=EDGE_CURVE('',#1781,#1816,#951,.T.);
#2311=EDGE_CURVE('',#1815,#1816,#952,.T.);
#2312=EDGE_CURVE('',#1816,#1814,#953,.T.);
#2313=EDGE_CURVE('',#1783,#1817,#954,.T.);
#2314=EDGE_CURVE('',#1818,#1817,#955,.T.);
#2315=EDGE_CURVE('',#1784,#1818,#956,.T.);
#2316=EDGE_CURVE('',#1786,#1819,#957,.T.);
#2317=EDGE_CURVE('',#1817,#1819,#958,.T.);
#2318=EDGE_CURVE('',#1785,#1820,#959,.T.);
#2319=EDGE_CURVE('',#1819,#1820,#960,.T.);
#2320=EDGE_CURVE('',#1820,#1818,#961,.T.);
#2321=EDGE_CURVE('',#1791,#1821,#962,.T.);
#2322=EDGE_CURVE('',#1822,#1821,#963,.T.);
#2323=EDGE_CURVE('',#1792,#1822,#964,.T.);
#2324=EDGE_CURVE('',#1794,#1823,#965,.T.);
#2325=EDGE_CURVE('',#1821,#1823,#966,.T.);
#2326=EDGE_CURVE('',#1793,#1824,#967,.T.);
#2327=EDGE_CURVE('',#1823,#1824,#968,.T.);
#2328=EDGE_CURVE('',#1824,#1822,#969,.T.);
#2329=EDGE_CURVE('',#1778,#1825,#970,.T.);
#2330=EDGE_CURVE('',#1825,#1825,#80,.T.);
#2331=EDGE_CURVE('',#1787,#1826,#971,.T.);
#2332=EDGE_CURVE('',#1827,#1826,#972,.T.);
#2333=EDGE_CURVE('',#1788,#1827,#973,.T.);
#2334=EDGE_CURVE('',#1790,#1828,#974,.T.);
#2335=EDGE_CURVE('',#1826,#1828,#975,.T.);
#2336=EDGE_CURVE('',#1789,#1829,#976,.T.);
#2337=EDGE_CURVE('',#1828,#1829,#977,.T.);
#2338=EDGE_CURVE('',#1829,#1827,#978,.T.);
#2339=EDGE_CURVE('',#1830,#1831,#979,.T.);
#2340=EDGE_CURVE('',#1830,#1832,#980,.T.);
#2341=EDGE_CURVE('',#1833,#1832,#981,.T.);
#2342=EDGE_CURVE('',#1831,#1833,#982,.T.);
#2343=EDGE_CURVE('',#1834,#1830,#983,.T.);
#2344=EDGE_CURVE('',#1834,#1835,#984,.T.);
#2345=EDGE_CURVE('',#1832,#1835,#985,.T.);
#2346=EDGE_CURVE('',#1836,#1834,#986,.T.);
#2347=EDGE_CURVE('',#1836,#1837,#987,.T.);
#2348=EDGE_CURVE('',#1835,#1837,#988,.T.);
#2349=EDGE_CURVE('',#1831,#1836,#989,.T.);
#2350=EDGE_CURVE('',#1837,#1833,#990,.T.);
#2351=EDGE_CURVE('',#1838,#1839,#991,.T.);
#2352=EDGE_CURVE('',#1838,#1840,#992,.T.);
#2353=EDGE_CURVE('',#1841,#1840,#993,.T.);
#2354=EDGE_CURVE('',#1839,#1841,#994,.T.);
#2355=EDGE_CURVE('',#1842,#1838,#995,.T.);
#2356=EDGE_CURVE('',#1842,#1843,#996,.T.);
#2357=EDGE_CURVE('',#1840,#1843,#997,.T.);
#2358=EDGE_CURVE('',#1844,#1842,#998,.T.);
#2359=EDGE_CURVE('',#1844,#1845,#999,.T.);
#2360=EDGE_CURVE('',#1843,#1845,#1000,.T.);
#2361=EDGE_CURVE('',#1839,#1844,#1001,.T.);
#2362=EDGE_CURVE('',#1845,#1841,#1002,.T.);
#2363=EDGE_CURVE('',#1774,#1846,#1003,.T.);
#2364=EDGE_CURVE('',#1847,#1846,#1004,.T.);
#2365=EDGE_CURVE('',#1775,#1847,#1005,.T.);
#2366=EDGE_CURVE('',#1777,#1848,#1006,.T.);
#2367=EDGE_CURVE('',#1846,#1848,#1007,.T.);
#2368=EDGE_CURVE('',#1776,#1849,#1008,.T.);
#2369=EDGE_CURVE('',#1848,#1849,#1009,.T.);
#2370=EDGE_CURVE('',#1849,#1847,#1010,.T.);
#2371=EDGE_CURVE('',#1850,#1850,#81,.T.);
#2372=EDGE_CURVE('',#1850,#1851,#1011,.T.);
#2373=EDGE_CURVE('',#1851,#1851,#82,.T.);
#2374=EDGE_CURVE('',#1852,#1852,#83,.T.);
#2375=EDGE_CURVE('',#1852,#1853,#1012,.T.);
#2376=EDGE_CURVE('',#1853,#1853,#84,.T.);
#2377=EDGE_CURVE('',#1854,#1854,#85,.T.);
#2378=EDGE_CURVE('',#1854,#1855,#1013,.T.);
#2379=EDGE_CURVE('',#1855,#1855,#86,.T.);
#2380=EDGE_CURVE('',#1856,#1856,#87,.T.);
#2381=EDGE_CURVE('',#1856,#1857,#1014,.T.);
#2382=EDGE_CURVE('',#1857,#1857,#88,.T.);
#2383=EDGE_CURVE('',#1858,#1859,#1015,.T.);
#2384=EDGE_CURVE('',#1859,#1860,#89,.T.);
#2385=EDGE_CURVE('',#1860,#1861,#1016,.T.);
#2386=EDGE_CURVE('',#1861,#1862,#90,.T.);
#2387=EDGE_CURVE('',#1862,#1863,#1017,.T.);
#2388=EDGE_CURVE('',#1863,#1864,#91,.T.);
#2389=EDGE_CURVE('',#1864,#1865,#1018,.T.);
#2390=EDGE_CURVE('',#1865,#1858,#1019,.T.);
#2391=EDGE_CURVE('',#1866,#1867,#1020,.T.);
#2392=EDGE_CURVE('',#1866,#1858,#1021,.T.);
#2393=EDGE_CURVE('',#1867,#1865,#1022,.T.);
#2394=EDGE_CURVE('',#1867,#1868,#1023,.T.);
#2395=EDGE_CURVE('',#1868,#1864,#1024,.T.);
#2396=EDGE_CURVE('',#1869,#1868,#92,.T.);
#2397=EDGE_CURVE('',#1869,#1863,#1025,.T.);
#2398=EDGE_CURVE('',#1869,#1870,#1026,.T.);
#2399=EDGE_CURVE('',#1870,#1862,#1027,.T.);
#2400=EDGE_CURVE('',#1871,#1870,#93,.T.);
#2401=EDGE_CURVE('',#1871,#1861,#1028,.T.);
#2402=EDGE_CURVE('',#1871,#1872,#1029,.T.);
#2403=EDGE_CURVE('',#1872,#1860,#1030,.T.);
#2404=EDGE_CURVE('',#1873,#1872,#94,.T.);
#2405=EDGE_CURVE('',#1873,#1859,#1031,.T.);
#2406=EDGE_CURVE('',#1873,#1866,#1032,.T.);
#2407=EDGE_CURVE('',#1874,#1874,#95,.T.);
#2408=EDGE_CURVE('',#1874,#1875,#1033,.T.);
#2409=EDGE_CURVE('',#1875,#1875,#96,.T.);
#2410=EDGE_CURVE('',#1876,#1876,#97,.T.);
#2411=EDGE_CURVE('',#1876,#1877,#1034,.T.);
#2412=EDGE_CURVE('',#1877,#1877,#98,.T.);
#2413=EDGE_CURVE('',#1878,#1878,#99,.T.);
#2414=EDGE_CURVE('',#1878,#1879,#1035,.T.);
#2415=EDGE_CURVE('',#1879,#1879,#100,.T.);
#2416=EDGE_CURVE('',#1880,#1880,#101,.T.);
#2417=EDGE_CURVE('',#1880,#1881,#1036,.T.);
#2418=EDGE_CURVE('',#1881,#1881,#102,.T.);
#2419=EDGE_CURVE('',#1882,#1882,#103,.T.);
#2420=EDGE_CURVE('',#1882,#1883,#1037,.T.);
#2421=EDGE_CURVE('',#1883,#1883,#104,.T.);
#2422=EDGE_CURVE('',#1884,#1885,#1038,.T.);
#2423=EDGE_CURVE('',#1885,#1886,#1039,.T.);
#2424=EDGE_CURVE('',#1887,#1886,#1040,.T.);
#2425=EDGE_CURVE('',#1884,#1887,#1041,.T.);
#2426=EDGE_CURVE('',#1888,#1884,#105,.T.);
#2427=EDGE_CURVE('',#1889,#1887,#106,.T.);
#2428=EDGE_CURVE('',#1888,#1889,#1042,.T.);
#2429=EDGE_CURVE('',#1890,#1888,#1043,.T.);
#2430=EDGE_CURVE('',#1891,#1889,#1044,.T.);
#2431=EDGE_CURVE('',#1890,#1891,#1045,.T.);
#2432=EDGE_CURVE('',#1892,#1890,#107,.T.);
#2433=EDGE_CURVE('',#1893,#1891,#108,.T.);
#2434=EDGE_CURVE('',#1892,#1893,#1046,.T.);
#2435=EDGE_CURVE('',#1894,#1892,#1047,.T.);
#2436=EDGE_CURVE('',#1895,#1893,#1048,.T.);
#2437=EDGE_CURVE('',#1894,#1895,#1049,.T.);
#2438=EDGE_CURVE('',#1896,#1894,#1050,.T.);
#2439=EDGE_CURVE('',#1897,#1895,#1051,.T.);
#2440=EDGE_CURVE('',#1896,#1897,#1052,.T.);
#2441=EDGE_CURVE('',#1898,#1896,#1053,.T.);
#2442=EDGE_CURVE('',#1899,#1897,#1054,.T.);
#2443=EDGE_CURVE('',#1898,#1899,#1055,.T.);
#2444=EDGE_CURVE('',#1885,#1898,#109,.T.);
#2445=EDGE_CURVE('',#1886,#1899,#110,.T.);
#2446=ORIENTED_EDGE('',*,*,#1900,.F.);
#2447=ORIENTED_EDGE('',*,*,#1901,.T.);
#2448=ORIENTED_EDGE('',*,*,#1902,.F.);
#2449=ORIENTED_EDGE('',*,*,#1903,.F.);
#2450=ORIENTED_EDGE('',*,*,#1904,.F.);
#2451=ORIENTED_EDGE('',*,*,#1903,.T.);
#2452=ORIENTED_EDGE('',*,*,#1905,.F.);
#2453=ORIENTED_EDGE('',*,*,#1906,.F.);
#2454=ORIENTED_EDGE('',*,*,#1907,.F.);
#2455=ORIENTED_EDGE('',*,*,#1906,.T.);
#2456=ORIENTED_EDGE('',*,*,#1908,.F.);
#2457=ORIENTED_EDGE('',*,*,#1909,.F.);
#2458=ORIENTED_EDGE('',*,*,#1910,.F.);
#2459=ORIENTED_EDGE('',*,*,#1909,.T.);
#2460=ORIENTED_EDGE('',*,*,#1911,.F.);
#2461=ORIENTED_EDGE('',*,*,#1912,.F.);
#2462=ORIENTED_EDGE('',*,*,#1913,.F.);
#2463=ORIENTED_EDGE('',*,*,#1912,.T.);
#2464=ORIENTED_EDGE('',*,*,#1914,.F.);
#2465=ORIENTED_EDGE('',*,*,#1915,.F.);
#2466=ORIENTED_EDGE('',*,*,#1916,.F.);
#2467=ORIENTED_EDGE('',*,*,#1915,.T.);
#2468=ORIENTED_EDGE('',*,*,#1917,.F.);
#2469=ORIENTED_EDGE('',*,*,#1918,.F.);
#2470=ORIENTED_EDGE('',*,*,#1919,.F.);
#2471=ORIENTED_EDGE('',*,*,#1918,.T.);
#2472=ORIENTED_EDGE('',*,*,#1920,.F.);
#2473=ORIENTED_EDGE('',*,*,#1921,.F.);
#2474=ORIENTED_EDGE('',*,*,#1922,.F.);
#2475=ORIENTED_EDGE('',*,*,#1921,.T.);
#2476=ORIENTED_EDGE('',*,*,#1923,.F.);
#2477=ORIENTED_EDGE('',*,*,#1924,.F.);
#2478=ORIENTED_EDGE('',*,*,#1925,.F.);
#2479=ORIENTED_EDGE('',*,*,#1924,.T.);
#2480=ORIENTED_EDGE('',*,*,#1926,.F.);
#2481=ORIENTED_EDGE('',*,*,#1927,.F.);
#2482=ORIENTED_EDGE('',*,*,#1928,.F.);
#2483=ORIENTED_EDGE('',*,*,#1927,.T.);
#2484=ORIENTED_EDGE('',*,*,#1929,.F.);
#2485=ORIENTED_EDGE('',*,*,#1930,.F.);
#2486=ORIENTED_EDGE('',*,*,#1931,.F.);
#2487=ORIENTED_EDGE('',*,*,#1930,.T.);
#2488=ORIENTED_EDGE('',*,*,#1932,.F.);
#2489=ORIENTED_EDGE('',*,*,#1933,.F.);
#2490=ORIENTED_EDGE('',*,*,#1934,.F.);
#2491=ORIENTED_EDGE('',*,*,#1933,.T.);
#2492=ORIENTED_EDGE('',*,*,#1935,.F.);
#2493=ORIENTED_EDGE('',*,*,#1936,.F.);
#2494=ORIENTED_EDGE('',*,*,#1937,.F.);
#2495=ORIENTED_EDGE('',*,*,#1936,.T.);
#2496=ORIENTED_EDGE('',*,*,#1938,.F.);
#2497=ORIENTED_EDGE('',*,*,#1939,.F.);
#2498=ORIENTED_EDGE('',*,*,#1940,.F.);
#2499=ORIENTED_EDGE('',*,*,#1939,.T.);
#2500=ORIENTED_EDGE('',*,*,#1941,.F.);
#2501=ORIENTED_EDGE('',*,*,#1901,.F.);
#2502=ORIENTED_EDGE('',*,*,#1941,.T.);
#2503=ORIENTED_EDGE('',*,*,#1938,.T.);
#2504=ORIENTED_EDGE('',*,*,#1935,.T.);
#2505=ORIENTED_EDGE('',*,*,#1932,.T.);
#2506=ORIENTED_EDGE('',*,*,#1929,.T.);
#2507=ORIENTED_EDGE('',*,*,#1926,.T.);
#2508=ORIENTED_EDGE('',*,*,#1923,.T.);
#2509=ORIENTED_EDGE('',*,*,#1920,.T.);
#2510=ORIENTED_EDGE('',*,*,#1917,.T.);
#2511=ORIENTED_EDGE('',*,*,#1914,.T.);
#2512=ORIENTED_EDGE('',*,*,#1911,.T.);
#2513=ORIENTED_EDGE('',*,*,#1908,.T.);
#2514=ORIENTED_EDGE('',*,*,#1905,.T.);
#2515=ORIENTED_EDGE('',*,*,#1902,.T.);
#2516=ORIENTED_EDGE('',*,*,#1942,.F.);
#2517=ORIENTED_EDGE('',*,*,#1943,.T.);
#2518=ORIENTED_EDGE('',*,*,#1944,.F.);
#2519=ORIENTED_EDGE('',*,*,#1945,.F.);
#2520=ORIENTED_EDGE('',*,*,#1946,.F.);
#2521=ORIENTED_EDGE('',*,*,#1945,.T.);
#2522=ORIENTED_EDGE('',*,*,#1947,.F.);
#2523=ORIENTED_EDGE('',*,*,#1948,.F.);
#2524=ORIENTED_EDGE('',*,*,#1949,.F.);
#2525=ORIENTED_EDGE('',*,*,#1948,.T.);
#2526=ORIENTED_EDGE('',*,*,#1950,.F.);
#2527=ORIENTED_EDGE('',*,*,#1951,.F.);
#2528=ORIENTED_EDGE('',*,*,#1952,.F.);
#2529=ORIENTED_EDGE('',*,*,#1951,.T.);
#2530=ORIENTED_EDGE('',*,*,#1953,.F.);
#2531=ORIENTED_EDGE('',*,*,#1954,.F.);
#2532=ORIENTED_EDGE('',*,*,#1955,.F.);
#2533=ORIENTED_EDGE('',*,*,#1954,.T.);
#2534=ORIENTED_EDGE('',*,*,#1956,.F.);
#2535=ORIENTED_EDGE('',*,*,#1957,.F.);
#2536=ORIENTED_EDGE('',*,*,#1958,.F.);
#2537=ORIENTED_EDGE('',*,*,#1957,.T.);
#2538=ORIENTED_EDGE('',*,*,#1959,.F.);
#2539=ORIENTED_EDGE('',*,*,#1960,.F.);
#2540=ORIENTED_EDGE('',*,*,#1961,.F.);
#2541=ORIENTED_EDGE('',*,*,#1960,.T.);
#2542=ORIENTED_EDGE('',*,*,#1962,.F.);
#2543=ORIENTED_EDGE('',*,*,#1963,.F.);
#2544=ORIENTED_EDGE('',*,*,#1964,.F.);
#2545=ORIENTED_EDGE('',*,*,#1963,.T.);
#2546=ORIENTED_EDGE('',*,*,#1965,.F.);
#2547=ORIENTED_EDGE('',*,*,#1966,.F.);
#2548=ORIENTED_EDGE('',*,*,#1967,.F.);
#2549=ORIENTED_EDGE('',*,*,#1966,.T.);
#2550=ORIENTED_EDGE('',*,*,#1968,.F.);
#2551=ORIENTED_EDGE('',*,*,#1943,.F.);
#2552=ORIENTED_EDGE('',*,*,#1968,.T.);
#2553=ORIENTED_EDGE('',*,*,#1965,.T.);
#2554=ORIENTED_EDGE('',*,*,#1962,.T.);
#2555=ORIENTED_EDGE('',*,*,#1959,.T.);
#2556=ORIENTED_EDGE('',*,*,#1956,.T.);
#2557=ORIENTED_EDGE('',*,*,#1953,.T.);
#2558=ORIENTED_EDGE('',*,*,#1950,.T.);
#2559=ORIENTED_EDGE('',*,*,#1947,.T.);
#2560=ORIENTED_EDGE('',*,*,#1944,.T.);
#2561=ORIENTED_EDGE('',*,*,#1969,.F.);
#2562=ORIENTED_EDGE('',*,*,#1970,.T.);
#2563=ORIENTED_EDGE('',*,*,#1971,.F.);
#2564=ORIENTED_EDGE('',*,*,#1972,.F.);
#2565=ORIENTED_EDGE('',*,*,#1973,.F.);
#2566=ORIENTED_EDGE('',*,*,#1972,.T.);
#2567=ORIENTED_EDGE('',*,*,#1974,.F.);
#2568=ORIENTED_EDGE('',*,*,#1975,.F.);
#2569=ORIENTED_EDGE('',*,*,#1976,.F.);
#2570=ORIENTED_EDGE('',*,*,#1975,.T.);
#2571=ORIENTED_EDGE('',*,*,#1977,.F.);
#2572=ORIENTED_EDGE('',*,*,#1978,.F.);
#2573=ORIENTED_EDGE('',*,*,#1979,.F.);
#2574=ORIENTED_EDGE('',*,*,#1978,.T.);
#2575=ORIENTED_EDGE('',*,*,#1980,.F.);
#2576=ORIENTED_EDGE('',*,*,#1981,.F.);
#2577=ORIENTED_EDGE('',*,*,#1982,.F.);
#2578=ORIENTED_EDGE('',*,*,#1981,.T.);
#2579=ORIENTED_EDGE('',*,*,#1983,.F.);
#2580=ORIENTED_EDGE('',*,*,#1984,.F.);
#2581=ORIENTED_EDGE('',*,*,#1985,.F.);
#2582=ORIENTED_EDGE('',*,*,#1984,.T.);
#2583=ORIENTED_EDGE('',*,*,#1986,.F.);
#2584=ORIENTED_EDGE('',*,*,#1987,.F.);
#2585=ORIENTED_EDGE('',*,*,#1988,.F.);
#2586=ORIENTED_EDGE('',*,*,#1987,.T.);
#2587=ORIENTED_EDGE('',*,*,#1989,.F.);
#2588=ORIENTED_EDGE('',*,*,#1990,.F.);
#2589=ORIENTED_EDGE('',*,*,#1991,.F.);
#2590=ORIENTED_EDGE('',*,*,#1990,.T.);
#2591=ORIENTED_EDGE('',*,*,#1992,.F.);
#2592=ORIENTED_EDGE('',*,*,#1970,.F.);
#2593=ORIENTED_EDGE('',*,*,#1993,.F.);
#2594=ORIENTED_EDGE('',*,*,#1994,.T.);
#2595=ORIENTED_EDGE('',*,*,#1995,.F.);
#2596=ORIENTED_EDGE('',*,*,#1996,.F.);
#2597=ORIENTED_EDGE('',*,*,#1997,.F.);
#2598=ORIENTED_EDGE('',*,*,#1996,.T.);
#2599=ORIENTED_EDGE('',*,*,#1998,.F.);
#2600=ORIENTED_EDGE('',*,*,#1999,.F.);
#2601=ORIENTED_EDGE('',*,*,#2000,.F.);
#2602=ORIENTED_EDGE('',*,*,#1999,.T.);
#2603=ORIENTED_EDGE('',*,*,#2001,.F.);
#2604=ORIENTED_EDGE('',*,*,#2002,.F.);
#2605=ORIENTED_EDGE('',*,*,#2003,.F.);
#2606=ORIENTED_EDGE('',*,*,#2002,.T.);
#2607=ORIENTED_EDGE('',*,*,#2004,.F.);
#2608=ORIENTED_EDGE('',*,*,#2005,.F.);
#2609=ORIENTED_EDGE('',*,*,#2006,.F.);
#2610=ORIENTED_EDGE('',*,*,#2005,.T.);
#2611=ORIENTED_EDGE('',*,*,#2007,.F.);
#2612=ORIENTED_EDGE('',*,*,#2008,.F.);
#2613=ORIENTED_EDGE('',*,*,#2009,.F.);
#2614=ORIENTED_EDGE('',*,*,#2008,.T.);
#2615=ORIENTED_EDGE('',*,*,#2010,.F.);
#2616=ORIENTED_EDGE('',*,*,#2011,.F.);
#2617=ORIENTED_EDGE('',*,*,#2012,.F.);
#2618=ORIENTED_EDGE('',*,*,#2011,.T.);
#2619=ORIENTED_EDGE('',*,*,#2013,.F.);
#2620=ORIENTED_EDGE('',*,*,#2014,.F.);
#2621=ORIENTED_EDGE('',*,*,#2015,.F.);
#2622=ORIENTED_EDGE('',*,*,#2014,.T.);
#2623=ORIENTED_EDGE('',*,*,#2016,.F.);
#2624=ORIENTED_EDGE('',*,*,#2017,.F.);
#2625=ORIENTED_EDGE('',*,*,#2018,.F.);
#2626=ORIENTED_EDGE('',*,*,#2017,.T.);
#2627=ORIENTED_EDGE('',*,*,#2019,.F.);
#2628=ORIENTED_EDGE('',*,*,#2020,.F.);
#2629=ORIENTED_EDGE('',*,*,#2021,.F.);
#2630=ORIENTED_EDGE('',*,*,#2020,.T.);
#2631=ORIENTED_EDGE('',*,*,#2022,.F.);
#2632=ORIENTED_EDGE('',*,*,#2023,.F.);
#2633=ORIENTED_EDGE('',*,*,#2024,.F.);
#2634=ORIENTED_EDGE('',*,*,#2023,.T.);
#2635=ORIENTED_EDGE('',*,*,#2025,.F.);
#2636=ORIENTED_EDGE('',*,*,#2026,.F.);
#2637=ORIENTED_EDGE('',*,*,#2027,.F.);
#2638=ORIENTED_EDGE('',*,*,#2026,.T.);
#2639=ORIENTED_EDGE('',*,*,#2028,.F.);
#2640=ORIENTED_EDGE('',*,*,#2029,.F.);
#2641=ORIENTED_EDGE('',*,*,#2030,.F.);
#2642=ORIENTED_EDGE('',*,*,#2029,.T.);
#2643=ORIENTED_EDGE('',*,*,#2031,.F.);
#2644=ORIENTED_EDGE('',*,*,#2032,.F.);
#2645=ORIENTED_EDGE('',*,*,#2033,.F.);
#2646=ORIENTED_EDGE('',*,*,#2032,.T.);
#2647=ORIENTED_EDGE('',*,*,#2034,.F.);
#2648=ORIENTED_EDGE('',*,*,#2035,.F.);
#2649=ORIENTED_EDGE('',*,*,#2036,.F.);
#2650=ORIENTED_EDGE('',*,*,#2035,.T.);
#2651=ORIENTED_EDGE('',*,*,#2037,.F.);
#2652=ORIENTED_EDGE('',*,*,#2038,.F.);
#2653=ORIENTED_EDGE('',*,*,#2039,.F.);
#2654=ORIENTED_EDGE('',*,*,#2038,.T.);
#2655=ORIENTED_EDGE('',*,*,#2040,.F.);
#2656=ORIENTED_EDGE('',*,*,#2041,.F.);
#2657=ORIENTED_EDGE('',*,*,#2042,.F.);
#2658=ORIENTED_EDGE('',*,*,#2041,.T.);
#2659=ORIENTED_EDGE('',*,*,#2043,.F.);
#2660=ORIENTED_EDGE('',*,*,#2044,.F.);
#2661=ORIENTED_EDGE('',*,*,#2045,.F.);
#2662=ORIENTED_EDGE('',*,*,#2044,.T.);
#2663=ORIENTED_EDGE('',*,*,#2046,.F.);
#2664=ORIENTED_EDGE('',*,*,#2047,.F.);
#2665=ORIENTED_EDGE('',*,*,#2048,.F.);
#2666=ORIENTED_EDGE('',*,*,#2047,.T.);
#2667=ORIENTED_EDGE('',*,*,#2049,.F.);
#2668=ORIENTED_EDGE('',*,*,#2050,.F.);
#2669=ORIENTED_EDGE('',*,*,#2051,.F.);
#2670=ORIENTED_EDGE('',*,*,#2050,.T.);
#2671=ORIENTED_EDGE('',*,*,#2052,.F.);
#2672=ORIENTED_EDGE('',*,*,#2053,.F.);
#2673=ORIENTED_EDGE('',*,*,#2054,.F.);
#2674=ORIENTED_EDGE('',*,*,#2053,.T.);
#2675=ORIENTED_EDGE('',*,*,#2055,.F.);
#2676=ORIENTED_EDGE('',*,*,#2056,.F.);
#2677=ORIENTED_EDGE('',*,*,#2057,.F.);
#2678=ORIENTED_EDGE('',*,*,#2056,.T.);
#2679=ORIENTED_EDGE('',*,*,#2058,.F.);
#2680=ORIENTED_EDGE('',*,*,#2059,.F.);
#2681=ORIENTED_EDGE('',*,*,#2060,.F.);
#2682=ORIENTED_EDGE('',*,*,#2059,.T.);
#2683=ORIENTED_EDGE('',*,*,#2061,.F.);
#2684=ORIENTED_EDGE('',*,*,#2062,.F.);
#2685=ORIENTED_EDGE('',*,*,#2063,.F.);
#2686=ORIENTED_EDGE('',*,*,#2062,.T.);
#2687=ORIENTED_EDGE('',*,*,#2064,.F.);
#2688=ORIENTED_EDGE('',*,*,#2065,.F.);
#2689=ORIENTED_EDGE('',*,*,#2066,.F.);
#2690=ORIENTED_EDGE('',*,*,#2065,.T.);
#2691=ORIENTED_EDGE('',*,*,#2067,.F.);
#2692=ORIENTED_EDGE('',*,*,#2068,.F.);
#2693=ORIENTED_EDGE('',*,*,#2069,.F.);
#2694=ORIENTED_EDGE('',*,*,#2068,.T.);
#2695=ORIENTED_EDGE('',*,*,#2070,.F.);
#2696=ORIENTED_EDGE('',*,*,#2071,.F.);
#2697=ORIENTED_EDGE('',*,*,#2072,.F.);
#2698=ORIENTED_EDGE('',*,*,#2071,.T.);
#2699=ORIENTED_EDGE('',*,*,#2073,.F.);
#2700=ORIENTED_EDGE('',*,*,#2074,.F.);
#2701=ORIENTED_EDGE('',*,*,#2075,.F.);
#2702=ORIENTED_EDGE('',*,*,#2074,.T.);
#2703=ORIENTED_EDGE('',*,*,#2076,.F.);
#2704=ORIENTED_EDGE('',*,*,#2077,.F.);
#2705=ORIENTED_EDGE('',*,*,#2078,.F.);
#2706=ORIENTED_EDGE('',*,*,#2077,.T.);
#2707=ORIENTED_EDGE('',*,*,#2079,.F.);
#2708=ORIENTED_EDGE('',*,*,#2080,.F.);
#2709=ORIENTED_EDGE('',*,*,#2081,.F.);
#2710=ORIENTED_EDGE('',*,*,#2080,.T.);
#2711=ORIENTED_EDGE('',*,*,#2082,.F.);
#2712=ORIENTED_EDGE('',*,*,#2083,.F.);
#2713=ORIENTED_EDGE('',*,*,#2084,.F.);
#2714=ORIENTED_EDGE('',*,*,#2083,.T.);
#2715=ORIENTED_EDGE('',*,*,#2085,.F.);
#2716=ORIENTED_EDGE('',*,*,#2086,.F.);
#2717=ORIENTED_EDGE('',*,*,#2087,.F.);
#2718=ORIENTED_EDGE('',*,*,#2086,.T.);
#2719=ORIENTED_EDGE('',*,*,#2088,.F.);
#2720=ORIENTED_EDGE('',*,*,#1994,.F.);
#2721=ORIENTED_EDGE('',*,*,#2088,.T.);
#2722=ORIENTED_EDGE('',*,*,#2085,.T.);
#2723=ORIENTED_EDGE('',*,*,#2082,.T.);
#2724=ORIENTED_EDGE('',*,*,#2079,.T.);
#2725=ORIENTED_EDGE('',*,*,#2076,.T.);
#2726=ORIENTED_EDGE('',*,*,#2073,.T.);
#2727=ORIENTED_EDGE('',*,*,#2070,.T.);
#2728=ORIENTED_EDGE('',*,*,#2067,.T.);
#2729=ORIENTED_EDGE('',*,*,#2064,.T.);
#2730=ORIENTED_EDGE('',*,*,#2061,.T.);
#2731=ORIENTED_EDGE('',*,*,#2058,.T.);
#2732=ORIENTED_EDGE('',*,*,#2055,.T.);
#2733=ORIENTED_EDGE('',*,*,#2052,.T.);
#2734=ORIENTED_EDGE('',*,*,#2049,.T.);
#2735=ORIENTED_EDGE('',*,*,#2046,.T.);
#2736=ORIENTED_EDGE('',*,*,#2043,.T.);
#2737=ORIENTED_EDGE('',*,*,#2040,.T.);
#2738=ORIENTED_EDGE('',*,*,#2037,.T.);
#2739=ORIENTED_EDGE('',*,*,#2034,.T.);
#2740=ORIENTED_EDGE('',*,*,#2031,.T.);
#2741=ORIENTED_EDGE('',*,*,#2028,.T.);
#2742=ORIENTED_EDGE('',*,*,#2025,.T.);
#2743=ORIENTED_EDGE('',*,*,#2022,.T.);
#2744=ORIENTED_EDGE('',*,*,#2019,.T.);
#2745=ORIENTED_EDGE('',*,*,#2016,.T.);
#2746=ORIENTED_EDGE('',*,*,#2013,.T.);
#2747=ORIENTED_EDGE('',*,*,#2010,.T.);
#2748=ORIENTED_EDGE('',*,*,#2007,.T.);
#2749=ORIENTED_EDGE('',*,*,#2004,.T.);
#2750=ORIENTED_EDGE('',*,*,#2001,.T.);
#2751=ORIENTED_EDGE('',*,*,#1998,.T.);
#2752=ORIENTED_EDGE('',*,*,#1995,.T.);
#2753=ORIENTED_EDGE('',*,*,#1992,.T.);
#2754=ORIENTED_EDGE('',*,*,#1989,.T.);
#2755=ORIENTED_EDGE('',*,*,#1986,.T.);
#2756=ORIENTED_EDGE('',*,*,#1983,.T.);
#2757=ORIENTED_EDGE('',*,*,#1980,.T.);
#2758=ORIENTED_EDGE('',*,*,#1977,.T.);
#2759=ORIENTED_EDGE('',*,*,#1974,.T.);
#2760=ORIENTED_EDGE('',*,*,#1971,.T.);
#2761=ORIENTED_EDGE('',*,*,#1969,.T.);
#2762=ORIENTED_EDGE('',*,*,#1973,.T.);
#2763=ORIENTED_EDGE('',*,*,#1976,.T.);
#2764=ORIENTED_EDGE('',*,*,#1979,.T.);
#2765=ORIENTED_EDGE('',*,*,#1982,.T.);
#2766=ORIENTED_EDGE('',*,*,#1985,.T.);
#2767=ORIENTED_EDGE('',*,*,#1988,.T.);
#2768=ORIENTED_EDGE('',*,*,#1991,.T.);
#2769=ORIENTED_EDGE('',*,*,#2089,.T.);
#2770=ORIENTED_EDGE('',*,*,#2090,.T.);
#2771=ORIENTED_EDGE('',*,*,#2091,.F.);
#2772=ORIENTED_EDGE('',*,*,#2092,.F.);
#2773=ORIENTED_EDGE('',*,*,#2093,.F.);
#2774=ORIENTED_EDGE('',*,*,#2094,.F.);
#2775=ORIENTED_EDGE('',*,*,#2095,.F.);
#2776=ORIENTED_EDGE('',*,*,#2096,.F.);
#2777=ORIENTED_EDGE('',*,*,#2097,.F.);
#2778=ORIENTED_EDGE('',*,*,#2098,.F.);
#2779=ORIENTED_EDGE('',*,*,#2099,.F.);
#2780=ORIENTED_EDGE('',*,*,#2100,.F.);
#2781=ORIENTED_EDGE('',*,*,#2101,.F.);
#2782=ORIENTED_EDGE('',*,*,#2102,.F.);
#2783=ORIENTED_EDGE('',*,*,#2103,.F.);
#2784=ORIENTED_EDGE('',*,*,#2104,.F.);
#2785=ORIENTED_EDGE('',*,*,#2105,.F.);
#2786=ORIENTED_EDGE('',*,*,#2106,.F.);
#2787=ORIENTED_EDGE('',*,*,#2107,.F.);
#2788=ORIENTED_EDGE('',*,*,#2108,.F.);
#2789=ORIENTED_EDGE('',*,*,#2109,.F.);
#2790=ORIENTED_EDGE('',*,*,#2110,.F.);
#2791=ORIENTED_EDGE('',*,*,#2111,.F.);
#2792=ORIENTED_EDGE('',*,*,#2112,.F.);
#2793=ORIENTED_EDGE('',*,*,#2113,.F.);
#2794=ORIENTED_EDGE('',*,*,#2114,.F.);
#2795=ORIENTED_EDGE('',*,*,#2115,.F.);
#2796=ORIENTED_EDGE('',*,*,#2116,.F.);
#2797=ORIENTED_EDGE('',*,*,#2117,.F.);
#2798=ORIENTED_EDGE('',*,*,#2118,.F.);
#2799=ORIENTED_EDGE('',*,*,#2119,.F.);
#2800=ORIENTED_EDGE('',*,*,#2120,.F.);
#2801=ORIENTED_EDGE('',*,*,#2121,.T.);
#2802=ORIENTED_EDGE('',*,*,#2122,.T.);
#2803=ORIENTED_EDGE('',*,*,#2123,.T.);
#2804=ORIENTED_EDGE('',*,*,#2124,.F.);
#2805=ORIENTED_EDGE('',*,*,#2125,.F.);
#2806=ORIENTED_EDGE('',*,*,#2126,.F.);
#2807=ORIENTED_EDGE('',*,*,#2127,.F.);
#2808=ORIENTED_EDGE('',*,*,#2128,.F.);
#2809=ORIENTED_EDGE('',*,*,#2129,.F.);
#2810=ORIENTED_EDGE('',*,*,#2130,.F.);
#2811=ORIENTED_EDGE('',*,*,#2131,.F.);
#2812=ORIENTED_EDGE('',*,*,#2132,.F.);
#2813=ORIENTED_EDGE('',*,*,#2133,.F.);
#2814=ORIENTED_EDGE('',*,*,#2134,.F.);
#2815=ORIENTED_EDGE('',*,*,#2135,.F.);
#2816=ORIENTED_EDGE('',*,*,#2136,.F.);
#2817=ORIENTED_EDGE('',*,*,#2137,.F.);
#2818=ORIENTED_EDGE('',*,*,#2138,.F.);
#2819=ORIENTED_EDGE('',*,*,#2139,.F.);
#2820=ORIENTED_EDGE('',*,*,#2140,.F.);
#2821=ORIENTED_EDGE('',*,*,#2141,.F.);
#2822=ORIENTED_EDGE('',*,*,#2142,.F.);
#2823=ORIENTED_EDGE('',*,*,#2143,.T.);
#2824=ORIENTED_EDGE('',*,*,#2144,.T.);
#2825=ORIENTED_EDGE('',*,*,#2145,.T.);
#2826=ORIENTED_EDGE('',*,*,#2146,.F.);
#2827=ORIENTED_EDGE('',*,*,#2147,.T.);
#2828=ORIENTED_EDGE('',*,*,#2091,.T.);
#2829=ORIENTED_EDGE('',*,*,#2148,.T.);
#2830=ORIENTED_EDGE('',*,*,#2125,.T.);
#2831=ORIENTED_EDGE('',*,*,#2149,.F.);
#2832=ORIENTED_EDGE('',*,*,#2150,.F.);
#2833=ORIENTED_EDGE('',*,*,#2151,.T.);
#2834=ORIENTED_EDGE('',*,*,#2152,.T.);
#2835=ORIENTED_EDGE('',*,*,#2153,.T.);
#2836=ORIENTED_EDGE('',*,*,#2154,.F.);
#2837=ORIENTED_EDGE('',*,*,#2155,.T.);
#2838=ORIENTED_EDGE('',*,*,#2116,.T.);
#2839=ORIENTED_EDGE('',*,*,#2156,.T.);
#2840=ORIENTED_EDGE('',*,*,#2114,.T.);
#2841=ORIENTED_EDGE('',*,*,#2157,.T.);
#2842=ORIENTED_EDGE('',*,*,#2158,.F.);
#2843=ORIENTED_EDGE('',*,*,#2159,.T.);
#2844=ORIENTED_EDGE('',*,*,#2117,.T.);
#2845=ORIENTED_EDGE('',*,*,#2155,.F.);
#2846=ORIENTED_EDGE('',*,*,#2160,.F.);
#2847=ORIENTED_EDGE('',*,*,#2161,.T.);
#2848=ORIENTED_EDGE('',*,*,#2162,.F.);
#2849=ORIENTED_EDGE('',*,*,#2163,.T.);
#2850=ORIENTED_EDGE('',*,*,#2119,.T.);
#2851=ORIENTED_EDGE('',*,*,#2164,.T.);
#2852=ORIENTED_EDGE('',*,*,#2165,.F.);
#2853=ORIENTED_EDGE('',*,*,#2166,.T.);
#2854=ORIENTED_EDGE('',*,*,#2111,.T.);
#2855=ORIENTED_EDGE('',*,*,#2167,.T.);
#2856=ORIENTED_EDGE('',*,*,#2093,.T.);
#2857=ORIENTED_EDGE('',*,*,#2168,.F.);
#2858=ORIENTED_EDGE('',*,*,#2169,.F.);
#2859=ORIENTED_EDGE('',*,*,#2164,.F.);
#2860=ORIENTED_EDGE('',*,*,#2110,.T.);
#2861=ORIENTED_EDGE('',*,*,#2170,.T.);
#2862=ORIENTED_EDGE('',*,*,#2171,.F.);
#2863=ORIENTED_EDGE('',*,*,#2172,.T.);
#2864=ORIENTED_EDGE('',*,*,#2112,.T.);
#2865=ORIENTED_EDGE('',*,*,#2166,.F.);
#2866=ORIENTED_EDGE('',*,*,#2173,.F.);
#2867=ORIENTED_EDGE('',*,*,#2167,.F.);
#2868=ORIENTED_EDGE('',*,*,#2174,.F.);
#2869=ORIENTED_EDGE('',*,*,#2175,.T.);
#2870=ORIENTED_EDGE('',*,*,#2094,.T.);
#2871=ORIENTED_EDGE('',*,*,#2170,.F.);
#2872=ORIENTED_EDGE('',*,*,#2109,.T.);
#2873=ORIENTED_EDGE('',*,*,#2176,.T.);
#2874=ORIENTED_EDGE('',*,*,#2177,.F.);
#2875=ORIENTED_EDGE('',*,*,#2178,.T.);
#2876=ORIENTED_EDGE('',*,*,#2103,.T.);
#2877=ORIENTED_EDGE('',*,*,#2179,.T.);
#2878=ORIENTED_EDGE('',*,*,#2180,.F.);
#2879=ORIENTED_EDGE('',*,*,#2175,.F.);
#2880=ORIENTED_EDGE('',*,*,#2181,.F.);
#2881=ORIENTED_EDGE('',*,*,#2182,.T.);
#2882=ORIENTED_EDGE('',*,*,#2095,.T.);
#2883=ORIENTED_EDGE('',*,*,#2178,.F.);
#2884=ORIENTED_EDGE('',*,*,#2183,.F.);
#2885=ORIENTED_EDGE('',*,*,#2184,.T.);
#2886=ORIENTED_EDGE('',*,*,#2104,.T.);
#2887=ORIENTED_EDGE('',*,*,#2185,.F.);
#2888=ORIENTED_EDGE('',*,*,#2186,.T.);
#2889=ORIENTED_EDGE('',*,*,#2136,.T.);
#2890=ORIENTED_EDGE('',*,*,#2187,.F.);
#2891=ORIENTED_EDGE('',*,*,#2188,.F.);
#2892=ORIENTED_EDGE('',*,*,#2189,.T.);
#2893=ORIENTED_EDGE('',*,*,#2134,.T.);
#2894=ORIENTED_EDGE('',*,*,#2190,.F.);
#2895=ORIENTED_EDGE('',*,*,#2191,.T.);
#2896=ORIENTED_EDGE('',*,*,#2192,.F.);
#2897=ORIENTED_EDGE('',*,*,#2193,.T.);
#2898=ORIENTED_EDGE('',*,*,#2126,.T.);
#2899=ORIENTED_EDGE('',*,*,#2194,.T.);
#2900=ORIENTED_EDGE('',*,*,#2129,.T.);
#2901=ORIENTED_EDGE('',*,*,#2195,.F.);
#2902=ORIENTED_EDGE('',*,*,#2196,.F.);
#2903=ORIENTED_EDGE('',*,*,#2197,.T.);
#2904=ORIENTED_EDGE('',*,*,#2098,.T.);
#2905=ORIENTED_EDGE('',*,*,#2198,.F.);
#2906=ORIENTED_EDGE('',*,*,#2199,.F.);
#2907=ORIENTED_EDGE('',*,*,#2120,.T.);
#2908=ORIENTED_EDGE('',*,*,#2163,.F.);
#2909=ORIENTED_EDGE('',*,*,#2200,.F.);
#2910=ORIENTED_EDGE('',*,*,#2201,.F.);
#2911=ORIENTED_EDGE('',*,*,#2202,.F.);
#2912=ORIENTED_EDGE('',*,*,#2203,.T.);
#2913=ORIENTED_EDGE('',*,*,#2123,.F.);
#2914=ORIENTED_EDGE('',*,*,#2204,.F.);
#2915=ORIENTED_EDGE('',*,*,#2205,.F.);
#2916=ORIENTED_EDGE('',*,*,#2206,.F.);
#2917=ORIENTED_EDGE('',*,*,#2121,.F.);
#2918=ORIENTED_EDGE('',*,*,#2201,.T.);
#2919=ORIENTED_EDGE('',*,*,#2207,.F.);
#2920=ORIENTED_EDGE('',*,*,#2204,.T.);
#2921=ORIENTED_EDGE('',*,*,#2122,.F.);
#2922=ORIENTED_EDGE('',*,*,#2206,.T.);
#2923=ORIENTED_EDGE('',*,*,#2151,.F.);
#2924=ORIENTED_EDGE('',*,*,#2208,.F.);
#2925=ORIENTED_EDGE('',*,*,#2145,.F.);
#2926=ORIENTED_EDGE('',*,*,#2209,.F.);
#2927=ORIENTED_EDGE('',*,*,#2210,.T.);
#2928=ORIENTED_EDGE('',*,*,#2211,.T.);
#2929=ORIENTED_EDGE('',*,*,#2152,.F.);
#2930=ORIENTED_EDGE('',*,*,#2209,.T.);
#2931=ORIENTED_EDGE('',*,*,#2144,.F.);
#2932=ORIENTED_EDGE('',*,*,#2179,.F.);
#2933=ORIENTED_EDGE('',*,*,#2102,.T.);
#2934=ORIENTED_EDGE('',*,*,#2212,.F.);
#2935=ORIENTED_EDGE('',*,*,#2213,.F.);
#2936=ORIENTED_EDGE('',*,*,#2214,.F.);
#2937=ORIENTED_EDGE('',*,*,#2212,.T.);
#2938=ORIENTED_EDGE('',*,*,#2101,.T.);
#2939=ORIENTED_EDGE('',*,*,#2215,.F.);
#2940=ORIENTED_EDGE('',*,*,#2216,.F.);
#2941=ORIENTED_EDGE('',*,*,#2215,.T.);
#2942=ORIENTED_EDGE('',*,*,#2100,.T.);
#2943=ORIENTED_EDGE('',*,*,#2217,.F.);
#2944=ORIENTED_EDGE('',*,*,#2197,.F.);
#2945=ORIENTED_EDGE('',*,*,#2218,.F.);
#2946=ORIENTED_EDGE('',*,*,#2217,.T.);
#2947=ORIENTED_EDGE('',*,*,#2099,.T.);
#2948=ORIENTED_EDGE('',*,*,#2219,.F.);
#2949=ORIENTED_EDGE('',*,*,#2220,.T.);
#2950=ORIENTED_EDGE('',*,*,#2131,.T.);
#2951=ORIENTED_EDGE('',*,*,#2221,.F.);
#2952=ORIENTED_EDGE('',*,*,#2194,.F.);
#2953=ORIENTED_EDGE('',*,*,#2222,.F.);
#2954=ORIENTED_EDGE('',*,*,#2221,.T.);
#2955=ORIENTED_EDGE('',*,*,#2130,.T.);
#2956=ORIENTED_EDGE('',*,*,#2191,.F.);
#2957=ORIENTED_EDGE('',*,*,#2133,.T.);
#2958=ORIENTED_EDGE('',*,*,#2223,.F.);
#2959=ORIENTED_EDGE('',*,*,#2224,.F.);
#2960=ORIENTED_EDGE('',*,*,#2225,.F.);
#2961=ORIENTED_EDGE('',*,*,#2223,.T.);
#2962=ORIENTED_EDGE('',*,*,#2132,.T.);
#2963=ORIENTED_EDGE('',*,*,#2220,.F.);
#2964=ORIENTED_EDGE('',*,*,#2226,.F.);
#2965=ORIENTED_EDGE('',*,*,#2195,.T.);
#2966=ORIENTED_EDGE('',*,*,#2128,.T.);
#2967=ORIENTED_EDGE('',*,*,#2227,.F.);
#2968=ORIENTED_EDGE('',*,*,#2228,.F.);
#2969=ORIENTED_EDGE('',*,*,#2227,.T.);
#2970=ORIENTED_EDGE('',*,*,#2127,.T.);
#2971=ORIENTED_EDGE('',*,*,#2193,.F.);
#2972=ORIENTED_EDGE('',*,*,#2229,.F.);
#2973=ORIENTED_EDGE('',*,*,#2187,.T.);
#2974=ORIENTED_EDGE('',*,*,#2135,.T.);
#2975=ORIENTED_EDGE('',*,*,#2189,.F.);
#2976=ORIENTED_EDGE('',*,*,#2142,.T.);
#2977=ORIENTED_EDGE('',*,*,#2230,.T.);
#2978=ORIENTED_EDGE('',*,*,#2231,.F.);
#2979=ORIENTED_EDGE('',*,*,#2230,.F.);
#2980=ORIENTED_EDGE('',*,*,#2232,.F.);
#2981=ORIENTED_EDGE('',*,*,#2190,.T.);
#2982=ORIENTED_EDGE('',*,*,#2137,.T.);
#2983=ORIENTED_EDGE('',*,*,#2186,.F.);
#2984=ORIENTED_EDGE('',*,*,#2233,.F.);
#2985=ORIENTED_EDGE('',*,*,#2234,.T.);
#2986=ORIENTED_EDGE('',*,*,#2105,.T.);
#2987=ORIENTED_EDGE('',*,*,#2184,.F.);
#2988=ORIENTED_EDGE('',*,*,#2176,.F.);
#2989=ORIENTED_EDGE('',*,*,#2108,.T.);
#2990=ORIENTED_EDGE('',*,*,#2235,.F.);
#2991=ORIENTED_EDGE('',*,*,#2236,.F.);
#2992=ORIENTED_EDGE('',*,*,#2237,.F.);
#2993=ORIENTED_EDGE('',*,*,#2235,.T.);
#2994=ORIENTED_EDGE('',*,*,#2107,.T.);
#2995=ORIENTED_EDGE('',*,*,#2238,.F.);
#2996=ORIENTED_EDGE('',*,*,#2239,.F.);
#2997=ORIENTED_EDGE('',*,*,#2238,.T.);
#2998=ORIENTED_EDGE('',*,*,#2106,.T.);
#2999=ORIENTED_EDGE('',*,*,#2234,.F.);
#3000=ORIENTED_EDGE('',*,*,#2240,.F.);
#3001=ORIENTED_EDGE('',*,*,#2198,.T.);
#3002=ORIENTED_EDGE('',*,*,#2097,.T.);
#3003=ORIENTED_EDGE('',*,*,#2241,.F.);
#3004=ORIENTED_EDGE('',*,*,#2242,.F.);
#3005=ORIENTED_EDGE('',*,*,#2241,.T.);
#3006=ORIENTED_EDGE('',*,*,#2096,.T.);
#3007=ORIENTED_EDGE('',*,*,#2182,.F.);
#3008=ORIENTED_EDGE('',*,*,#2243,.F.);
#3009=ORIENTED_EDGE('',*,*,#2244,.T.);
#3010=ORIENTED_EDGE('',*,*,#2138,.T.);
#3011=ORIENTED_EDGE('',*,*,#2245,.F.);
#3012=ORIENTED_EDGE('',*,*,#2246,.F.);
#3013=ORIENTED_EDGE('',*,*,#2245,.T.);
#3014=ORIENTED_EDGE('',*,*,#2141,.T.);
#3015=ORIENTED_EDGE('',*,*,#2247,.F.);
#3016=ORIENTED_EDGE('',*,*,#2248,.F.);
#3017=ORIENTED_EDGE('',*,*,#2247,.T.);
#3018=ORIENTED_EDGE('',*,*,#2140,.T.);
#3019=ORIENTED_EDGE('',*,*,#2249,.F.);
#3020=ORIENTED_EDGE('',*,*,#2250,.F.);
#3021=ORIENTED_EDGE('',*,*,#2249,.T.);
#3022=ORIENTED_EDGE('',*,*,#2139,.T.);
#3023=ORIENTED_EDGE('',*,*,#2244,.F.);
#3024=ORIENTED_EDGE('',*,*,#2172,.F.);
#3025=ORIENTED_EDGE('',*,*,#2251,.F.);
#3026=ORIENTED_EDGE('',*,*,#2157,.F.);
#3027=ORIENTED_EDGE('',*,*,#2113,.T.);
#3028=ORIENTED_EDGE('',*,*,#2161,.F.);
#3029=ORIENTED_EDGE('',*,*,#2118,.T.);
#3030=ORIENTED_EDGE('',*,*,#2159,.F.);
#3031=ORIENTED_EDGE('',*,*,#2252,.F.);
#3032=ORIENTED_EDGE('',*,*,#2153,.F.);
#3033=ORIENTED_EDGE('',*,*,#2115,.T.);
#3034=ORIENTED_EDGE('',*,*,#2156,.F.);
#3035=ORIENTED_EDGE('',*,*,#2253,.F.);
#3036=ORIENTED_EDGE('',*,*,#2254,.F.);
#3037=ORIENTED_EDGE('',*,*,#2149,.T.);
#3038=ORIENTED_EDGE('',*,*,#2124,.T.);
#3039=ORIENTED_EDGE('',*,*,#2203,.F.);
#3040=ORIENTED_EDGE('',*,*,#2255,.F.);
#3041=ORIENTED_EDGE('',*,*,#2168,.T.);
#3042=ORIENTED_EDGE('',*,*,#2092,.T.);
#3043=ORIENTED_EDGE('',*,*,#2147,.F.);
#3044=ORIENTED_EDGE('',*,*,#2243,.T.);
#3045=ORIENTED_EDGE('',*,*,#2246,.T.);
#3046=ORIENTED_EDGE('',*,*,#2248,.T.);
#3047=ORIENTED_EDGE('',*,*,#2250,.T.);
#3048=ORIENTED_EDGE('',*,*,#2256,.T.);
#3049=ORIENTED_EDGE('',*,*,#2257,.T.);
#3050=ORIENTED_EDGE('',*,*,#2258,.T.);
#3051=ORIENTED_EDGE('',*,*,#2259,.T.);
#3052=ORIENTED_EDGE('',*,*,#2231,.T.);
#3053=ORIENTED_EDGE('',*,*,#2260,.T.);
#3054=ORIENTED_EDGE('',*,*,#2219,.T.);
#3055=ORIENTED_EDGE('',*,*,#2222,.T.);
#3056=ORIENTED_EDGE('',*,*,#2196,.T.);
#3057=ORIENTED_EDGE('',*,*,#2226,.T.);
#3058=ORIENTED_EDGE('',*,*,#2228,.T.);
#3059=ORIENTED_EDGE('',*,*,#2192,.T.);
#3060=ORIENTED_EDGE('',*,*,#2224,.T.);
#3061=ORIENTED_EDGE('',*,*,#2225,.T.);
#3062=ORIENTED_EDGE('',*,*,#2261,.T.);
#3063=ORIENTED_EDGE('',*,*,#2262,.T.);
#3064=ORIENTED_EDGE('',*,*,#2263,.T.);
#3065=ORIENTED_EDGE('',*,*,#2264,.T.);
#3066=ORIENTED_EDGE('',*,*,#2265,.T.);
#3067=ORIENTED_EDGE('',*,*,#2266,.T.);
#3068=ORIENTED_EDGE('',*,*,#2267,.T.);
#3069=ORIENTED_EDGE('',*,*,#2268,.T.);
#3070=ORIENTED_EDGE('',*,*,#2188,.T.);
#3071=ORIENTED_EDGE('',*,*,#2232,.T.);
#3072=ORIENTED_EDGE('',*,*,#2185,.T.);
#3073=ORIENTED_EDGE('',*,*,#2229,.T.);
#3074=ORIENTED_EDGE('',*,*,#2269,.T.);
#3075=ORIENTED_EDGE('',*,*,#2270,.T.);
#3076=ORIENTED_EDGE('',*,*,#2271,.T.);
#3077=ORIENTED_EDGE('',*,*,#2272,.T.);
#3078=ORIENTED_EDGE('',*,*,#2273,.T.);
#3079=ORIENTED_EDGE('',*,*,#2274,.T.);
#3080=ORIENTED_EDGE('',*,*,#2275,.T.);
#3081=ORIENTED_EDGE('',*,*,#2276,.T.);
#3082=ORIENTED_EDGE('',*,*,#2277,.F.);
#3083=ORIENTED_EDGE('',*,*,#2278,.T.);
#3084=ORIENTED_EDGE('',*,*,#2279,.T.);
#3085=ORIENTED_EDGE('',*,*,#2280,.F.);
#3086=ORIENTED_EDGE('',*,*,#2281,.F.);
#3087=ORIENTED_EDGE('',*,*,#2282,.T.);
#3088=ORIENTED_EDGE('',*,*,#2283,.T.);
#3089=ORIENTED_EDGE('',*,*,#2278,.F.);
#3090=ORIENTED_EDGE('',*,*,#2284,.F.);
#3091=ORIENTED_EDGE('',*,*,#2285,.T.);
#3092=ORIENTED_EDGE('',*,*,#2286,.T.);
#3093=ORIENTED_EDGE('',*,*,#2282,.F.);
#3094=ORIENTED_EDGE('',*,*,#2287,.F.);
#3095=ORIENTED_EDGE('',*,*,#2280,.T.);
#3096=ORIENTED_EDGE('',*,*,#2288,.T.);
#3097=ORIENTED_EDGE('',*,*,#2285,.F.);
#3098=ORIENTED_EDGE('',*,*,#2288,.F.);
#3099=ORIENTED_EDGE('',*,*,#2279,.F.);
#3100=ORIENTED_EDGE('',*,*,#2283,.F.);
#3101=ORIENTED_EDGE('',*,*,#2286,.F.);
#3102=ORIENTED_EDGE('',*,*,#2289,.F.);
#3103=ORIENTED_EDGE('',*,*,#2290,.T.);
#3104=ORIENTED_EDGE('',*,*,#2210,.F.);
#3105=ORIENTED_EDGE('',*,*,#2143,.F.);
#3106=ORIENTED_EDGE('',*,*,#2090,.F.);
#3107=ORIENTED_EDGE('',*,*,#2291,.T.);
#3108=ORIENTED_EDGE('',*,*,#2292,.F.);
#3109=ORIENTED_EDGE('',*,*,#2291,.F.);
#3110=ORIENTED_EDGE('',*,*,#2089,.F.);
#3111=ORIENTED_EDGE('',*,*,#2148,.F.);
#3112=ORIENTED_EDGE('',*,*,#2211,.F.);
#3113=ORIENTED_EDGE('',*,*,#2290,.F.);
#3114=ORIENTED_EDGE('',*,*,#2293,.F.);
#3115=ORIENTED_EDGE('',*,*,#2294,.T.);
#3116=ORIENTED_EDGE('',*,*,#2295,.F.);
#3117=ORIENTED_EDGE('',*,*,#2296,.F.);
#3118=ORIENTED_EDGE('',*,*,#2297,.F.);
#3119=ORIENTED_EDGE('',*,*,#2298,.T.);
#3120=ORIENTED_EDGE('',*,*,#2299,.F.);
#3121=ORIENTED_EDGE('',*,*,#2294,.F.);
#3122=ORIENTED_EDGE('',*,*,#2300,.F.);
#3123=ORIENTED_EDGE('',*,*,#2301,.T.);
#3124=ORIENTED_EDGE('',*,*,#2302,.F.);
#3125=ORIENTED_EDGE('',*,*,#2298,.F.);
#3126=ORIENTED_EDGE('',*,*,#2303,.F.);
#3127=ORIENTED_EDGE('',*,*,#2296,.T.);
#3128=ORIENTED_EDGE('',*,*,#2304,.F.);
#3129=ORIENTED_EDGE('',*,*,#2301,.F.);
#3130=ORIENTED_EDGE('',*,*,#2261,.F.);
#3131=ORIENTED_EDGE('',*,*,#2305,.T.);
#3132=ORIENTED_EDGE('',*,*,#2306,.F.);
#3133=ORIENTED_EDGE('',*,*,#2307,.F.);
#3134=ORIENTED_EDGE('',*,*,#2264,.F.);
#3135=ORIENTED_EDGE('',*,*,#2308,.T.);
#3136=ORIENTED_EDGE('',*,*,#2309,.F.);
#3137=ORIENTED_EDGE('',*,*,#2305,.F.);
#3138=ORIENTED_EDGE('',*,*,#2263,.F.);
#3139=ORIENTED_EDGE('',*,*,#2310,.T.);
#3140=ORIENTED_EDGE('',*,*,#2311,.F.);
#3141=ORIENTED_EDGE('',*,*,#2308,.F.);
#3142=ORIENTED_EDGE('',*,*,#2262,.F.);
#3143=ORIENTED_EDGE('',*,*,#2307,.T.);
#3144=ORIENTED_EDGE('',*,*,#2312,.F.);
#3145=ORIENTED_EDGE('',*,*,#2310,.F.);
#3146=ORIENTED_EDGE('',*,*,#2265,.F.);
#3147=ORIENTED_EDGE('',*,*,#2313,.T.);
#3148=ORIENTED_EDGE('',*,*,#2314,.F.);
#3149=ORIENTED_EDGE('',*,*,#2315,.F.);
#3150=ORIENTED_EDGE('',*,*,#2268,.F.);
#3151=ORIENTED_EDGE('',*,*,#2316,.T.);
#3152=ORIENTED_EDGE('',*,*,#2317,.F.);
#3153=ORIENTED_EDGE('',*,*,#2313,.F.);
#3154=ORIENTED_EDGE('',*,*,#2267,.F.);
#3155=ORIENTED_EDGE('',*,*,#2318,.T.);
#3156=ORIENTED_EDGE('',*,*,#2319,.F.);
#3157=ORIENTED_EDGE('',*,*,#2316,.F.);
#3158=ORIENTED_EDGE('',*,*,#2266,.F.);
#3159=ORIENTED_EDGE('',*,*,#2315,.T.);
#3160=ORIENTED_EDGE('',*,*,#2320,.F.);
#3161=ORIENTED_EDGE('',*,*,#2318,.F.);
#3162=ORIENTED_EDGE('',*,*,#2273,.F.);
#3163=ORIENTED_EDGE('',*,*,#2321,.T.);
#3164=ORIENTED_EDGE('',*,*,#2322,.F.);
#3165=ORIENTED_EDGE('',*,*,#2323,.F.);
#3166=ORIENTED_EDGE('',*,*,#2276,.F.);
#3167=ORIENTED_EDGE('',*,*,#2324,.T.);
#3168=ORIENTED_EDGE('',*,*,#2325,.F.);
#3169=ORIENTED_EDGE('',*,*,#2321,.F.);
#3170=ORIENTED_EDGE('',*,*,#2275,.F.);
#3171=ORIENTED_EDGE('',*,*,#2326,.T.);
#3172=ORIENTED_EDGE('',*,*,#2327,.F.);
#3173=ORIENTED_EDGE('',*,*,#2324,.F.);
#3174=ORIENTED_EDGE('',*,*,#2274,.F.);
#3175=ORIENTED_EDGE('',*,*,#2323,.T.);
#3176=ORIENTED_EDGE('',*,*,#2328,.F.);
#3177=ORIENTED_EDGE('',*,*,#2326,.F.);
#3178=ORIENTED_EDGE('',*,*,#2260,.F.);
#3179=ORIENTED_EDGE('',*,*,#2329,.T.);
#3180=ORIENTED_EDGE('',*,*,#2330,.F.);
#3181=ORIENTED_EDGE('',*,*,#2329,.F.);
#3182=ORIENTED_EDGE('',*,*,#2269,.F.);
#3183=ORIENTED_EDGE('',*,*,#2331,.T.);
#3184=ORIENTED_EDGE('',*,*,#2332,.F.);
#3185=ORIENTED_EDGE('',*,*,#2333,.F.);
#3186=ORIENTED_EDGE('',*,*,#2272,.F.);
#3187=ORIENTED_EDGE('',*,*,#2334,.T.);
#3188=ORIENTED_EDGE('',*,*,#2335,.F.);
#3189=ORIENTED_EDGE('',*,*,#2331,.F.);
#3190=ORIENTED_EDGE('',*,*,#2271,.F.);
#3191=ORIENTED_EDGE('',*,*,#2336,.T.);
#3192=ORIENTED_EDGE('',*,*,#2337,.F.);
#3193=ORIENTED_EDGE('',*,*,#2334,.F.);
#3194=ORIENTED_EDGE('',*,*,#2270,.F.);
#3195=ORIENTED_EDGE('',*,*,#2333,.T.);
#3196=ORIENTED_EDGE('',*,*,#2338,.F.);
#3197=ORIENTED_EDGE('',*,*,#2336,.F.);
#3198=ORIENTED_EDGE('',*,*,#2339,.F.);
#3199=ORIENTED_EDGE('',*,*,#2340,.T.);
#3200=ORIENTED_EDGE('',*,*,#2341,.F.);
#3201=ORIENTED_EDGE('',*,*,#2342,.F.);
#3202=ORIENTED_EDGE('',*,*,#2343,.F.);
#3203=ORIENTED_EDGE('',*,*,#2344,.T.);
#3204=ORIENTED_EDGE('',*,*,#2345,.F.);
#3205=ORIENTED_EDGE('',*,*,#2340,.F.);
#3206=ORIENTED_EDGE('',*,*,#2346,.F.);
#3207=ORIENTED_EDGE('',*,*,#2347,.T.);
#3208=ORIENTED_EDGE('',*,*,#2348,.F.);
#3209=ORIENTED_EDGE('',*,*,#2344,.F.);
#3210=ORIENTED_EDGE('',*,*,#2349,.F.);
#3211=ORIENTED_EDGE('',*,*,#2342,.T.);
#3212=ORIENTED_EDGE('',*,*,#2350,.F.);
#3213=ORIENTED_EDGE('',*,*,#2347,.F.);
#3214=ORIENTED_EDGE('',*,*,#2351,.F.);
#3215=ORIENTED_EDGE('',*,*,#2352,.T.);
#3216=ORIENTED_EDGE('',*,*,#2353,.F.);
#3217=ORIENTED_EDGE('',*,*,#2354,.F.);
#3218=ORIENTED_EDGE('',*,*,#2355,.F.);
#3219=ORIENTED_EDGE('',*,*,#2356,.T.);
#3220=ORIENTED_EDGE('',*,*,#2357,.F.);
#3221=ORIENTED_EDGE('',*,*,#2352,.F.);
#3222=ORIENTED_EDGE('',*,*,#2358,.F.);
#3223=ORIENTED_EDGE('',*,*,#2359,.T.);
#3224=ORIENTED_EDGE('',*,*,#2360,.F.);
#3225=ORIENTED_EDGE('',*,*,#2356,.F.);
#3226=ORIENTED_EDGE('',*,*,#2361,.F.);
#3227=ORIENTED_EDGE('',*,*,#2354,.T.);
#3228=ORIENTED_EDGE('',*,*,#2362,.F.);
#3229=ORIENTED_EDGE('',*,*,#2359,.F.);
#3230=ORIENTED_EDGE('',*,*,#2256,.F.);
#3231=ORIENTED_EDGE('',*,*,#2363,.T.);
#3232=ORIENTED_EDGE('',*,*,#2364,.F.);
#3233=ORIENTED_EDGE('',*,*,#2365,.F.);
#3234=ORIENTED_EDGE('',*,*,#2259,.F.);
#3235=ORIENTED_EDGE('',*,*,#2366,.T.);
#3236=ORIENTED_EDGE('',*,*,#2367,.F.);
#3237=ORIENTED_EDGE('',*,*,#2363,.F.);
#3238=ORIENTED_EDGE('',*,*,#2258,.F.);
#3239=ORIENTED_EDGE('',*,*,#2368,.T.);
#3240=ORIENTED_EDGE('',*,*,#2369,.F.);
#3241=ORIENTED_EDGE('',*,*,#2366,.F.);
#3242=ORIENTED_EDGE('',*,*,#2257,.F.);
#3243=ORIENTED_EDGE('',*,*,#2365,.T.);
#3244=ORIENTED_EDGE('',*,*,#2370,.F.);
#3245=ORIENTED_EDGE('',*,*,#2368,.F.);
#3246=ORIENTED_EDGE('',*,*,#2371,.F.);
#3247=ORIENTED_EDGE('',*,*,#2372,.T.);
#3248=ORIENTED_EDGE('',*,*,#2373,.F.);
#3249=ORIENTED_EDGE('',*,*,#2372,.F.);
#3250=ORIENTED_EDGE('',*,*,#2374,.F.);
#3251=ORIENTED_EDGE('',*,*,#2375,.T.);
#3252=ORIENTED_EDGE('',*,*,#2376,.F.);
#3253=ORIENTED_EDGE('',*,*,#2375,.F.);
#3254=ORIENTED_EDGE('',*,*,#2377,.F.);
#3255=ORIENTED_EDGE('',*,*,#2378,.T.);
#3256=ORIENTED_EDGE('',*,*,#2379,.F.);
#3257=ORIENTED_EDGE('',*,*,#2378,.F.);
#3258=ORIENTED_EDGE('',*,*,#2380,.F.);
#3259=ORIENTED_EDGE('',*,*,#2381,.T.);
#3260=ORIENTED_EDGE('',*,*,#2382,.F.);
#3261=ORIENTED_EDGE('',*,*,#2381,.F.);
#3262=ORIENTED_EDGE('',*,*,#2383,.T.);
#3263=ORIENTED_EDGE('',*,*,#2384,.T.);
#3264=ORIENTED_EDGE('',*,*,#2385,.T.);
#3265=ORIENTED_EDGE('',*,*,#2386,.T.);
#3266=ORIENTED_EDGE('',*,*,#2387,.T.);
#3267=ORIENTED_EDGE('',*,*,#2388,.T.);
#3268=ORIENTED_EDGE('',*,*,#2389,.T.);
#3269=ORIENTED_EDGE('',*,*,#2390,.T.);
#3270=ORIENTED_EDGE('',*,*,#1942,.T.);
#3271=ORIENTED_EDGE('',*,*,#1946,.T.);
#3272=ORIENTED_EDGE('',*,*,#1949,.T.);
#3273=ORIENTED_EDGE('',*,*,#1952,.T.);
#3274=ORIENTED_EDGE('',*,*,#1955,.T.);
#3275=ORIENTED_EDGE('',*,*,#1958,.T.);
#3276=ORIENTED_EDGE('',*,*,#1961,.T.);
#3277=ORIENTED_EDGE('',*,*,#1964,.T.);
#3278=ORIENTED_EDGE('',*,*,#1967,.T.);
#3279=ORIENTED_EDGE('',*,*,#2292,.T.);
#3280=ORIENTED_EDGE('',*,*,#2306,.T.);
#3281=ORIENTED_EDGE('',*,*,#2309,.T.);
#3282=ORIENTED_EDGE('',*,*,#2311,.T.);
#3283=ORIENTED_EDGE('',*,*,#2312,.T.);
#3284=ORIENTED_EDGE('',*,*,#2322,.T.);
#3285=ORIENTED_EDGE('',*,*,#2325,.T.);
#3286=ORIENTED_EDGE('',*,*,#2327,.T.);
#3287=ORIENTED_EDGE('',*,*,#2328,.T.);
#3288=ORIENTED_EDGE('',*,*,#2332,.T.);
#3289=ORIENTED_EDGE('',*,*,#2335,.T.);
#3290=ORIENTED_EDGE('',*,*,#2337,.T.);
#3291=ORIENTED_EDGE('',*,*,#2338,.T.);
#3292=ORIENTED_EDGE('',*,*,#2341,.T.);
#3293=ORIENTED_EDGE('',*,*,#2345,.T.);
#3294=ORIENTED_EDGE('',*,*,#2348,.T.);
#3295=ORIENTED_EDGE('',*,*,#2350,.T.);
#3296=ORIENTED_EDGE('',*,*,#2353,.T.);
#3297=ORIENTED_EDGE('',*,*,#2357,.T.);
#3298=ORIENTED_EDGE('',*,*,#2360,.T.);
#3299=ORIENTED_EDGE('',*,*,#2362,.T.);
#3300=ORIENTED_EDGE('',*,*,#2364,.T.);
#3301=ORIENTED_EDGE('',*,*,#2367,.T.);
#3302=ORIENTED_EDGE('',*,*,#2369,.T.);
#3303=ORIENTED_EDGE('',*,*,#2370,.T.);
#3304=ORIENTED_EDGE('',*,*,#2380,.T.);
#3305=ORIENTED_EDGE('',*,*,#2377,.T.);
#3306=ORIENTED_EDGE('',*,*,#2374,.T.);
#3307=ORIENTED_EDGE('',*,*,#2371,.T.);
#3308=ORIENTED_EDGE('',*,*,#2330,.T.);
#3309=ORIENTED_EDGE('',*,*,#2314,.T.);
#3310=ORIENTED_EDGE('',*,*,#2317,.T.);
#3311=ORIENTED_EDGE('',*,*,#2319,.T.);
#3312=ORIENTED_EDGE('',*,*,#2320,.T.);
#3313=ORIENTED_EDGE('',*,*,#2295,.T.);
#3314=ORIENTED_EDGE('',*,*,#2299,.T.);
#3315=ORIENTED_EDGE('',*,*,#2302,.T.);
#3316=ORIENTED_EDGE('',*,*,#2304,.T.);
#3317=ORIENTED_EDGE('',*,*,#1993,.T.);
#3318=ORIENTED_EDGE('',*,*,#1997,.T.);
#3319=ORIENTED_EDGE('',*,*,#2000,.T.);
#3320=ORIENTED_EDGE('',*,*,#2003,.T.);
#3321=ORIENTED_EDGE('',*,*,#2006,.T.);
#3322=ORIENTED_EDGE('',*,*,#2009,.T.);
#3323=ORIENTED_EDGE('',*,*,#2012,.T.);
#3324=ORIENTED_EDGE('',*,*,#2015,.T.);
#3325=ORIENTED_EDGE('',*,*,#2018,.T.);
#3326=ORIENTED_EDGE('',*,*,#2021,.T.);
#3327=ORIENTED_EDGE('',*,*,#2024,.T.);
#3328=ORIENTED_EDGE('',*,*,#2027,.T.);
#3329=ORIENTED_EDGE('',*,*,#2030,.T.);
#3330=ORIENTED_EDGE('',*,*,#2033,.T.);
#3331=ORIENTED_EDGE('',*,*,#2036,.T.);
#3332=ORIENTED_EDGE('',*,*,#2039,.T.);
#3333=ORIENTED_EDGE('',*,*,#2042,.T.);
#3334=ORIENTED_EDGE('',*,*,#2045,.T.);
#3335=ORIENTED_EDGE('',*,*,#2048,.T.);
#3336=ORIENTED_EDGE('',*,*,#2051,.T.);
#3337=ORIENTED_EDGE('',*,*,#2054,.T.);
#3338=ORIENTED_EDGE('',*,*,#2057,.T.);
#3339=ORIENTED_EDGE('',*,*,#2060,.T.);
#3340=ORIENTED_EDGE('',*,*,#2063,.T.);
#3341=ORIENTED_EDGE('',*,*,#2066,.T.);
#3342=ORIENTED_EDGE('',*,*,#2069,.T.);
#3343=ORIENTED_EDGE('',*,*,#2072,.T.);
#3344=ORIENTED_EDGE('',*,*,#2075,.T.);
#3345=ORIENTED_EDGE('',*,*,#2078,.T.);
#3346=ORIENTED_EDGE('',*,*,#2081,.T.);
#3347=ORIENTED_EDGE('',*,*,#2084,.T.);
#3348=ORIENTED_EDGE('',*,*,#2087,.T.);
#3349=ORIENTED_EDGE('',*,*,#1900,.T.);
#3350=ORIENTED_EDGE('',*,*,#1904,.T.);
#3351=ORIENTED_EDGE('',*,*,#1907,.T.);
#3352=ORIENTED_EDGE('',*,*,#1910,.T.);
#3353=ORIENTED_EDGE('',*,*,#1913,.T.);
#3354=ORIENTED_EDGE('',*,*,#1916,.T.);
#3355=ORIENTED_EDGE('',*,*,#1919,.T.);
#3356=ORIENTED_EDGE('',*,*,#1922,.T.);
#3357=ORIENTED_EDGE('',*,*,#1925,.T.);
#3358=ORIENTED_EDGE('',*,*,#1928,.T.);
#3359=ORIENTED_EDGE('',*,*,#1931,.T.);
#3360=ORIENTED_EDGE('',*,*,#1934,.T.);
#3361=ORIENTED_EDGE('',*,*,#1937,.T.);
#3362=ORIENTED_EDGE('',*,*,#1940,.T.);
#3363=ORIENTED_EDGE('',*,*,#2391,.F.);
#3364=ORIENTED_EDGE('',*,*,#2392,.T.);
#3365=ORIENTED_EDGE('',*,*,#2390,.F.);
#3366=ORIENTED_EDGE('',*,*,#2393,.F.);
#3367=ORIENTED_EDGE('',*,*,#2394,.F.);
#3368=ORIENTED_EDGE('',*,*,#2393,.T.);
#3369=ORIENTED_EDGE('',*,*,#2389,.F.);
#3370=ORIENTED_EDGE('',*,*,#2395,.F.);
#3371=ORIENTED_EDGE('',*,*,#2396,.T.);
#3372=ORIENTED_EDGE('',*,*,#2395,.T.);
#3373=ORIENTED_EDGE('',*,*,#2388,.F.);
#3374=ORIENTED_EDGE('',*,*,#2397,.F.);
#3375=ORIENTED_EDGE('',*,*,#2398,.F.);
#3376=ORIENTED_EDGE('',*,*,#2397,.T.);
#3377=ORIENTED_EDGE('',*,*,#2387,.F.);
#3378=ORIENTED_EDGE('',*,*,#2399,.F.);
#3379=ORIENTED_EDGE('',*,*,#2277,.T.);
#3380=ORIENTED_EDGE('',*,*,#2287,.T.);
#3381=ORIENTED_EDGE('',*,*,#2284,.T.);
#3382=ORIENTED_EDGE('',*,*,#2281,.T.);
#3383=ORIENTED_EDGE('',*,*,#2400,.T.);
#3384=ORIENTED_EDGE('',*,*,#2399,.T.);
#3385=ORIENTED_EDGE('',*,*,#2386,.F.);
#3386=ORIENTED_EDGE('',*,*,#2401,.F.);
#3387=ORIENTED_EDGE('',*,*,#2402,.F.);
#3388=ORIENTED_EDGE('',*,*,#2401,.T.);
#3389=ORIENTED_EDGE('',*,*,#2385,.F.);
#3390=ORIENTED_EDGE('',*,*,#2403,.F.);
#3391=ORIENTED_EDGE('',*,*,#2404,.T.);
#3392=ORIENTED_EDGE('',*,*,#2403,.T.);
#3393=ORIENTED_EDGE('',*,*,#2384,.F.);
#3394=ORIENTED_EDGE('',*,*,#2405,.F.);
#3395=ORIENTED_EDGE('',*,*,#2406,.F.);
#3396=ORIENTED_EDGE('',*,*,#2405,.T.);
#3397=ORIENTED_EDGE('',*,*,#2383,.F.);
#3398=ORIENTED_EDGE('',*,*,#2392,.F.);
#3399=ORIENTED_EDGE('',*,*,#2406,.T.);
#3400=ORIENTED_EDGE('',*,*,#2391,.T.);
#3401=ORIENTED_EDGE('',*,*,#2394,.T.);
#3402=ORIENTED_EDGE('',*,*,#2396,.F.);
#3403=ORIENTED_EDGE('',*,*,#2398,.T.);
#3404=ORIENTED_EDGE('',*,*,#2400,.F.);
#3405=ORIENTED_EDGE('',*,*,#2402,.T.);
#3406=ORIENTED_EDGE('',*,*,#2404,.F.);
#3407=ORIENTED_EDGE('',*,*,#2289,.T.);
#3408=ORIENTED_EDGE('',*,*,#2373,.T.);
#3409=ORIENTED_EDGE('',*,*,#2376,.T.);
#3410=ORIENTED_EDGE('',*,*,#2382,.T.);
#3411=ORIENTED_EDGE('',*,*,#2339,.T.);
#3412=ORIENTED_EDGE('',*,*,#2349,.T.);
#3413=ORIENTED_EDGE('',*,*,#2346,.T.);
#3414=ORIENTED_EDGE('',*,*,#2343,.T.);
#3415=ORIENTED_EDGE('',*,*,#2351,.T.);
#3416=ORIENTED_EDGE('',*,*,#2361,.T.);
#3417=ORIENTED_EDGE('',*,*,#2358,.T.);
#3418=ORIENTED_EDGE('',*,*,#2355,.T.);
#3419=ORIENTED_EDGE('',*,*,#2379,.T.);
#3420=ORIENTED_EDGE('',*,*,#2293,.T.);
#3421=ORIENTED_EDGE('',*,*,#2303,.T.);
#3422=ORIENTED_EDGE('',*,*,#2300,.T.);
#3423=ORIENTED_EDGE('',*,*,#2297,.T.);
#3424=ORIENTED_EDGE('',*,*,#2202,.T.);
#3425=ORIENTED_EDGE('',*,*,#2207,.T.);
#3426=ORIENTED_EDGE('',*,*,#2205,.T.);
#3427=ORIENTED_EDGE('',*,*,#2200,.T.);
#3428=ORIENTED_EDGE('',*,*,#2162,.T.);
#3429=ORIENTED_EDGE('',*,*,#2252,.T.);
#3430=ORIENTED_EDGE('',*,*,#2160,.T.);
#3431=ORIENTED_EDGE('',*,*,#2154,.T.);
#3432=ORIENTED_EDGE('',*,*,#2253,.T.);
#3433=ORIENTED_EDGE('',*,*,#2158,.T.);
#3434=ORIENTED_EDGE('',*,*,#2251,.T.);
#3435=ORIENTED_EDGE('',*,*,#2173,.T.);
#3436=ORIENTED_EDGE('',*,*,#2165,.T.);
#3437=ORIENTED_EDGE('',*,*,#2171,.T.);
#3438=ORIENTED_EDGE('',*,*,#2177,.T.);
#3439=ORIENTED_EDGE('',*,*,#2236,.T.);
#3440=ORIENTED_EDGE('',*,*,#2237,.T.);
#3441=ORIENTED_EDGE('',*,*,#2239,.T.);
#3442=ORIENTED_EDGE('',*,*,#2233,.T.);
#3443=ORIENTED_EDGE('',*,*,#2183,.T.);
#3444=ORIENTED_EDGE('',*,*,#2180,.T.);
#3445=ORIENTED_EDGE('',*,*,#2213,.T.);
#3446=ORIENTED_EDGE('',*,*,#2214,.T.);
#3447=ORIENTED_EDGE('',*,*,#2216,.T.);
#3448=ORIENTED_EDGE('',*,*,#2218,.T.);
#3449=ORIENTED_EDGE('',*,*,#2199,.T.);
#3450=ORIENTED_EDGE('',*,*,#2240,.T.);
#3451=ORIENTED_EDGE('',*,*,#2242,.T.);
#3452=ORIENTED_EDGE('',*,*,#2181,.T.);
#3453=ORIENTED_EDGE('',*,*,#2174,.T.);
#3454=ORIENTED_EDGE('',*,*,#2169,.T.);
#3455=ORIENTED_EDGE('',*,*,#2255,.T.);
#3456=ORIENTED_EDGE('',*,*,#2146,.T.);
#3457=ORIENTED_EDGE('',*,*,#2208,.T.);
#3458=ORIENTED_EDGE('',*,*,#2150,.T.);
#3459=ORIENTED_EDGE('',*,*,#2254,.T.);
#3460=ORIENTED_EDGE('',*,*,#2407,.F.);
#3461=ORIENTED_EDGE('',*,*,#2408,.T.);
#3462=ORIENTED_EDGE('',*,*,#2409,.T.);
#3463=ORIENTED_EDGE('',*,*,#2408,.F.);
#3464=ORIENTED_EDGE('',*,*,#2410,.F.);
#3465=ORIENTED_EDGE('',*,*,#2411,.T.);
#3466=ORIENTED_EDGE('',*,*,#2412,.T.);
#3467=ORIENTED_EDGE('',*,*,#2411,.F.);
#3468=ORIENTED_EDGE('',*,*,#2413,.F.);
#3469=ORIENTED_EDGE('',*,*,#2414,.T.);
#3470=ORIENTED_EDGE('',*,*,#2415,.T.);
#3471=ORIENTED_EDGE('',*,*,#2414,.F.);
#3472=ORIENTED_EDGE('',*,*,#2416,.F.);
#3473=ORIENTED_EDGE('',*,*,#2417,.T.);
#3474=ORIENTED_EDGE('',*,*,#2418,.T.);
#3475=ORIENTED_EDGE('',*,*,#2417,.F.);
#3476=ORIENTED_EDGE('',*,*,#2419,.F.);
#3477=ORIENTED_EDGE('',*,*,#2420,.T.);
#3478=ORIENTED_EDGE('',*,*,#2421,.T.);
#3479=ORIENTED_EDGE('',*,*,#2420,.F.);
#3480=ORIENTED_EDGE('',*,*,#2422,.T.);
#3481=ORIENTED_EDGE('',*,*,#2423,.T.);
#3482=ORIENTED_EDGE('',*,*,#2424,.F.);
#3483=ORIENTED_EDGE('',*,*,#2425,.F.);
#3484=ORIENTED_EDGE('',*,*,#2426,.T.);
#3485=ORIENTED_EDGE('',*,*,#2425,.T.);
#3486=ORIENTED_EDGE('',*,*,#2427,.F.);
#3487=ORIENTED_EDGE('',*,*,#2428,.F.);
#3488=ORIENTED_EDGE('',*,*,#2429,.T.);
#3489=ORIENTED_EDGE('',*,*,#2428,.T.);
#3490=ORIENTED_EDGE('',*,*,#2430,.F.);
#3491=ORIENTED_EDGE('',*,*,#2431,.F.);
#3492=ORIENTED_EDGE('',*,*,#2432,.T.);
#3493=ORIENTED_EDGE('',*,*,#2431,.T.);
#3494=ORIENTED_EDGE('',*,*,#2433,.F.);
#3495=ORIENTED_EDGE('',*,*,#2434,.F.);
#3496=ORIENTED_EDGE('',*,*,#2435,.T.);
#3497=ORIENTED_EDGE('',*,*,#2434,.T.);
#3498=ORIENTED_EDGE('',*,*,#2436,.F.);
#3499=ORIENTED_EDGE('',*,*,#2437,.F.);
#3500=ORIENTED_EDGE('',*,*,#2438,.T.);
#3501=ORIENTED_EDGE('',*,*,#2437,.T.);
#3502=ORIENTED_EDGE('',*,*,#2439,.F.);
#3503=ORIENTED_EDGE('',*,*,#2440,.F.);
#3504=ORIENTED_EDGE('',*,*,#2441,.T.);
#3505=ORIENTED_EDGE('',*,*,#2440,.T.);
#3506=ORIENTED_EDGE('',*,*,#2442,.F.);
#3507=ORIENTED_EDGE('',*,*,#2443,.F.);
#3508=ORIENTED_EDGE('',*,*,#2444,.T.);
#3509=ORIENTED_EDGE('',*,*,#2443,.T.);
#3510=ORIENTED_EDGE('',*,*,#2445,.F.);
#3511=ORIENTED_EDGE('',*,*,#2423,.F.);
#3512=ORIENTED_EDGE('',*,*,#2445,.T.);
#3513=ORIENTED_EDGE('',*,*,#2442,.T.);
#3514=ORIENTED_EDGE('',*,*,#2439,.T.);
#3515=ORIENTED_EDGE('',*,*,#2436,.T.);
#3516=ORIENTED_EDGE('',*,*,#2433,.T.);
#3517=ORIENTED_EDGE('',*,*,#2430,.T.);
#3518=ORIENTED_EDGE('',*,*,#2427,.T.);
#3519=ORIENTED_EDGE('',*,*,#2424,.T.);
#3520=ORIENTED_EDGE('',*,*,#2419,.T.);
#3521=ORIENTED_EDGE('',*,*,#2416,.T.);
#3522=ORIENTED_EDGE('',*,*,#2413,.T.);
#3523=ORIENTED_EDGE('',*,*,#2410,.T.);
#3524=ORIENTED_EDGE('',*,*,#2407,.T.);
#3525=ORIENTED_EDGE('',*,*,#2444,.F.);
#3526=ORIENTED_EDGE('',*,*,#2422,.F.);
#3527=ORIENTED_EDGE('',*,*,#2426,.F.);
#3528=ORIENTED_EDGE('',*,*,#2429,.F.);
#3529=ORIENTED_EDGE('',*,*,#2432,.F.);
#3530=ORIENTED_EDGE('',*,*,#2435,.F.);
#3531=ORIENTED_EDGE('',*,*,#2438,.F.);
#3532=ORIENTED_EDGE('',*,*,#2441,.F.);
#3533=ORIENTED_EDGE('',*,*,#2421,.F.);
#3534=ORIENTED_EDGE('',*,*,#2418,.F.);
#3535=ORIENTED_EDGE('',*,*,#2415,.F.);
#3536=ORIENTED_EDGE('',*,*,#2412,.F.);
#3537=ORIENTED_EDGE('',*,*,#2409,.F.);
#3538=(
BOUNDED_SURFACE()
B_SPLINE_SURFACE(3,1,((#4758,#4759),(#4760,#4761),(#4762,#4763),(#4764,
#4765)),.UNSPECIFIED.,.F.,.F.,.F.)
B_SPLINE_SURFACE_WITH_KNOTS((4,4),(2,2),(-1.,0.),(0.,0.04),
 .UNSPECIFIED.)
GEOMETRIC_REPRESENTATION_ITEM()
RATIONAL_B_SPLINE_SURFACE(((1.,1.),(1.,1.),(1.,1.),(1.,1.)))
REPRESENTATION_ITEM('')
SURFACE()
);
#3539=(
BOUNDED_SURFACE()
B_SPLINE_SURFACE(3,1,((#4780,#4781),(#4782,#4783),(#4784,#4785),(#4786,
#4787)),.UNSPECIFIED.,.F.,.F.,.F.)
B_SPLINE_SURFACE_WITH_KNOTS((4,4),(2,2),(-1.,0.),(0.,0.04),
 .UNSPECIFIED.)
GEOMETRIC_REPRESENTATION_ITEM()
RATIONAL_B_SPLINE_SURFACE(((1.,1.),(1.,1.),(1.,1.),(1.,1.)))
REPRESENTATION_ITEM('')
SURFACE()
);
#3540=(
BOUNDED_SURFACE()
B_SPLINE_SURFACE(3,1,((#4799,#4800),(#4801,#4802),(#4803,#4804),(#4805,
#4806)),.UNSPECIFIED.,.F.,.F.,.F.)
B_SPLINE_SURFACE_WITH_KNOTS((4,4),(2,2),(-1.,0.),(0.,0.04),
 .UNSPECIFIED.)
GEOMETRIC_REPRESENTATION_ITEM()
RATIONAL_B_SPLINE_SURFACE(((1.,1.),(1.,1.),(1.,1.),(1.,1.)))
REPRESENTATION_ITEM('')
SURFACE()
);
#3541=(
BOUNDED_SURFACE()
B_SPLINE_SURFACE(3,1,((#4818,#4819),(#4820,#4821),(#4822,#4823),(#4824,
#4825)),.UNSPECIFIED.,.F.,.F.,.F.)
B_SPLINE_SURFACE_WITH_KNOTS((4,4),(2,2),(-1.,0.),(0.,0.04),
 .UNSPECIFIED.)
GEOMETRIC_REPRESENTATION_ITEM()
RATIONAL_B_SPLINE_SURFACE(((1.,1.),(1.,1.),(1.,1.),(1.,1.)))
REPRESENTATION_ITEM('')
SURFACE()
);
#3542=(
BOUNDED_SURFACE()
B_SPLINE_SURFACE(3,1,((#4837,#4838),(#4839,#4840),(#4841,#4842),(#4843,
#4844)),.UNSPECIFIED.,.F.,.F.,.F.)
B_SPLINE_SURFACE_WITH_KNOTS((4,4),(2,2),(-1.,0.),(0.,0.04),
 .UNSPECIFIED.)
GEOMETRIC_REPRESENTATION_ITEM()
RATIONAL_B_SPLINE_SURFACE(((1.,1.),(1.,1.),(1.,1.),(1.,1.)))
REPRESENTATION_ITEM('')
SURFACE()
);
#3543=(
BOUNDED_SURFACE()
B_SPLINE_SURFACE(3,1,((#4856,#4857),(#4858,#4859),(#4860,#4861),(#4862,
#4863)),.UNSPECIFIED.,.F.,.F.,.F.)
B_SPLINE_SURFACE_WITH_KNOTS((4,4),(2,2),(-1.,0.),(0.,0.04),
 .UNSPECIFIED.)
GEOMETRIC_REPRESENTATION_ITEM()
RATIONAL_B_SPLINE_SURFACE(((1.,1.),(1.,1.),(1.,1.),(1.,1.)))
REPRESENTATION_ITEM('')
SURFACE()
);
#3544=(
BOUNDED_SURFACE()
B_SPLINE_SURFACE(3,1,((#4875,#4876),(#4877,#4878),(#4879,#4880),(#4881,
#4882)),.UNSPECIFIED.,.F.,.F.,.F.)
B_SPLINE_SURFACE_WITH_KNOTS((4,4),(2,2),(-1.,0.),(0.,0.04),
 .UNSPECIFIED.)
GEOMETRIC_REPRESENTATION_ITEM()
RATIONAL_B_SPLINE_SURFACE(((1.,1.),(1.,1.),(1.,1.),(1.,1.)))
REPRESENTATION_ITEM('')
SURFACE()
);
#3545=(
BOUNDED_SURFACE()
B_SPLINE_SURFACE(3,1,((#4894,#4895),(#4896,#4897),(#4898,#4899),(#4900,
#4901)),.UNSPECIFIED.,.F.,.F.,.F.)
B_SPLINE_SURFACE_WITH_KNOTS((4,4),(2,2),(-1.,0.),(0.,0.04),
 .UNSPECIFIED.)
GEOMETRIC_REPRESENTATION_ITEM()
RATIONAL_B_SPLINE_SURFACE(((1.,1.),(1.,1.),(1.,1.),(1.,1.)))
REPRESENTATION_ITEM('')
SURFACE()
);
#3546=(
BOUNDED_SURFACE()
B_SPLINE_SURFACE(3,1,((#4913,#4914),(#4915,#4916),(#4917,#4918),(#4919,
#4920)),.UNSPECIFIED.,.F.,.F.,.F.)
B_SPLINE_SURFACE_WITH_KNOTS((4,4),(2,2),(-1.,0.),(0.,0.04),
 .UNSPECIFIED.)
GEOMETRIC_REPRESENTATION_ITEM()
RATIONAL_B_SPLINE_SURFACE(((1.,1.),(1.,1.),(1.,1.),(1.,1.)))
REPRESENTATION_ITEM('')
SURFACE()
);
#3547=(
BOUNDED_SURFACE()
B_SPLINE_SURFACE(3,1,((#4932,#4933),(#4934,#4935),(#4936,#4937),(#4938,
#4939)),.UNSPECIFIED.,.F.,.F.,.F.)
B_SPLINE_SURFACE_WITH_KNOTS((4,4),(2,2),(-1.,0.),(0.,0.04),
 .UNSPECIFIED.)
GEOMETRIC_REPRESENTATION_ITEM()
RATIONAL_B_SPLINE_SURFACE(((1.,1.),(1.,1.),(1.,1.),(1.,1.)))
REPRESENTATION_ITEM('')
SURFACE()
);
#3548=(
BOUNDED_SURFACE()
B_SPLINE_SURFACE(3,1,((#4951,#4952),(#4953,#4954),(#4955,#4956),(#4957,
#4958)),.UNSPECIFIED.,.F.,.F.,.F.)
B_SPLINE_SURFACE_WITH_KNOTS((4,4),(2,2),(-1.,0.),(0.,0.04),
 .UNSPECIFIED.)
GEOMETRIC_REPRESENTATION_ITEM()
RATIONAL_B_SPLINE_SURFACE(((1.,1.),(1.,1.),(1.,1.),(1.,1.)))
REPRESENTATION_ITEM('')
SURFACE()
);
#3549=(
BOUNDED_SURFACE()
B_SPLINE_SURFACE(3,1,((#4970,#4971),(#4972,#4973),(#4974,#4975),(#4976,
#4977)),.UNSPECIFIED.,.F.,.F.,.F.)
B_SPLINE_SURFACE_WITH_KNOTS((4,4),(2,2),(-1.,0.),(0.,0.04),
 .UNSPECIFIED.)
GEOMETRIC_REPRESENTATION_ITEM()
RATIONAL_B_SPLINE_SURFACE(((1.,1.),(1.,1.),(1.,1.),(1.,1.)))
REPRESENTATION_ITEM('')
SURFACE()
);
#3550=(
BOUNDED_SURFACE()
B_SPLINE_SURFACE(3,1,((#4989,#4990),(#4991,#4992),(#4993,#4994),(#4995,
#4996)),.UNSPECIFIED.,.F.,.F.,.F.)
B_SPLINE_SURFACE_WITH_KNOTS((4,4),(2,2),(-1.,0.),(0.,0.04),
 .UNSPECIFIED.)
GEOMETRIC_REPRESENTATION_ITEM()
RATIONAL_B_SPLINE_SURFACE(((1.,1.),(1.,1.),(1.,1.),(1.,1.)))
REPRESENTATION_ITEM('')
SURFACE()
);
#3551=(
BOUNDED_SURFACE()
B_SPLINE_SURFACE(3,1,((#5008,#5009),(#5010,#5011),(#5012,#5013),(#5014,
#5015)),.UNSPECIFIED.,.F.,.F.,.F.)
B_SPLINE_SURFACE_WITH_KNOTS((4,4),(2,2),(-1.,0.),(0.,0.04),
 .UNSPECIFIED.)
GEOMETRIC_REPRESENTATION_ITEM()
RATIONAL_B_SPLINE_SURFACE(((1.,1.),(1.,1.),(1.,1.),(1.,1.)))
REPRESENTATION_ITEM('')
SURFACE()
);
#3552=(
BOUNDED_SURFACE()
B_SPLINE_SURFACE(3,1,((#5025,#5026),(#5027,#5028),(#5029,#5030),(#5031,
#5032)),.UNSPECIFIED.,.F.,.F.,.F.)
B_SPLINE_SURFACE_WITH_KNOTS((4,4),(2,2),(-1.,0.),(0.,0.04),
 .UNSPECIFIED.)
GEOMETRIC_REPRESENTATION_ITEM()
RATIONAL_B_SPLINE_SURFACE(((1.,1.),(1.,1.),(1.,1.),(1.,1.)))
REPRESENTATION_ITEM('')
SURFACE()
);
#3553=(
BOUNDED_SURFACE()
B_SPLINE_SURFACE(3,1,((#5047,#5048),(#5049,#5050),(#5051,#5052),(#5053,
#5054)),.UNSPECIFIED.,.F.,.F.,.F.)
B_SPLINE_SURFACE_WITH_KNOTS((4,4),(2,2),(-1.,0.),(0.,0.04),
 .UNSPECIFIED.)
GEOMETRIC_REPRESENTATION_ITEM()
RATIONAL_B_SPLINE_SURFACE(((1.,1.),(1.,1.),(1.,1.),(1.,1.)))
REPRESENTATION_ITEM('')
SURFACE()
);
#3554=(
BOUNDED_SURFACE()
B_SPLINE_SURFACE(3,1,((#5066,#5067),(#5068,#5069),(#5070,#5071),(#5072,
#5073)),.UNSPECIFIED.,.F.,.F.,.F.)
B_SPLINE_SURFACE_WITH_KNOTS((4,4),(2,2),(-1.,0.),(0.,0.04),
 .UNSPECIFIED.)
GEOMETRIC_REPRESENTATION_ITEM()
RATIONAL_B_SPLINE_SURFACE(((1.,1.),(1.,1.),(1.,1.),(1.,1.)))
REPRESENTATION_ITEM('')
SURFACE()
);
#3555=(
BOUNDED_SURFACE()
B_SPLINE_SURFACE(3,1,((#5085,#5086),(#5087,#5088),(#5089,#5090),(#5091,
#5092)),.UNSPECIFIED.,.F.,.F.,.F.)
B_SPLINE_SURFACE_WITH_KNOTS((4,4),(2,2),(-1.,0.),(0.,0.04),
 .UNSPECIFIED.)
GEOMETRIC_REPRESENTATION_ITEM()
RATIONAL_B_SPLINE_SURFACE(((1.,1.),(1.,1.),(1.,1.),(1.,1.)))
REPRESENTATION_ITEM('')
SURFACE()
);
#3556=(
BOUNDED_SURFACE()
B_SPLINE_SURFACE(3,1,((#5104,#5105),(#5106,#5107),(#5108,#5109),(#5110,
#5111)),.UNSPECIFIED.,.F.,.F.,.F.)
B_SPLINE_SURFACE_WITH_KNOTS((4,4),(2,2),(-1.,0.),(0.,0.04),
 .UNSPECIFIED.)
GEOMETRIC_REPRESENTATION_ITEM()
RATIONAL_B_SPLINE_SURFACE(((1.,1.),(1.,1.),(1.,1.),(1.,1.)))
REPRESENTATION_ITEM('')
SURFACE()
);
#3557=(
BOUNDED_SURFACE()
B_SPLINE_SURFACE(3,1,((#5123,#5124),(#5125,#5126),(#5127,#5128),(#5129,
#5130)),.UNSPECIFIED.,.F.,.F.,.F.)
B_SPLINE_SURFACE_WITH_KNOTS((4,4),(2,2),(-1.,0.),(0.,0.04),
 .UNSPECIFIED.)
GEOMETRIC_REPRESENTATION_ITEM()
RATIONAL_B_SPLINE_SURFACE(((1.,1.),(1.,1.),(1.,1.),(1.,1.)))
REPRESENTATION_ITEM('')
SURFACE()
);
#3558=(
BOUNDED_SURFACE()
B_SPLINE_SURFACE(3,1,((#5142,#5143),(#5144,#5145),(#5146,#5147),(#5148,
#5149)),.UNSPECIFIED.,.F.,.F.,.F.)
B_SPLINE_SURFACE_WITH_KNOTS((4,4),(2,2),(-1.,0.),(0.,0.04),
 .UNSPECIFIED.)
GEOMETRIC_REPRESENTATION_ITEM()
RATIONAL_B_SPLINE_SURFACE(((1.,1.),(1.,1.),(1.,1.),(1.,1.)))
REPRESENTATION_ITEM('')
SURFACE()
);
#3559=(
BOUNDED_SURFACE()
B_SPLINE_SURFACE(3,1,((#5161,#5162),(#5163,#5164),(#5165,#5166),(#5167,
#5168)),.UNSPECIFIED.,.F.,.F.,.F.)
B_SPLINE_SURFACE_WITH_KNOTS((4,4),(2,2),(-1.,0.),(0.,0.04),
 .UNSPECIFIED.)
GEOMETRIC_REPRESENTATION_ITEM()
RATIONAL_B_SPLINE_SURFACE(((1.,1.),(1.,1.),(1.,1.),(1.,1.)))
REPRESENTATION_ITEM('')
SURFACE()
);
#3560=(
BOUNDED_SURFACE()
B_SPLINE_SURFACE(3,1,((#5180,#5181),(#5182,#5183),(#5184,#5185),(#5186,
#5187)),.UNSPECIFIED.,.F.,.F.,.F.)
B_SPLINE_SURFACE_WITH_KNOTS((4,4),(2,2),(-1.,0.),(0.,0.04),
 .UNSPECIFIED.)
GEOMETRIC_REPRESENTATION_ITEM()
RATIONAL_B_SPLINE_SURFACE(((1.,1.),(1.,1.),(1.,1.),(1.,1.)))
REPRESENTATION_ITEM('')
SURFACE()
);
#3561=(
BOUNDED_SURFACE()
B_SPLINE_SURFACE(3,1,((#5197,#5198),(#5199,#5200),(#5201,#5202),(#5203,
#5204)),.UNSPECIFIED.,.F.,.F.,.F.)
B_SPLINE_SURFACE_WITH_KNOTS((4,4),(2,2),(-1.,0.),(0.,0.04),
 .UNSPECIFIED.)
GEOMETRIC_REPRESENTATION_ITEM()
RATIONAL_B_SPLINE_SURFACE(((1.,1.),(1.,1.),(1.,1.),(1.,1.)))
REPRESENTATION_ITEM('')
SURFACE()
);
#3562=(
BOUNDED_SURFACE()
B_SPLINE_SURFACE(3,1,((#5219,#5220),(#5221,#5222),(#5223,#5224),(#5225,
#5226)),.UNSPECIFIED.,.F.,.F.,.F.)
B_SPLINE_SURFACE_WITH_KNOTS((4,4),(2,2),(-1.,0.),(0.,0.04),
 .UNSPECIFIED.)
GEOMETRIC_REPRESENTATION_ITEM()
RATIONAL_B_SPLINE_SURFACE(((1.,1.),(1.,1.),(1.,1.),(1.,1.)))
REPRESENTATION_ITEM('')
SURFACE()
);
#3563=(
BOUNDED_SURFACE()
B_SPLINE_SURFACE(3,1,((#5238,#5239),(#5240,#5241),(#5242,#5243),(#5244,
#5245)),.UNSPECIFIED.,.F.,.F.,.F.)
B_SPLINE_SURFACE_WITH_KNOTS((4,4),(2,2),(-1.,0.),(0.,0.04),
 .UNSPECIFIED.)
GEOMETRIC_REPRESENTATION_ITEM()
RATIONAL_B_SPLINE_SURFACE(((1.,1.),(1.,1.),(1.,1.),(1.,1.)))
REPRESENTATION_ITEM('')
SURFACE()
);
#3564=(
BOUNDED_SURFACE()
B_SPLINE_SURFACE(3,1,((#5257,#5258),(#5259,#5260),(#5261,#5262),(#5263,
#5264)),.UNSPECIFIED.,.F.,.F.,.F.)
B_SPLINE_SURFACE_WITH_KNOTS((4,4),(2,2),(-1.,0.),(0.,0.04),
 .UNSPECIFIED.)
GEOMETRIC_REPRESENTATION_ITEM()
RATIONAL_B_SPLINE_SURFACE(((1.,1.),(1.,1.),(1.,1.),(1.,1.)))
REPRESENTATION_ITEM('')
SURFACE()
);
#3565=(
BOUNDED_SURFACE()
B_SPLINE_SURFACE(3,1,((#5276,#5277),(#5278,#5279),(#5280,#5281),(#5282,
#5283)),.UNSPECIFIED.,.F.,.F.,.F.)
B_SPLINE_SURFACE_WITH_KNOTS((4,4),(2,2),(-1.,0.),(0.,0.04),
 .UNSPECIFIED.)
GEOMETRIC_REPRESENTATION_ITEM()
RATIONAL_B_SPLINE_SURFACE(((1.,1.),(1.,1.),(1.,1.),(1.,1.)))
REPRESENTATION_ITEM('')
SURFACE()
);
#3566=(
BOUNDED_SURFACE()
B_SPLINE_SURFACE(3,1,((#5295,#5296),(#5297,#5298),(#5299,#5300),(#5301,
#5302)),.UNSPECIFIED.,.F.,.F.,.F.)
B_SPLINE_SURFACE_WITH_KNOTS((4,4),(2,2),(-1.,0.),(0.,0.04),
 .UNSPECIFIED.)
GEOMETRIC_REPRESENTATION_ITEM()
RATIONAL_B_SPLINE_SURFACE(((1.,1.),(1.,1.),(1.,1.),(1.,1.)))
REPRESENTATION_ITEM('')
SURFACE()
);
#3567=(
BOUNDED_SURFACE()
B_SPLINE_SURFACE(3,1,((#5314,#5315),(#5316,#5317),(#5318,#5319),(#5320,
#5321)),.UNSPECIFIED.,.F.,.F.,.F.)
B_SPLINE_SURFACE_WITH_KNOTS((4,4),(2,2),(-1.,0.),(0.,0.04),
 .UNSPECIFIED.)
GEOMETRIC_REPRESENTATION_ITEM()
RATIONAL_B_SPLINE_SURFACE(((1.,1.),(1.,1.),(1.,1.),(1.,1.)))
REPRESENTATION_ITEM('')
SURFACE()
);
#3568=(
BOUNDED_SURFACE()
B_SPLINE_SURFACE(3,1,((#5333,#5334),(#5335,#5336),(#5337,#5338),(#5339,
#5340)),.UNSPECIFIED.,.F.,.F.,.F.)
B_SPLINE_SURFACE_WITH_KNOTS((4,4),(2,2),(-1.,0.),(0.,0.04),
 .UNSPECIFIED.)
GEOMETRIC_REPRESENTATION_ITEM()
RATIONAL_B_SPLINE_SURFACE(((1.,1.),(1.,1.),(1.,1.),(1.,1.)))
REPRESENTATION_ITEM('')
SURFACE()
);
#3569=(
BOUNDED_SURFACE()
B_SPLINE_SURFACE(3,1,((#5349,#5350),(#5351,#5352),(#5353,#5354),(#5355,
#5356)),.UNSPECIFIED.,.F.,.F.,.F.)
B_SPLINE_SURFACE_WITH_KNOTS((4,4),(2,2),(-1.,0.),(0.,0.04),
 .UNSPECIFIED.)
GEOMETRIC_REPRESENTATION_ITEM()
RATIONAL_B_SPLINE_SURFACE(((1.,1.),(1.,1.),(1.,1.),(1.,1.)))
REPRESENTATION_ITEM('')
SURFACE()
);
#3570=(
BOUNDED_SURFACE()
B_SPLINE_SURFACE(3,1,((#5371,#5372),(#5373,#5374),(#5375,#5376),(#5377,
#5378)),.UNSPECIFIED.,.F.,.F.,.F.)
B_SPLINE_SURFACE_WITH_KNOTS((4,4),(2,2),(-1.,0.),(0.,0.04),
 .UNSPECIFIED.)
GEOMETRIC_REPRESENTATION_ITEM()
RATIONAL_B_SPLINE_SURFACE(((1.,1.),(1.,1.),(1.,1.),(1.,1.)))
REPRESENTATION_ITEM('')
SURFACE()
);
#3571=(
BOUNDED_SURFACE()
B_SPLINE_SURFACE(3,1,((#5390,#5391),(#5392,#5393),(#5394,#5395),(#5396,
#5397)),.UNSPECIFIED.,.F.,.F.,.F.)
B_SPLINE_SURFACE_WITH_KNOTS((4,4),(2,2),(-1.,0.),(0.,0.04),
 .UNSPECIFIED.)
GEOMETRIC_REPRESENTATION_ITEM()
RATIONAL_B_SPLINE_SURFACE(((1.,1.),(1.,1.),(1.,1.),(1.,1.)))
REPRESENTATION_ITEM('')
SURFACE()
);
#3572=(
BOUNDED_SURFACE()
B_SPLINE_SURFACE(3,1,((#5409,#5410),(#5411,#5412),(#5413,#5414),(#5415,
#5416)),.UNSPECIFIED.,.F.,.F.,.F.)
B_SPLINE_SURFACE_WITH_KNOTS((4,4),(2,2),(-1.,0.),(0.,0.04),
 .UNSPECIFIED.)
GEOMETRIC_REPRESENTATION_ITEM()
RATIONAL_B_SPLINE_SURFACE(((1.,1.),(1.,1.),(1.,1.),(1.,1.)))
REPRESENTATION_ITEM('')
SURFACE()
);
#3573=(
BOUNDED_SURFACE()
B_SPLINE_SURFACE(3,1,((#5428,#5429),(#5430,#5431),(#5432,#5433),(#5434,
#5435)),.UNSPECIFIED.,.F.,.F.,.F.)
B_SPLINE_SURFACE_WITH_KNOTS((4,4),(2,2),(-1.,0.),(0.,0.04),
 .UNSPECIFIED.)
GEOMETRIC_REPRESENTATION_ITEM()
RATIONAL_B_SPLINE_SURFACE(((1.,1.),(1.,1.),(1.,1.),(1.,1.)))
REPRESENTATION_ITEM('')
SURFACE()
);
#3574=(
BOUNDED_SURFACE()
B_SPLINE_SURFACE(3,1,((#5447,#5448),(#5449,#5450),(#5451,#5452),(#5453,
#5454)),.UNSPECIFIED.,.F.,.F.,.F.)
B_SPLINE_SURFACE_WITH_KNOTS((4,4),(2,2),(-1.,0.),(0.,0.04),
 .UNSPECIFIED.)
GEOMETRIC_REPRESENTATION_ITEM()
RATIONAL_B_SPLINE_SURFACE(((1.,1.),(1.,1.),(1.,1.),(1.,1.)))
REPRESENTATION_ITEM('')
SURFACE()
);
#3575=(
BOUNDED_SURFACE()
B_SPLINE_SURFACE(3,1,((#5466,#5467),(#5468,#5469),(#5470,#5471),(#5472,
#5473)),.UNSPECIFIED.,.F.,.F.,.F.)
B_SPLINE_SURFACE_WITH_KNOTS((4,4),(2,2),(-1.,0.),(0.,0.04),
 .UNSPECIFIED.)
GEOMETRIC_REPRESENTATION_ITEM()
RATIONAL_B_SPLINE_SURFACE(((1.,1.),(1.,1.),(1.,1.),(1.,1.)))
REPRESENTATION_ITEM('')
SURFACE()
);
#3576=(
BOUNDED_SURFACE()
B_SPLINE_SURFACE(3,1,((#5485,#5486),(#5487,#5488),(#5489,#5490),(#5491,
#5492)),.UNSPECIFIED.,.F.,.F.,.F.)
B_SPLINE_SURFACE_WITH_KNOTS((4,4),(2,2),(-1.,0.),(0.,0.04),
 .UNSPECIFIED.)
GEOMETRIC_REPRESENTATION_ITEM()
RATIONAL_B_SPLINE_SURFACE(((1.,1.),(1.,1.),(1.,1.),(1.,1.)))
REPRESENTATION_ITEM('')
SURFACE()
);
#3577=(
BOUNDED_SURFACE()
B_SPLINE_SURFACE(3,1,((#5504,#5505),(#5506,#5507),(#5508,#5509),(#5510,
#5511)),.UNSPECIFIED.,.F.,.F.,.F.)
B_SPLINE_SURFACE_WITH_KNOTS((4,4),(2,2),(-1.,0.),(0.,0.04),
 .UNSPECIFIED.)
GEOMETRIC_REPRESENTATION_ITEM()
RATIONAL_B_SPLINE_SURFACE(((1.,1.),(1.,1.),(1.,1.),(1.,1.)))
REPRESENTATION_ITEM('')
SURFACE()
);
#3578=(
BOUNDED_SURFACE()
B_SPLINE_SURFACE(3,1,((#5523,#5524),(#5525,#5526),(#5527,#5528),(#5529,
#5530)),.UNSPECIFIED.,.F.,.F.,.F.)
B_SPLINE_SURFACE_WITH_KNOTS((4,4),(2,2),(-1.,0.),(0.,0.04),
 .UNSPECIFIED.)
GEOMETRIC_REPRESENTATION_ITEM()
RATIONAL_B_SPLINE_SURFACE(((1.,1.),(1.,1.),(1.,1.),(1.,1.)))
REPRESENTATION_ITEM('')
SURFACE()
);
#3579=(
BOUNDED_SURFACE()
B_SPLINE_SURFACE(3,1,((#5542,#5543),(#5544,#5545),(#5546,#5547),(#5548,
#5549)),.UNSPECIFIED.,.F.,.F.,.F.)
B_SPLINE_SURFACE_WITH_KNOTS((4,4),(2,2),(-1.,0.),(0.,0.04),
 .UNSPECIFIED.)
GEOMETRIC_REPRESENTATION_ITEM()
RATIONAL_B_SPLINE_SURFACE(((1.,1.),(1.,1.),(1.,1.),(1.,1.)))
REPRESENTATION_ITEM('')
SURFACE()
);
#3580=(
BOUNDED_SURFACE()
B_SPLINE_SURFACE(3,1,((#5561,#5562),(#5563,#5564),(#5565,#5566),(#5567,
#5568)),.UNSPECIFIED.,.F.,.F.,.F.)
B_SPLINE_SURFACE_WITH_KNOTS((4,4),(2,2),(-1.,0.),(0.,0.04),
 .UNSPECIFIED.)
GEOMETRIC_REPRESENTATION_ITEM()
RATIONAL_B_SPLINE_SURFACE(((1.,1.),(1.,1.),(1.,1.),(1.,1.)))
REPRESENTATION_ITEM('')
SURFACE()
);
#3581=(
BOUNDED_SURFACE()
B_SPLINE_SURFACE(3,1,((#5580,#5581),(#5582,#5583),(#5584,#5585),(#5586,
#5587)),.UNSPECIFIED.,.F.,.F.,.F.)
B_SPLINE_SURFACE_WITH_KNOTS((4,4),(2,2),(-1.,0.),(0.,0.04),
 .UNSPECIFIED.)
GEOMETRIC_REPRESENTATION_ITEM()
RATIONAL_B_SPLINE_SURFACE(((1.,1.),(1.,1.),(1.,1.),(1.,1.)))
REPRESENTATION_ITEM('')
SURFACE()
);
#3582=(
BOUNDED_SURFACE()
B_SPLINE_SURFACE(3,1,((#5599,#5600),(#5601,#5602),(#5603,#5604),(#5605,
#5606)),.UNSPECIFIED.,.F.,.F.,.F.)
B_SPLINE_SURFACE_WITH_KNOTS((4,4),(2,2),(-1.,0.),(0.,0.04),
 .UNSPECIFIED.)
GEOMETRIC_REPRESENTATION_ITEM()
RATIONAL_B_SPLINE_SURFACE(((1.,1.),(1.,1.),(1.,1.),(1.,1.)))
REPRESENTATION_ITEM('')
SURFACE()
);
#3583=(
BOUNDED_SURFACE()
B_SPLINE_SURFACE(3,1,((#5618,#5619),(#5620,#5621),(#5622,#5623),(#5624,
#5625)),.UNSPECIFIED.,.F.,.F.,.F.)
B_SPLINE_SURFACE_WITH_KNOTS((4,4),(2,2),(-1.,0.),(0.,0.04),
 .UNSPECIFIED.)
GEOMETRIC_REPRESENTATION_ITEM()
RATIONAL_B_SPLINE_SURFACE(((1.,1.),(1.,1.),(1.,1.),(1.,1.)))
REPRESENTATION_ITEM('')
SURFACE()
);
#3584=(
BOUNDED_SURFACE()
B_SPLINE_SURFACE(3,1,((#5637,#5638),(#5639,#5640),(#5641,#5642),(#5643,
#5644)),.UNSPECIFIED.,.F.,.F.,.F.)
B_SPLINE_SURFACE_WITH_KNOTS((4,4),(2,2),(-1.,0.),(0.,0.04),
 .UNSPECIFIED.)
GEOMETRIC_REPRESENTATION_ITEM()
RATIONAL_B_SPLINE_SURFACE(((1.,1.),(1.,1.),(1.,1.),(1.,1.)))
REPRESENTATION_ITEM('')
SURFACE()
);
#3585=(
BOUNDED_SURFACE()
B_SPLINE_SURFACE(3,1,((#5656,#5657),(#5658,#5659),(#5660,#5661),(#5662,
#5663)),.UNSPECIFIED.,.F.,.F.,.F.)
B_SPLINE_SURFACE_WITH_KNOTS((4,4),(2,2),(-1.,0.),(0.,0.04),
 .UNSPECIFIED.)
GEOMETRIC_REPRESENTATION_ITEM()
RATIONAL_B_SPLINE_SURFACE(((1.,1.),(1.,1.),(1.,1.),(1.,1.)))
REPRESENTATION_ITEM('')
SURFACE()
);
#3586=(
BOUNDED_SURFACE()
B_SPLINE_SURFACE(3,1,((#5675,#5676),(#5677,#5678),(#5679,#5680),(#5681,
#5682)),.UNSPECIFIED.,.F.,.F.,.F.)
B_SPLINE_SURFACE_WITH_KNOTS((4,4),(2,2),(-1.,0.),(0.,0.04),
 .UNSPECIFIED.)
GEOMETRIC_REPRESENTATION_ITEM()
RATIONAL_B_SPLINE_SURFACE(((1.,1.),(1.,1.),(1.,1.),(1.,1.)))
REPRESENTATION_ITEM('')
SURFACE()
);
#3587=(
BOUNDED_SURFACE()
B_SPLINE_SURFACE(3,1,((#5694,#5695),(#5696,#5697),(#5698,#5699),(#5700,
#5701)),.UNSPECIFIED.,.F.,.F.,.F.)
B_SPLINE_SURFACE_WITH_KNOTS((4,4),(2,2),(-1.,0.),(0.,0.04),
 .UNSPECIFIED.)
GEOMETRIC_REPRESENTATION_ITEM()
RATIONAL_B_SPLINE_SURFACE(((1.,1.),(1.,1.),(1.,1.),(1.,1.)))
REPRESENTATION_ITEM('')
SURFACE()
);
#3588=(
BOUNDED_SURFACE()
B_SPLINE_SURFACE(3,1,((#5713,#5714),(#5715,#5716),(#5717,#5718),(#5719,
#5720)),.UNSPECIFIED.,.F.,.F.,.F.)
B_SPLINE_SURFACE_WITH_KNOTS((4,4),(2,2),(-1.,0.),(0.,0.04),
 .UNSPECIFIED.)
GEOMETRIC_REPRESENTATION_ITEM()
RATIONAL_B_SPLINE_SURFACE(((1.,1.),(1.,1.),(1.,1.),(1.,1.)))
REPRESENTATION_ITEM('')
SURFACE()
);
#3589=(
BOUNDED_SURFACE()
B_SPLINE_SURFACE(3,1,((#5732,#5733),(#5734,#5735),(#5736,#5737),(#5738,
#5739)),.UNSPECIFIED.,.F.,.F.,.F.)
B_SPLINE_SURFACE_WITH_KNOTS((4,4),(2,2),(-1.,0.),(0.,0.04),
 .UNSPECIFIED.)
GEOMETRIC_REPRESENTATION_ITEM()
RATIONAL_B_SPLINE_SURFACE(((1.,1.),(1.,1.),(1.,1.),(1.,1.)))
REPRESENTATION_ITEM('')
SURFACE()
);
#3590=(
BOUNDED_SURFACE()
B_SPLINE_SURFACE(3,1,((#5751,#5752),(#5753,#5754),(#5755,#5756),(#5757,
#5758)),.UNSPECIFIED.,.F.,.F.,.F.)
B_SPLINE_SURFACE_WITH_KNOTS((4,4),(2,2),(-1.,0.),(0.,0.04),
 .UNSPECIFIED.)
GEOMETRIC_REPRESENTATION_ITEM()
RATIONAL_B_SPLINE_SURFACE(((1.,1.),(1.,1.),(1.,1.),(1.,1.)))
REPRESENTATION_ITEM('')
SURFACE()
);
#3591=(
BOUNDED_SURFACE()
B_SPLINE_SURFACE(3,1,((#5770,#5771),(#5772,#5773),(#5774,#5775),(#5776,
#5777)),.UNSPECIFIED.,.F.,.F.,.F.)
B_SPLINE_SURFACE_WITH_KNOTS((4,4),(2,2),(-1.,0.),(0.,0.04),
 .UNSPECIFIED.)
GEOMETRIC_REPRESENTATION_ITEM()
RATIONAL_B_SPLINE_SURFACE(((1.,1.),(1.,1.),(1.,1.),(1.,1.)))
REPRESENTATION_ITEM('')
SURFACE()
);
#3592=(
BOUNDED_SURFACE()
B_SPLINE_SURFACE(3,1,((#5789,#5790),(#5791,#5792),(#5793,#5794),(#5795,
#5796)),.UNSPECIFIED.,.F.,.F.,.F.)
B_SPLINE_SURFACE_WITH_KNOTS((4,4),(2,2),(-1.,0.),(0.,0.04),
 .UNSPECIFIED.)
GEOMETRIC_REPRESENTATION_ITEM()
RATIONAL_B_SPLINE_SURFACE(((1.,1.),(1.,1.),(1.,1.),(1.,1.)))
REPRESENTATION_ITEM('')
SURFACE()
);
#3593=(
BOUNDED_SURFACE()
B_SPLINE_SURFACE(3,1,((#5808,#5809),(#5810,#5811),(#5812,#5813),(#5814,
#5815)),.UNSPECIFIED.,.F.,.F.,.F.)
B_SPLINE_SURFACE_WITH_KNOTS((4,4),(2,2),(-1.,0.),(0.,0.04),
 .UNSPECIFIED.)
GEOMETRIC_REPRESENTATION_ITEM()
RATIONAL_B_SPLINE_SURFACE(((1.,1.),(1.,1.),(1.,1.),(1.,1.)))
REPRESENTATION_ITEM('')
SURFACE()
);
#3594=(
BOUNDED_SURFACE()
B_SPLINE_SURFACE(3,1,((#5827,#5828),(#5829,#5830),(#5831,#5832),(#5833,
#5834)),.UNSPECIFIED.,.F.,.F.,.F.)
B_SPLINE_SURFACE_WITH_KNOTS((4,4),(2,2),(-1.,0.),(0.,0.04),
 .UNSPECIFIED.)
GEOMETRIC_REPRESENTATION_ITEM()
RATIONAL_B_SPLINE_SURFACE(((1.,1.),(1.,1.),(1.,1.),(1.,1.)))
REPRESENTATION_ITEM('')
SURFACE()
);
#3595=(
BOUNDED_SURFACE()
B_SPLINE_SURFACE(3,1,((#5846,#5847),(#5848,#5849),(#5850,#5851),(#5852,
#5853)),.UNSPECIFIED.,.F.,.F.,.F.)
B_SPLINE_SURFACE_WITH_KNOTS((4,4),(2,2),(-1.,0.),(0.,0.04),
 .UNSPECIFIED.)
GEOMETRIC_REPRESENTATION_ITEM()
RATIONAL_B_SPLINE_SURFACE(((1.,1.),(1.,1.),(1.,1.),(1.,1.)))
REPRESENTATION_ITEM('')
SURFACE()
);
#3596=(
BOUNDED_SURFACE()
B_SPLINE_SURFACE(3,1,((#5865,#5866),(#5867,#5868),(#5869,#5870),(#5871,
#5872)),.UNSPECIFIED.,.F.,.F.,.F.)
B_SPLINE_SURFACE_WITH_KNOTS((4,4),(2,2),(-1.,0.),(0.,0.04),
 .UNSPECIFIED.)
GEOMETRIC_REPRESENTATION_ITEM()
RATIONAL_B_SPLINE_SURFACE(((1.,1.),(1.,1.),(1.,1.),(1.,1.)))
REPRESENTATION_ITEM('')
SURFACE()
);
#3597=(
BOUNDED_SURFACE()
B_SPLINE_SURFACE(3,1,((#5884,#5885),(#5886,#5887),(#5888,#5889),(#5890,
#5891)),.UNSPECIFIED.,.F.,.F.,.F.)
B_SPLINE_SURFACE_WITH_KNOTS((4,4),(2,2),(-1.,0.),(0.,0.04),
 .UNSPECIFIED.)
GEOMETRIC_REPRESENTATION_ITEM()
RATIONAL_B_SPLINE_SURFACE(((1.,1.),(1.,1.),(1.,1.),(1.,1.)))
REPRESENTATION_ITEM('')
SURFACE()
);
#3598=(
BOUNDED_SURFACE()
B_SPLINE_SURFACE(3,1,((#5903,#5904),(#5905,#5906),(#5907,#5908),(#5909,
#5910)),.UNSPECIFIED.,.F.,.F.,.F.)
B_SPLINE_SURFACE_WITH_KNOTS((4,4),(2,2),(-1.,0.),(0.,0.04),
 .UNSPECIFIED.)
GEOMETRIC_REPRESENTATION_ITEM()
RATIONAL_B_SPLINE_SURFACE(((1.,1.),(1.,1.),(1.,1.),(1.,1.)))
REPRESENTATION_ITEM('')
SURFACE()
);
#3599=(
BOUNDED_SURFACE()
B_SPLINE_SURFACE(3,1,((#5922,#5923),(#5924,#5925),(#5926,#5927),(#5928,
#5929)),.UNSPECIFIED.,.F.,.F.,.F.)
B_SPLINE_SURFACE_WITH_KNOTS((4,4),(2,2),(-1.,0.),(0.,0.04),
 .UNSPECIFIED.)
GEOMETRIC_REPRESENTATION_ITEM()
RATIONAL_B_SPLINE_SURFACE(((1.,1.),(1.,1.),(1.,1.),(1.,1.)))
REPRESENTATION_ITEM('')
SURFACE()
);
#3600=(
BOUNDED_SURFACE()
B_SPLINE_SURFACE(3,1,((#5941,#5942),(#5943,#5944),(#5945,#5946),(#5947,
#5948)),.UNSPECIFIED.,.F.,.F.,.F.)
B_SPLINE_SURFACE_WITH_KNOTS((4,4),(2,2),(-1.,0.),(0.,0.04),
 .UNSPECIFIED.)
GEOMETRIC_REPRESENTATION_ITEM()
RATIONAL_B_SPLINE_SURFACE(((1.,1.),(1.,1.),(1.,1.),(1.,1.)))
REPRESENTATION_ITEM('')
SURFACE()
);
#3601=ADVANCED_FACE('',(#266),#3538,.T.);
#3602=ADVANCED_FACE('',(#267),#3539,.T.);
#3603=ADVANCED_FACE('',(#268),#3540,.T.);
#3604=ADVANCED_FACE('',(#269),#3541,.T.);
#3605=ADVANCED_FACE('',(#270),#3542,.T.);
#3606=ADVANCED_FACE('',(#271),#3543,.T.);
#3607=ADVANCED_FACE('',(#272),#3544,.T.);
#3608=ADVANCED_FACE('',(#273),#3545,.T.);
#3609=ADVANCED_FACE('',(#274),#3546,.T.);
#3610=ADVANCED_FACE('',(#275),#3547,.T.);
#3611=ADVANCED_FACE('',(#276),#3548,.T.);
#3612=ADVANCED_FACE('',(#277),#3549,.T.);
#3613=ADVANCED_FACE('',(#278),#3550,.T.);
#3614=ADVANCED_FACE('',(#279),#3551,.T.);
#3615=ADVANCED_FACE('',(#280),#159,.T.);
#3616=ADVANCED_FACE('',(#281),#3552,.T.);
#3617=ADVANCED_FACE('',(#282),#3553,.T.);
#3618=ADVANCED_FACE('',(#283),#3554,.T.);
#3619=ADVANCED_FACE('',(#284),#3555,.T.);
#3620=ADVANCED_FACE('',(#285),#3556,.T.);
#3621=ADVANCED_FACE('',(#286),#3557,.T.);
#3622=ADVANCED_FACE('',(#287),#3558,.T.);
#3623=ADVANCED_FACE('',(#288),#3559,.T.);
#3624=ADVANCED_FACE('',(#289),#3560,.T.);
#3625=ADVANCED_FACE('',(#290),#160,.T.);
#3626=ADVANCED_FACE('',(#291),#3561,.T.);
#3627=ADVANCED_FACE('',(#292),#3562,.T.);
#3628=ADVANCED_FACE('',(#293),#3563,.T.);
#3629=ADVANCED_FACE('',(#294),#3564,.T.);
#3630=ADVANCED_FACE('',(#295),#3565,.T.);
#3631=ADVANCED_FACE('',(#296),#3566,.T.);
#3632=ADVANCED_FACE('',(#297),#3567,.T.);
#3633=ADVANCED_FACE('',(#298),#3568,.T.);
#3634=ADVANCED_FACE('',(#299),#3569,.T.);
#3635=ADVANCED_FACE('',(#300),#3570,.T.);
#3636=ADVANCED_FACE('',(#301),#3571,.T.);
#3637=ADVANCED_FACE('',(#302),#3572,.T.);
#3638=ADVANCED_FACE('',(#303),#3573,.T.);
#3639=ADVANCED_FACE('',(#304),#3574,.T.);
#3640=ADVANCED_FACE('',(#305),#3575,.T.);
#3641=ADVANCED_FACE('',(#306),#3576,.T.);
#3642=ADVANCED_FACE('',(#307),#3577,.T.);
#3643=ADVANCED_FACE('',(#308),#3578,.T.);
#3644=ADVANCED_FACE('',(#309),#3579,.T.);
#3645=ADVANCED_FACE('',(#310),#3580,.T.);
#3646=ADVANCED_FACE('',(#311),#3581,.T.);
#3647=ADVANCED_FACE('',(#312),#3582,.T.);
#3648=ADVANCED_FACE('',(#313),#3583,.T.);
#3649=ADVANCED_FACE('',(#314),#3584,.T.);
#3650=ADVANCED_FACE('',(#315),#3585,.T.);
#3651=ADVANCED_FACE('',(#316),#3586,.T.);
#3652=ADVANCED_FACE('',(#317),#3587,.T.);
#3653=ADVANCED_FACE('',(#318),#3588,.T.);
#3654=ADVANCED_FACE('',(#319),#3589,.T.);
#3655=ADVANCED_FACE('',(#320),#3590,.T.);
#3656=ADVANCED_FACE('',(#321),#3591,.T.);
#3657=ADVANCED_FACE('',(#322),#3592,.T.);
#3658=ADVANCED_FACE('',(#323),#3593,.T.);
#3659=ADVANCED_FACE('',(#324),#3594,.T.);
#3660=ADVANCED_FACE('',(#325),#3595,.T.);
#3661=ADVANCED_FACE('',(#326),#3596,.T.);
#3662=ADVANCED_FACE('',(#327),#3597,.T.);
#3663=ADVANCED_FACE('',(#328),#3598,.T.);
#3664=ADVANCED_FACE('',(#329),#3599,.T.);
#3665=ADVANCED_FACE('',(#330),#3600,.T.);
#3666=ADVANCED_FACE('',(#331,#111),#161,.T.);
#3667=ADVANCED_FACE('',(#332),#162,.T.);
#3668=ADVANCED_FACE('',(#333,#112,#113,#114,#115),#163,.F.);
#3669=ADVANCED_FACE('',(#334),#15,.F.);
#3670=ADVANCED_FACE('',(#335),#16,.F.);
#3671=ADVANCED_FACE('',(#336),#164,.F.);
#3672=ADVANCED_FACE('',(#337),#165,.F.);
#3673=ADVANCED_FACE('',(#338),#17,.F.);
#3674=ADVANCED_FACE('',(#339),#18,.F.);
#3675=ADVANCED_FACE('',(#340),#19,.F.);
#3676=ADVANCED_FACE('',(#341),#20,.F.);
#3677=ADVANCED_FACE('',(#342),#21,.T.);
#3678=ADVANCED_FACE('',(#343),#166,.F.);
#3679=ADVANCED_FACE('',(#344),#22,.T.);
#3680=ADVANCED_FACE('',(#345),#167,.T.);
#3681=ADVANCED_FACE('',(#346),#168,.T.);
#3682=ADVANCED_FACE('',(#347),#169,.T.);
#3683=ADVANCED_FACE('',(#348),#170,.T.);
#3684=ADVANCED_FACE('',(#349),#171,.T.);
#3685=ADVANCED_FACE('',(#350),#172,.T.);
#3686=ADVANCED_FACE('',(#351),#173,.T.);
#3687=ADVANCED_FACE('',(#352),#174,.T.);
#3688=ADVANCED_FACE('',(#353),#175,.T.);
#3689=ADVANCED_FACE('',(#354),#176,.F.);
#3690=ADVANCED_FACE('',(#355),#177,.T.);
#3691=ADVANCED_FACE('',(#356),#178,.T.);
#3692=ADVANCED_FACE('',(#357),#179,.T.);
#3693=ADVANCED_FACE('',(#358),#23,.T.);
#3694=ADVANCED_FACE('',(#359),#180,.T.);
#3695=ADVANCED_FACE('',(#360),#181,.T.);
#3696=ADVANCED_FACE('',(#361),#182,.T.);
#3697=ADVANCED_FACE('',(#362),#183,.T.);
#3698=ADVANCED_FACE('',(#363),#184,.T.);
#3699=ADVANCED_FACE('',(#364),#185,.T.);
#3700=ADVANCED_FACE('',(#365),#186,.T.);
#3701=ADVANCED_FACE('',(#366),#187,.T.);
#3702=ADVANCED_FACE('',(#367),#188,.T.);
#3703=ADVANCED_FACE('',(#368),#189,.T.);
#3704=ADVANCED_FACE('',(#369),#190,.T.);
#3705=ADVANCED_FACE('',(#370),#191,.T.);
#3706=ADVANCED_FACE('',(#371),#24,.T.);
#3707=ADVANCED_FACE('',(#372),#192,.T.);
#3708=ADVANCED_FACE('',(#373),#193,.T.);
#3709=ADVANCED_FACE('',(#374),#194,.T.);
#3710=ADVANCED_FACE('',(#375),#195,.T.);
#3711=ADVANCED_FACE('',(#376),#196,.T.);
#3712=ADVANCED_FACE('',(#377),#197,.T.);
#3713=ADVANCED_FACE('',(#378),#198,.T.);
#3714=ADVANCED_FACE('',(#379),#199,.T.);
#3715=ADVANCED_FACE('',(#380),#200,.T.);
#3716=ADVANCED_FACE('',(#381),#201,.T.);
#3717=ADVANCED_FACE('',(#382),#202,.T.);
#3718=ADVANCED_FACE('',(#383),#25,.T.);
#3719=ADVANCED_FACE('',(#384),#26,.T.);
#3720=ADVANCED_FACE('',(#385),#27,.T.);
#3721=ADVANCED_FACE('',(#386),#203,.F.);
#3722=ADVANCED_FACE('',(#387),#204,.F.);
#3723=ADVANCED_FACE('',(#388,#116),#205,.F.);
#3724=ADVANCED_FACE('',(#389,#117),#206,.F.);
#3725=ADVANCED_FACE('',(#390,#118,#119),#207,.F.);
#3726=ADVANCED_FACE('',(#391,#120,#121),#208,.F.);
#3727=ADVANCED_FACE('',(#392),#209,.F.);
#3728=ADVANCED_FACE('',(#393),#210,.F.);
#3729=ADVANCED_FACE('',(#394),#211,.F.);
#3730=ADVANCED_FACE('',(#395),#212,.F.);
#3731=ADVANCED_FACE('',(#396),#213,.F.);
#3732=ADVANCED_FACE('',(#397),#28,.F.);
#3733=ADVANCED_FACE('',(#398),#214,.F.);
#3734=ADVANCED_FACE('',(#399),#215,.F.);
#3735=ADVANCED_FACE('',(#400),#216,.F.);
#3736=ADVANCED_FACE('',(#401),#217,.F.);
#3737=ADVANCED_FACE('',(#402),#218,.F.);
#3738=ADVANCED_FACE('',(#403),#219,.F.);
#3739=ADVANCED_FACE('',(#404),#220,.F.);
#3740=ADVANCED_FACE('',(#405),#221,.F.);
#3741=ADVANCED_FACE('',(#406),#222,.F.);
#3742=ADVANCED_FACE('',(#407),#223,.F.);
#3743=ADVANCED_FACE('',(#408),#224,.F.);
#3744=ADVANCED_FACE('',(#409),#225,.F.);
#3745=ADVANCED_FACE('',(#410),#226,.F.);
#3746=ADVANCED_FACE('',(#411),#227,.F.);
#3747=ADVANCED_FACE('',(#412),#228,.F.);
#3748=ADVANCED_FACE('',(#413),#229,.F.);
#3749=ADVANCED_FACE('',(#414),#29,.F.);
#3750=ADVANCED_FACE('',(#415),#230,.F.);
#3751=ADVANCED_FACE('',(#416),#231,.F.);
#3752=ADVANCED_FACE('',(#417),#232,.F.);
#3753=ADVANCED_FACE('',(#418),#233,.F.);
#3754=ADVANCED_FACE('',(#419),#234,.F.);
#3755=ADVANCED_FACE('',(#420),#235,.F.);
#3756=ADVANCED_FACE('',(#421),#236,.F.);
#3757=ADVANCED_FACE('',(#422),#237,.F.);
#3758=ADVANCED_FACE('',(#423),#238,.F.);
#3759=ADVANCED_FACE('',(#424),#239,.F.);
#3760=ADVANCED_FACE('',(#425),#240,.F.);
#3761=ADVANCED_FACE('',(#426),#241,.F.);
#3762=ADVANCED_FACE('',(#427),#242,.F.);
#3763=ADVANCED_FACE('',(#428),#243,.F.);
#3764=ADVANCED_FACE('',(#429),#244,.F.);
#3765=ADVANCED_FACE('',(#430),#245,.F.);
#3766=ADVANCED_FACE('',(#431),#30,.F.);
#3767=ADVANCED_FACE('',(#432),#31,.F.);
#3768=ADVANCED_FACE('',(#433),#32,.F.);
#3769=ADVANCED_FACE('',(#434),#33,.F.);
#3770=ADVANCED_FACE('',(#435,#122,#123,#124,#125,#126,#127,#128,#129,#130,
#131,#132,#133,#134,#135,#136,#137,#138),#246,.T.);
#3771=ADVANCED_FACE('',(#436),#247,.T.);
#3772=ADVANCED_FACE('',(#437),#248,.T.);
#3773=ADVANCED_FACE('',(#438),#34,.T.);
#3774=ADVANCED_FACE('',(#439,#139),#249,.T.);
#3775=ADVANCED_FACE('',(#440),#35,.T.);
#3776=ADVANCED_FACE('',(#441),#250,.T.);
#3777=ADVANCED_FACE('',(#442),#36,.T.);
#3778=ADVANCED_FACE('',(#443),#251,.T.);
#3779=ADVANCED_FACE('',(#444,#140,#141,#142,#143,#144,#145,#146,#147,#148),
#252,.F.);
#3780=ADVANCED_FACE('',(#445),#37,.F.);
#3781=ADVANCED_FACE('',(#446),#38,.F.);
#3782=ADVANCED_FACE('',(#447),#39,.F.);
#3783=ADVANCED_FACE('',(#448),#40,.F.);
#3784=ADVANCED_FACE('',(#449),#41,.F.);
#3785=ADVANCED_FACE('',(#450),#253,.T.);
#3786=ADVANCED_FACE('',(#451),#42,.T.);
#3787=ADVANCED_FACE('',(#452),#254,.T.);
#3788=ADVANCED_FACE('',(#453),#43,.T.);
#3789=ADVANCED_FACE('',(#454),#255,.T.);
#3790=ADVANCED_FACE('',(#455),#256,.T.);
#3791=ADVANCED_FACE('',(#456),#257,.T.);
#3792=ADVANCED_FACE('',(#457),#44,.T.);
#3793=ADVANCED_FACE('',(#458,#149,#150,#151,#152,#153),#258,.T.);
#3794=ADVANCED_FACE('',(#459,#154,#155,#156,#157,#158),#259,.F.);
#3795=CLOSED_SHELL('',(#3601,#3602,#3603,#3604,#3605,#3606,#3607,#3608,
#3609,#3610,#3611,#3612,#3613,#3614,#3615,#3616,#3617,#3618,#3619,#3620,
#3621,#3622,#3623,#3624,#3625,#3626,#3627,#3628,#3629,#3630,#3631,#3632,
#3633,#3634,#3635,#3636,#3637,#3638,#3639,#3640,#3641,#3642,#3643,#3644,
#3645,#3646,#3647,#3648,#3649,#3650,#3651,#3652,#3653,#3654,#3655,#3656,
#3657,#3658,#3659,#3660,#3661,#3662,#3663,#3664,#3665,#3666,#3667,#3668,
#3669,#3670,#3671,#3672,#3673,#3674,#3675,#3676,#3677,#3678,#3679,#3680,
#3681,#3682,#3683,#3684,#3685,#3686,#3687,#3688,#3689,#3690,#3691,#3692,
#3693,#3694,#3695,#3696,#3697,#3698,#3699,#3700,#3701,#3702,#3703,#3704,
#3705,#3706,#3707,#3708,#3709,#3710,#3711,#3712,#3713,#3714,#3715,#3716,
#3717,#3718,#3719,#3720,#3721,#3722,#3723,#3724,#3725,#3726,#3727,#3728,
#3729,#3730,#3731,#3732,#3733,#3734,#3735,#3736,#3737,#3738,#3739,#3740,
#3741,#3742,#3743,#3744,#3745,#3746,#3747,#3748,#3749,#3750,#3751,#3752,
#3753,#3754,#3755,#3756,#3757,#3758,#3759,#3760,#3761,#3762,#3763,#3764,
#3765,#3766,#3767,#3768,#3769,#3770,#3771,#3772,#3773,#3774,#3775,#3776,
#3777,#3778,#3779));
#3796=CLOSED_SHELL('',(#3780,#3781,#3782,#3783,#3784,#3785,#3786,#3787,
#3788,#3789,#3790,#3791,#3792,#3793,#3794));
#3797=DERIVED_UNIT_ELEMENT(#3799,1.);
#3798=DERIVED_UNIT_ELEMENT(#6686,-3.);
#3799=(
MASS_UNIT()
NAMED_UNIT(*)
SI_UNIT(.KILO.,.GRAM.)
);
#3800=DERIVED_UNIT((#3797,#3798));
#3801=MEASURE_REPRESENTATION_ITEM('density measure',
POSITIVE_RATIO_MEASURE(7850.),#3800);
#3802=PROPERTY_DEFINITION_REPRESENTATION(#3807,#3804);
#3803=PROPERTY_DEFINITION_REPRESENTATION(#3808,#3805);
#3804=REPRESENTATION('material name',(#3806),#6683);
#3805=REPRESENTATION('density',(#3801),#6683);
#3806=DESCRIPTIVE_REPRESENTATION_ITEM('Steel','Steel');
#3807=PROPERTY_DEFINITION('material property','material name',#6693);
#3808=PROPERTY_DEFINITION('material property','density of part',#6693);
#3809=AXIS2_PLACEMENT_3D('',#4757,#4007,#4008);
#3810=AXIS2_PLACEMENT_3D('',#5024,#4023,#4024);
#3811=AXIS2_PLACEMENT_3D('',#5196,#4034,#4035);
#3812=AXIS2_PLACEMENT_3D('',#5957,#4076,#4077);
#3813=AXIS2_PLACEMENT_3D('',#5958,#4078,#4079);
#3814=AXIS2_PLACEMENT_3D('',#5959,#4080,#4081);
#3815=AXIS2_PLACEMENT_3D('',#5962,#4082,#4083);
#3816=AXIS2_PLACEMENT_3D('',#5964,#4084,#4085);
#3817=AXIS2_PLACEMENT_3D('',#5966,#4086,#4087);
#3818=AXIS2_PLACEMENT_3D('',#5970,#4089,#4090);
#3819=AXIS2_PLACEMENT_3D('',#5972,#4091,#4092);
#3820=AXIS2_PLACEMENT_3D('',#6004,#4108,#4109);
#3821=AXIS2_PLACEMENT_3D('',#6006,#4110,#4111);
#3822=AXIS2_PLACEMENT_3D('',#6010,#4113,#4114);
#3823=AXIS2_PLACEMENT_3D('',#6014,#4116,#4117);
#3824=AXIS2_PLACEMENT_3D('',#6018,#4119,#4120);
#3825=AXIS2_PLACEMENT_3D('',#6020,#4121,#4122);
#3826=AXIS2_PLACEMENT_3D('',#6022,#4123,#4124);
#3827=AXIS2_PLACEMENT_3D('',#6033,#4130,#4131);
#3828=AXIS2_PLACEMENT_3D('',#6067,#4148,#4149);
#3829=AXIS2_PLACEMENT_3D('',#6068,#4150,#4151);
#3830=AXIS2_PLACEMENT_3D('',#6072,#4153,#4154);
#3831=AXIS2_PLACEMENT_3D('',#6076,#4156,#4157);
#3832=AXIS2_PLACEMENT_3D('',#6078,#4159,#4160);
#3833=AXIS2_PLACEMENT_3D('',#6084,#4163,#4164);
#3834=AXIS2_PLACEMENT_3D('',#6087,#4166,#4167);
#3835=AXIS2_PLACEMENT_3D('',#6088,#4168,#4169);
#3836=AXIS2_PLACEMENT_3D('',#6094,#4173,#4174);
#3837=AXIS2_PLACEMENT_3D('',#6100,#4178,#4179);
#3838=AXIS2_PLACEMENT_3D('',#6103,#4181,#4182);
#3839=AXIS2_PLACEMENT_3D('',#6104,#4183,#4184);
#3840=AXIS2_PLACEMENT_3D('',#6108,#4186,#4187);
#3841=AXIS2_PLACEMENT_3D('',#6110,#4189,#4190);
#3842=AXIS2_PLACEMENT_3D('',#6114,#4192,#4193);
#3843=AXIS2_PLACEMENT_3D('',#6116,#4195,#4196);
#3844=AXIS2_PLACEMENT_3D('',#6121,#4199,#4200);
#3845=AXIS2_PLACEMENT_3D('',#6122,#4201,#4202);
#3846=AXIS2_PLACEMENT_3D('',#6125,#4204,#4205);
#3847=AXIS2_PLACEMENT_3D('',#6126,#4206,#4207);
#3848=AXIS2_PLACEMENT_3D('',#6130,#4210,#4211);
#3849=AXIS2_PLACEMENT_3D('',#6132,#4212,#4213);
#3850=AXIS2_PLACEMENT_3D('',#6134,#4215,#4216);
#3851=AXIS2_PLACEMENT_3D('',#6138,#4219,#4220);
#3852=AXIS2_PLACEMENT_3D('',#6144,#4224,#4225);
#3853=AXIS2_PLACEMENT_3D('',#6148,#4228,#4229);
#3854=AXIS2_PLACEMENT_3D('',#6152,#4232,#4233);
#3855=AXIS2_PLACEMENT_3D('',#6158,#4237,#4238);
#3856=AXIS2_PLACEMENT_3D('',#6164,#4242,#4243);
#3857=AXIS2_PLACEMENT_3D('',#6170,#4247,#4248);
#3858=AXIS2_PLACEMENT_3D('',#6176,#4252,#4253);
#3859=AXIS2_PLACEMENT_3D('',#6182,#4257,#4258);
#3860=AXIS2_PLACEMENT_3D('',#6186,#4261,#4262);
#3861=AXIS2_PLACEMENT_3D('',#6192,#4266,#4267);
#3862=AXIS2_PLACEMENT_3D('',#6196,#4270,#4271);
#3863=AXIS2_PLACEMENT_3D('',#6198,#4273,#4274);
#3864=AXIS2_PLACEMENT_3D('',#6199,#4275,#4276);
#3865=AXIS2_PLACEMENT_3D('',#6200,#4277,#4278);
#3866=AXIS2_PLACEMENT_3D('',#6201,#4279,#4280);
#3867=AXIS2_PLACEMENT_3D('',#6203,#4281,#4282);
#3868=AXIS2_PLACEMENT_3D('',#6204,#4283,#4284);
#3869=AXIS2_PLACEMENT_3D('',#6205,#4285,#4286);
#3870=AXIS2_PLACEMENT_3D('',#6209,#4289,#4290);
#3871=AXIS2_PLACEMENT_3D('',#6213,#4293,#4294);
#3872=AXIS2_PLACEMENT_3D('',#6217,#4297,#4298);
#3873=AXIS2_PLACEMENT_3D('',#6219,#4300,#4301);
#3874=AXIS2_PLACEMENT_3D('',#6225,#4305,#4306);
#3875=AXIS2_PLACEMENT_3D('',#6227,#4308,#4309);
#3876=AXIS2_PLACEMENT_3D('',#6231,#4312,#4313);
#3877=AXIS2_PLACEMENT_3D('',#6233,#4315,#4316);
#3878=AXIS2_PLACEMENT_3D('',#6237,#4319,#4320);
#3879=AXIS2_PLACEMENT_3D('',#6239,#4322,#4323);
#3880=AXIS2_PLACEMENT_3D('',#6241,#4325,#4326);
#3881=AXIS2_PLACEMENT_3D('',#6244,#4328,#4329);
#3882=AXIS2_PLACEMENT_3D('',#6245,#4330,#4331);
#3883=AXIS2_PLACEMENT_3D('',#6247,#4333,#4334);
#3884=AXIS2_PLACEMENT_3D('',#6251,#4337,#4338);
#3885=AXIS2_PLACEMENT_3D('',#6255,#4341,#4342);
#3886=AXIS2_PLACEMENT_3D('',#6259,#4345,#4346);
#3887=AXIS2_PLACEMENT_3D('',#6261,#4348,#4349);
#3888=AXIS2_PLACEMENT_3D('',#6265,#4352,#4353);
#3889=AXIS2_PLACEMENT_3D('',#6267,#4355,#4356);
#3890=AXIS2_PLACEMENT_3D('',#6273,#4360,#4361);
#3891=AXIS2_PLACEMENT_3D('',#6277,#4364,#4365);
#3892=AXIS2_PLACEMENT_3D('',#6281,#4368,#4369);
#3893=AXIS2_PLACEMENT_3D('',#6283,#4371,#4372);
#3894=AXIS2_PLACEMENT_3D('',#6284,#4373,#4374);
#3895=AXIS2_PLACEMENT_3D('',#6285,#4375,#4376);
#3896=AXIS2_PLACEMENT_3D('',#6286,#4377,#4378);
#3897=AXIS2_PLACEMENT_3D('',#6287,#4379,#4380);
#3898=AXIS2_PLACEMENT_3D('',#6288,#4381,#4382);
#3899=AXIS2_PLACEMENT_3D('',#6289,#4383,#4384);
#3900=AXIS2_PLACEMENT_3D('',#6291,#4386,#4387);
#3901=AXIS2_PLACEMENT_3D('',#6293,#4389,#4390);
#3902=AXIS2_PLACEMENT_3D('',#6302,#4395,#4396);
#3903=AXIS2_PLACEMENT_3D('',#6304,#4397,#4398);
#3904=AXIS2_PLACEMENT_3D('',#6305,#4399,#4400);
#3905=AXIS2_PLACEMENT_3D('',#6322,#4409,#4410);
#3906=AXIS2_PLACEMENT_3D('',#6339,#4419,#4420);
#3907=AXIS2_PLACEMENT_3D('',#6348,#4425,#4426);
#3908=AXIS2_PLACEMENT_3D('',#6354,#4430,#4431);
#3909=AXIS2_PLACEMENT_3D('',#6360,#4435,#4436);
#3910=AXIS2_PLACEMENT_3D('',#6363,#4439,#4440);
#3911=AXIS2_PLACEMENT_3D('',#6364,#4441,#4442);
#3912=AXIS2_PLACEMENT_3D('',#6366,#4443,#4444);
#3913=AXIS2_PLACEMENT_3D('',#6370,#4447,#4448);
#3914=AXIS2_PLACEMENT_3D('',#6371,#4449,#4450);
#3915=AXIS2_PLACEMENT_3D('',#6380,#4455,#4456);
#3916=AXIS2_PLACEMENT_3D('',#6386,#4460,#4461);
#3917=AXIS2_PLACEMENT_3D('',#6392,#4465,#4466);
#3918=AXIS2_PLACEMENT_3D('',#6395,#4469,#4470);
#3919=AXIS2_PLACEMENT_3D('',#6401,#4474,#4475);
#3920=AXIS2_PLACEMENT_3D('',#6405,#4478,#4479);
#3921=AXIS2_PLACEMENT_3D('',#6409,#4482,#4483);
#3922=AXIS2_PLACEMENT_3D('',#6411,#4485,#4486);
#3923=AXIS2_PLACEMENT_3D('',#6417,#4490,#4491);
#3924=AXIS2_PLACEMENT_3D('',#6421,#4494,#4495);
#3925=AXIS2_PLACEMENT_3D('',#6425,#4498,#4499);
#3926=AXIS2_PLACEMENT_3D('',#6427,#4501,#4502);
#3927=AXIS2_PLACEMENT_3D('',#6433,#4506,#4507);
#3928=AXIS2_PLACEMENT_3D('',#6437,#4510,#4511);
#3929=AXIS2_PLACEMENT_3D('',#6441,#4514,#4515);
#3930=AXIS2_PLACEMENT_3D('',#6443,#4517,#4518);
#3931=AXIS2_PLACEMENT_3D('',#6446,#4520,#4521);
#3932=AXIS2_PLACEMENT_3D('',#6447,#4522,#4523);
#3933=AXIS2_PLACEMENT_3D('',#6453,#4527,#4528);
#3934=AXIS2_PLACEMENT_3D('',#6457,#4531,#4532);
#3935=AXIS2_PLACEMENT_3D('',#6461,#4535,#4536);
#3936=AXIS2_PLACEMENT_3D('',#6463,#4538,#4539);
#3937=AXIS2_PLACEMENT_3D('',#6472,#4544,#4545);
#3938=AXIS2_PLACEMENT_3D('',#6478,#4549,#4550);
#3939=AXIS2_PLACEMENT_3D('',#6484,#4554,#4555);
#3940=AXIS2_PLACEMENT_3D('',#6487,#4558,#4559);
#3941=AXIS2_PLACEMENT_3D('',#6496,#4564,#4565);
#3942=AXIS2_PLACEMENT_3D('',#6502,#4569,#4570);
#3943=AXIS2_PLACEMENT_3D('',#6508,#4574,#4575);
#3944=AXIS2_PLACEMENT_3D('',#6511,#4578,#4579);
#3945=AXIS2_PLACEMENT_3D('',#6517,#4583,#4584);
#3946=AXIS2_PLACEMENT_3D('',#6521,#4587,#4588);
#3947=AXIS2_PLACEMENT_3D('',#6525,#4591,#4592);
#3948=AXIS2_PLACEMENT_3D('',#6527,#4594,#4595);
#3949=AXIS2_PLACEMENT_3D('',#6529,#4596,#4597);
#3950=AXIS2_PLACEMENT_3D('',#6532,#4599,#4600);
#3951=AXIS2_PLACEMENT_3D('',#6533,#4601,#4602);
#3952=AXIS2_PLACEMENT_3D('',#6535,#4603,#4604);
#3953=AXIS2_PLACEMENT_3D('',#6538,#4606,#4607);
#3954=AXIS2_PLACEMENT_3D('',#6539,#4608,#4609);
#3955=AXIS2_PLACEMENT_3D('',#6541,#4610,#4611);
#3956=AXIS2_PLACEMENT_3D('',#6544,#4613,#4614);
#3957=AXIS2_PLACEMENT_3D('',#6545,#4615,#4616);
#3958=AXIS2_PLACEMENT_3D('',#6547,#4617,#4618);
#3959=AXIS2_PLACEMENT_3D('',#6550,#4620,#4621);
#3960=AXIS2_PLACEMENT_3D('',#6551,#4622,#4623);
#3961=AXIS2_PLACEMENT_3D('',#6556,#4625,#4626);
#3962=AXIS2_PLACEMENT_3D('',#6560,#4628,#4629);
#3963=AXIS2_PLACEMENT_3D('',#6564,#4631,#4632);
#3964=AXIS2_PLACEMENT_3D('',#6568,#4635,#4636);
#3965=AXIS2_PLACEMENT_3D('',#6574,#4640,#4641);
#3966=AXIS2_PLACEMENT_3D('',#6578,#4644,#4645);
#3967=AXIS2_PLACEMENT_3D('',#6580,#4646,#4647);
#3968=AXIS2_PLACEMENT_3D('',#6582,#4649,#4650);
#3969=AXIS2_PLACEMENT_3D('',#6586,#4653,#4654);
#3970=AXIS2_PLACEMENT_3D('',#6588,#4655,#4656);
#3971=AXIS2_PLACEMENT_3D('',#6590,#4658,#4659);
#3972=AXIS2_PLACEMENT_3D('',#6594,#4662,#4663);
#3973=AXIS2_PLACEMENT_3D('',#6596,#4664,#4665);
#3974=AXIS2_PLACEMENT_3D('',#6598,#4667,#4668);
#3975=AXIS2_PLACEMENT_3D('',#6600,#4670,#4671);
#3976=AXIS2_PLACEMENT_3D('',#6601,#4672,#4673);
#3977=AXIS2_PLACEMENT_3D('',#6603,#4674,#4675);
#3978=AXIS2_PLACEMENT_3D('',#6606,#4677,#4678);
#3979=AXIS2_PLACEMENT_3D('',#6607,#4679,#4680);
#3980=AXIS2_PLACEMENT_3D('',#6609,#4681,#4682);
#3981=AXIS2_PLACEMENT_3D('',#6612,#4684,#4685);
#3982=AXIS2_PLACEMENT_3D('',#6613,#4686,#4687);
#3983=AXIS2_PLACEMENT_3D('',#6615,#4688,#4689);
#3984=AXIS2_PLACEMENT_3D('',#6618,#4691,#4692);
#3985=AXIS2_PLACEMENT_3D('',#6619,#4693,#4694);
#3986=AXIS2_PLACEMENT_3D('',#6621,#4695,#4696);
#3987=AXIS2_PLACEMENT_3D('',#6624,#4698,#4699);
#3988=AXIS2_PLACEMENT_3D('',#6625,#4700,#4701);
#3989=AXIS2_PLACEMENT_3D('',#6627,#4702,#4703);
#3990=AXIS2_PLACEMENT_3D('',#6630,#4705,#4706);
#3991=AXIS2_PLACEMENT_3D('',#6631,#4707,#4708);
#3992=AXIS2_PLACEMENT_3D('',#6640,#4713,#4714);
#3993=AXIS2_PLACEMENT_3D('',#6642,#4715,#4716);
#3994=AXIS2_PLACEMENT_3D('',#6644,#4717,#4718);
#3995=AXIS2_PLACEMENT_3D('',#6646,#4720,#4721);
#3996=AXIS2_PLACEMENT_3D('',#6652,#4725,#4726);
#3997=AXIS2_PLACEMENT_3D('',#6654,#4727,#4728);
#3998=AXIS2_PLACEMENT_3D('',#6656,#4729,#4730);
#3999=AXIS2_PLACEMENT_3D('',#6658,#4732,#4733);
#4000=AXIS2_PLACEMENT_3D('',#6664,#4737,#4738);
#4001=AXIS2_PLACEMENT_3D('',#6670,#4742,#4743);
#4002=AXIS2_PLACEMENT_3D('',#6676,#4747,#4748);
#4003=AXIS2_PLACEMENT_3D('',#6677,#4749,#4750);
#4004=AXIS2_PLACEMENT_3D('',#6678,#4751,#4752);
#4005=AXIS2_PLACEMENT_3D('',#6679,#4753,#4754);
#4006=AXIS2_PLACEMENT_3D('',#6680,#4755,#4756);
#4007=DIRECTION('axis',(0.,0.,1.));
#4008=DIRECTION('refdir',(1.,0.,0.));
#4009=DIRECTION('',(0.,0.,1.));
#4010=DIRECTION('',(0.,0.,1.));
#4011=DIRECTION('',(0.,0.,1.));
#4012=DIRECTION('',(0.,0.,1.));
#4013=DIRECTION('',(0.,0.,1.));
#4014=DIRECTION('',(0.,0.,1.));
#4015=DIRECTION('',(0.,0.,1.));
#4016=DIRECTION('',(0.,0.,1.));
#4017=DIRECTION('',(0.,0.,1.));
#4018=DIRECTION('',(0.,0.,1.));
#4019=DIRECTION('',(0.,0.,1.));
#4020=DIRECTION('',(0.,0.,1.));
#4021=DIRECTION('',(0.,0.,1.));
#4022=DIRECTION('',(0.,0.,1.));
#4023=DIRECTION('center_axis',(0.,0.,1.));
#4024=DIRECTION('ref_axis',(1.,0.,0.));
#4025=DIRECTION('',(0.,0.,1.));
#4026=DIRECTION('',(0.,0.,1.));
#4027=DIRECTION('',(0.,0.,1.));
#4028=DIRECTION('',(0.,0.,1.));
#4029=DIRECTION('',(0.,0.,1.));
#4030=DIRECTION('',(0.,0.,1.));
#4031=DIRECTION('',(0.,0.,1.));
#4032=DIRECTION('',(0.,0.,1.));
#4033=DIRECTION('',(0.,0.,1.));
#4034=DIRECTION('center_axis',(0.,0.,1.));
#4035=DIRECTION('ref_axis',(1.,0.,0.));
#4036=DIRECTION('',(0.,0.,1.));
#4037=DIRECTION('',(0.,0.,1.));
#4038=DIRECTION('',(0.,0.,1.));
#4039=DIRECTION('',(0.,0.,1.));
#4040=DIRECTION('',(0.,0.,1.));
#4041=DIRECTION('',(0.,0.,1.));
#4042=DIRECTION('',(0.,0.,1.));
#4043=DIRECTION('',(0.,0.,1.));
#4044=DIRECTION('',(0.,0.,1.));
#4045=DIRECTION('',(0.,0.,1.));
#4046=DIRECTION('',(0.,0.,1.));
#4047=DIRECTION('',(0.,0.,1.));
#4048=DIRECTION('',(0.,0.,1.));
#4049=DIRECTION('',(0.,0.,1.));
#4050=DIRECTION('',(0.,0.,1.));
#4051=DIRECTION('',(0.,0.,1.));
#4052=DIRECTION('',(0.,0.,1.));
#4053=DIRECTION('',(0.,0.,1.));
#4054=DIRECTION('',(0.,0.,1.));
#4055=DIRECTION('',(0.,0.,1.));
#4056=DIRECTION('',(0.,0.,1.));
#4057=DIRECTION('',(0.,0.,1.));
#4058=DIRECTION('',(0.,0.,1.));
#4059=DIRECTION('',(0.,0.,1.));
#4060=DIRECTION('',(0.,0.,1.));
#4061=DIRECTION('',(0.,0.,1.));
#4062=DIRECTION('',(0.,0.,1.));
#4063=DIRECTION('',(0.,0.,1.));
#4064=DIRECTION('',(0.,0.,1.));
#4065=DIRECTION('',(0.,0.,1.));
#4066=DIRECTION('',(0.,0.,1.));
#4067=DIRECTION('',(0.,0.,1.));
#4068=DIRECTION('',(0.,0.,1.));
#4069=DIRECTION('',(0.,0.,1.));
#4070=DIRECTION('',(0.,0.,1.));
#4071=DIRECTION('',(0.,0.,1.));
#4072=DIRECTION('',(0.,0.,1.));
#4073=DIRECTION('',(0.,0.,1.));
#4074=DIRECTION('',(0.,0.,1.));
#4075=DIRECTION('',(0.,0.,1.));
#4076=DIRECTION('center_axis',(0.,0.,1.));
#4077=DIRECTION('ref_axis',(1.,0.,0.));
#4078=DIRECTION('center_axis',(0.,0.,1.));
#4079=DIRECTION('ref_axis',(1.,0.,0.));
#4080=DIRECTION('center_axis',(0.,0.,1.));
#4081=DIRECTION('ref_axis',(1.,0.,0.));
#4082=DIRECTION('center_axis',(0.,0.,1.));
#4083=DIRECTION('ref_axis',(1.,0.,0.));
#4084=DIRECTION('center_axis',(0.,0.,1.));
#4085=DIRECTION('ref_axis',(1.,0.,0.));
#4086=DIRECTION('center_axis',(0.,0.,1.));
#4087=DIRECTION('ref_axis',(0.613994709213421,0.789310139969028,0.));
#4088=DIRECTION('',(-0.789310139969028,0.613994709213421,0.));
#4089=DIRECTION('center_axis',(0.,0.,1.));
#4090=DIRECTION('ref_axis',(0.999999999256845,3.8552682171061E-5,0.));
#4091=DIRECTION('center_axis',(0.,0.,1.));
#4092=DIRECTION('ref_axis',(1.,0.,0.));
#4093=DIRECTION('',(-0.578432410059857,-0.815730315111769,0.));
#4094=DIRECTION('',(0.815946660841987,-0.578127188999801,0.));
#4095=DIRECTION('',(0.578127285869461,0.815946592206384,0.));
#4096=DIRECTION('',(-0.818925609622285,0.573899682788525,0.));
#4097=DIRECTION('',(1.,0.,0.));
#4098=DIRECTION('',(0.,1.,0.));
#4099=DIRECTION('',(-1.,0.,0.));
#4100=DIRECTION('',(0.,-1.,0.));
#4101=DIRECTION('',(-0.818925609622285,0.573899682788525,0.));
#4102=DIRECTION('',(1.,0.,0.));
#4103=DIRECTION('',(0.,1.,0.));
#4104=DIRECTION('',(-1.,0.,0.));
#4105=DIRECTION('',(0.,-1.,0.));
#4106=DIRECTION('',(1.,0.,0.));
#4107=DIRECTION('',(-0.578432410059857,-0.815730315111769,0.));
#4108=DIRECTION('center_axis',(0.,0.,1.));
#4109=DIRECTION('ref_axis',(1.,0.,0.));
#4110=DIRECTION('center_axis',(0.,0.,1.));
#4111=DIRECTION('ref_axis',(0.999999999256845,3.8552682171061E-5,0.));
#4112=DIRECTION('',(-3.85526821717133E-5,0.999999999256845,0.));
#4113=DIRECTION('center_axis',(0.,0.,1.));
#4114=DIRECTION('ref_axis',(1.,0.,0.));
#4115=DIRECTION('',(0.999999999256845,3.85526821709713E-5,0.));
#4116=DIRECTION('center_axis',(0.,0.,1.));
#4117=DIRECTION('ref_axis',(1.,0.,0.));
#4118=DIRECTION('',(3.85526821707867E-5,-0.999999999256845,0.));
#4119=DIRECTION('center_axis',(0.,0.,1.));
#4120=DIRECTION('ref_axis',(-0.55554518578071,0.831486347786827,0.));
#4121=DIRECTION('center_axis',(0.,0.,1.));
#4122=DIRECTION('ref_axis',(1.,0.,0.));
#4123=DIRECTION('center_axis',(0.,0.,1.));
#4124=DIRECTION('ref_axis',(-0.55554518578071,0.831486347786827,0.));
#4125=DIRECTION('',(-0.831486347786827,-0.555545185780709,0.));
#4126=DIRECTION('',(0.55554518578071,-0.831486347786827,0.));
#4127=DIRECTION('',(0.831486347786827,0.55554518578071,0.));
#4128=DIRECTION('',(-0.55554518578071,0.831486347786827,0.));
#4129=DIRECTION('',(-0.831486347786827,-0.555545185780709,0.));
#4130=DIRECTION('center_axis',(0.,0.,1.));
#4131=DIRECTION('ref_axis',(0.613994709213421,0.789310139969028,0.));
#4132=DIRECTION('',(1.,0.,0.));
#4133=DIRECTION('',(0.,1.,0.));
#4134=DIRECTION('',(-1.,0.,0.));
#4135=DIRECTION('',(0.,-1.,0.));
#4136=DIRECTION('',(-1.,0.,0.));
#4137=DIRECTION('',(0.,-1.,0.));
#4138=DIRECTION('',(1.,0.,0.));
#4139=DIRECTION('',(0.,1.,0.));
#4140=DIRECTION('',(-1.,0.,0.));
#4141=DIRECTION('',(0.,-1.,0.));
#4142=DIRECTION('',(1.,0.,0.));
#4143=DIRECTION('',(0.,1.,0.));
#4144=DIRECTION('',(0.,1.,0.));
#4145=DIRECTION('',(-1.,0.,0.));
#4146=DIRECTION('',(0.,-1.,0.));
#4147=DIRECTION('',(1.,0.,0.));
#4148=DIRECTION('center_axis',(0.,0.,-1.));
#4149=DIRECTION('ref_axis',(1.,0.,0.));
#4150=DIRECTION('center_axis',(0.,0.,1.));
#4151=DIRECTION('ref_axis',(0.613994709213421,0.789310139969028,0.));
#4152=DIRECTION('',(0.,0.,-1.));
#4153=DIRECTION('center_axis',(0.,0.,-1.));
#4154=DIRECTION('ref_axis',(0.613994709213421,0.789310139969028,0.));
#4155=DIRECTION('',(0.,0.,-1.));
#4156=DIRECTION('center_axis',(0.,0.,1.));
#4157=DIRECTION('ref_axis',(0.613994709213421,0.789310139969028,0.));
#4158=DIRECTION('',(0.,0.,1.));
#4159=DIRECTION('center_axis',(0.,0.,1.));
#4160=DIRECTION('ref_axis',(0.613994709213421,0.789310139969028,0.));
#4161=DIRECTION('',(0.,0.,1.));
#4162=DIRECTION('',(0.,0.,1.));
#4163=DIRECTION('center_axis',(0.,0.,1.));
#4164=DIRECTION('ref_axis',(0.613994709213421,0.789310139969028,0.));
#4165=DIRECTION('',(0.,0.,1.));
#4166=DIRECTION('center_axis',(0.,0.,-1.));
#4167=DIRECTION('ref_axis',(0.613994709213421,0.789310139969028,0.));
#4168=DIRECTION('center_axis',(-0.999999999256845,-3.85526821707867E-5,
0.));
#4169=DIRECTION('ref_axis',(3.85526821707867E-5,-0.999999999256845,0.));
#4170=DIRECTION('',(0.,0.,-1.));
#4171=DIRECTION('',(3.85526821707867E-5,-0.999999999256845,0.));
#4172=DIRECTION('',(0.,0.,1.));
#4173=DIRECTION('center_axis',(3.85526821709713E-5,-0.999999999256845,0.));
#4174=DIRECTION('ref_axis',(0.999999999256845,3.85526821709713E-5,0.));
#4175=DIRECTION('',(0.,0.,1.));
#4176=DIRECTION('',(0.,0.,-1.));
#4177=DIRECTION('',(0.999999999256845,3.85526821709713E-5,0.));
#4178=DIRECTION('center_axis',(0.,0.,1.));
#4179=DIRECTION('ref_axis',(-0.55554518578071,0.831486347786827,0.));
#4180=DIRECTION('',(0.,0.,1.));
#4181=DIRECTION('center_axis',(0.,0.,1.));
#4182=DIRECTION('ref_axis',(-0.55554518578071,0.831486347786827,0.));
#4183=DIRECTION('center_axis',(0.,0.,1.));
#4184=DIRECTION('ref_axis',(-0.55554518578071,0.831486347786827,0.));
#4185=DIRECTION('',(0.,0.,-1.));
#4186=DIRECTION('center_axis',(0.,0.,1.));
#4187=DIRECTION('ref_axis',(-0.55554518578071,0.831486347786827,0.));
#4188=DIRECTION('',(0.,0.,1.));
#4189=DIRECTION('center_axis',(0.,0.,1.));
#4190=DIRECTION('ref_axis',(0.999999999256845,3.8552682171061E-5,0.));
#4191=DIRECTION('',(0.,0.,-1.));
#4192=DIRECTION('center_axis',(0.,0.,1.));
#4193=DIRECTION('ref_axis',(0.999999999256845,3.8552682171061E-5,0.));
#4194=DIRECTION('',(0.,0.,1.));
#4195=DIRECTION('center_axis',(0.,0.,1.));
#4196=DIRECTION('ref_axis',(0.999999999256845,3.8552682171061E-5,0.));
#4197=DIRECTION('',(0.,0.,1.));
#4198=DIRECTION('',(0.,0.,1.));
#4199=DIRECTION('center_axis',(0.,0.,1.));
#4200=DIRECTION('ref_axis',(0.999999999256845,3.8552682171061E-5,0.));
#4201=DIRECTION('center_axis',(0.,0.,1.));
#4202=DIRECTION('ref_axis',(1.,0.,0.));
#4203=DIRECTION('',(0.,0.,-1.));
#4204=DIRECTION('center_axis',(0.,0.,-1.));
#4205=DIRECTION('ref_axis',(1.,0.,0.));
#4206=DIRECTION('center_axis',(0.999999999256845,3.85526821717133E-5,0.));
#4207=DIRECTION('ref_axis',(-3.85526821717133E-5,0.999999999256845,0.));
#4208=DIRECTION('',(0.,0.,1.));
#4209=DIRECTION('',(-3.85526821717133E-5,0.999999999256845,0.));
#4210=DIRECTION('center_axis',(0.,0.,1.));
#4211=DIRECTION('ref_axis',(1.,0.,0.));
#4212=DIRECTION('center_axis',(0.,0.,-1.));
#4213=DIRECTION('ref_axis',(1.,0.,0.));
#4214=DIRECTION('',(0.,0.,1.));
#4215=DIRECTION('center_axis',(0.815730315111769,-0.578432410059857,0.));
#4216=DIRECTION('ref_axis',(0.578432410059857,0.815730315111769,0.));
#4217=DIRECTION('',(0.,0.,-1.));
#4218=DIRECTION('',(-0.578432410059857,-0.815730315111769,0.));
#4219=DIRECTION('center_axis',(-0.573899682788525,-0.818925609622285,0.));
#4220=DIRECTION('ref_axis',(0.818925609622285,-0.573899682788525,0.));
#4221=DIRECTION('',(0.,0.,1.));
#4222=DIRECTION('',(0.,0.,-1.));
#4223=DIRECTION('',(-0.818925609622285,0.573899682788525,0.));
#4224=DIRECTION('center_axis',(0.815730315111769,-0.578432410059857,0.));
#4225=DIRECTION('ref_axis',(0.578432410059857,0.815730315111769,0.));
#4226=DIRECTION('',(-0.578432410059857,-0.815730315111769,0.));
#4227=DIRECTION('',(0.,0.,-1.));
#4228=DIRECTION('center_axis',(0.,1.,0.));
#4229=DIRECTION('ref_axis',(-1.,0.,0.));
#4230=DIRECTION('',(1.,0.,0.));
#4231=DIRECTION('',(0.,0.,-1.));
#4232=DIRECTION('center_axis',(0.,1.,0.));
#4233=DIRECTION('ref_axis',(-1.,0.,0.));
#4234=DIRECTION('',(1.,0.,0.));
#4235=DIRECTION('',(0.,0.,-1.));
#4236=DIRECTION('',(0.,0.,-1.));
#4237=DIRECTION('center_axis',(0.,-1.,0.));
#4238=DIRECTION('ref_axis',(1.,0.,0.));
#4239=DIRECTION('',(-1.,0.,0.));
#4240=DIRECTION('',(0.,0.,-1.));
#4241=DIRECTION('',(0.,0.,-1.));
#4242=DIRECTION('center_axis',(0.,1.,0.));
#4243=DIRECTION('ref_axis',(-1.,0.,0.));
#4244=DIRECTION('',(0.,0.,-1.));
#4245=DIRECTION('',(1.,0.,0.));
#4246=DIRECTION('',(0.,0.,-1.));
#4247=DIRECTION('center_axis',(1.,0.,0.));
#4248=DIRECTION('ref_axis',(0.,1.,0.));
#4249=DIRECTION('',(0.,0.,1.));
#4250=DIRECTION('',(0.,0.,-1.));
#4251=DIRECTION('',(0.,-1.,0.));
#4252=DIRECTION('center_axis',(-0.573899682788525,-0.818925609622285,0.));
#4253=DIRECTION('ref_axis',(0.818925609622285,-0.573899682788525,0.));
#4254=DIRECTION('',(0.,0.,1.));
#4255=DIRECTION('',(0.,0.,1.));
#4256=DIRECTION('',(-0.818925609622285,0.573899682788525,0.));
#4257=DIRECTION('center_axis',(-0.55554518578071,0.831486347786828,0.));
#4258=DIRECTION('ref_axis',(-0.831486347786827,-0.555545185780709,0.));
#4259=DIRECTION('',(-0.831486347786827,-0.555545185780709,0.));
#4260=DIRECTION('',(0.,0.,-1.));
#4261=DIRECTION('center_axis',(0.831486347786827,0.55554518578071,5.91645678915759E-31));
#4262=DIRECTION('ref_axis',(7.73972061119614E-16,-1.15840658664878E-15,
1.));
#4263=DIRECTION('',(0.55554518578071,-0.831486347786827,0.));
#4264=DIRECTION('',(-4.91945304745522E-31,-3.28685908609609E-31,1.));
#4265=DIRECTION('',(-7.40134867768085E-16,1.1077623455693E-15,-1.));
#4266=DIRECTION('center_axis',(-0.831486347786827,-0.55554518578071,0.));
#4267=DIRECTION('ref_axis',(0.,0.,-1.));
#4268=DIRECTION('',(-0.55554518578071,0.831486347786827,0.));
#4269=DIRECTION('',(7.40134867768085E-16,-1.1077623455693E-15,1.));
#4270=DIRECTION('center_axis',(0.55554518578071,-0.831486347786827,-1.33226762955019E-15));
#4271=DIRECTION('ref_axis',(-2.3981264956476E-15,0.,-1.));
#4272=DIRECTION('',(-0.831486347786827,-0.55554518578071,0.));
#4273=DIRECTION('center_axis',(0.,0.,1.));
#4274=DIRECTION('ref_axis',(0.0267743294061073,-0.999641503382514,0.));
#4275=DIRECTION('center_axis',(0.,0.,-1.));
#4276=DIRECTION('ref_axis',(1.,0.,0.));
#4277=DIRECTION('center_axis',(0.,0.,-1.));
#4278=DIRECTION('ref_axis',(1.,0.,0.));
#4279=DIRECTION('center_axis',(0.,0.,1.));
#4280=DIRECTION('ref_axis',(1.,0.,0.));
#4281=DIRECTION('center_axis',(0.,0.,-1.));
#4282=DIRECTION('ref_axis',(1.,0.,0.));
#4283=DIRECTION('center_axis',(0.,0.,-1.));
#4284=DIRECTION('ref_axis',(1.,0.,0.));
#4285=DIRECTION('center_axis',(1.,0.,0.));
#4286=DIRECTION('ref_axis',(0.,1.,0.));
#4287=DIRECTION('',(0.,0.,-1.));
#4288=DIRECTION('',(0.,-1.,0.));
#4289=DIRECTION('center_axis',(0.,-1.,0.));
#4290=DIRECTION('ref_axis',(1.,0.,0.));
#4291=DIRECTION('',(-1.,0.,0.));
#4292=DIRECTION('',(0.,0.,-1.));
#4293=DIRECTION('center_axis',(-1.,0.,0.));
#4294=DIRECTION('ref_axis',(0.,-1.,0.));
#4295=DIRECTION('',(0.,1.,0.));
#4296=DIRECTION('',(0.,0.,-1.));
#4297=DIRECTION('center_axis',(0.,1.,0.));
#4298=DIRECTION('ref_axis',(-1.,0.,0.));
#4299=DIRECTION('',(1.,0.,0.));
#4300=DIRECTION('center_axis',(1.,0.,0.));
#4301=DIRECTION('ref_axis',(0.,1.,0.));
#4302=DIRECTION('',(0.,-1.,0.));
#4303=DIRECTION('',(0.,0.,1.));
#4304=DIRECTION('',(0.,0.,-1.));
#4305=DIRECTION('center_axis',(0.,-1.,0.));
#4306=DIRECTION('ref_axis',(1.,0.,0.));
#4307=DIRECTION('',(-1.,0.,0.));
#4308=DIRECTION('center_axis',(-1.,0.,0.));
#4309=DIRECTION('ref_axis',(0.,-1.,0.));
#4310=DIRECTION('',(0.,0.,-1.));
#4311=DIRECTION('',(0.,1.,0.));
#4312=DIRECTION('center_axis',(0.,1.,0.));
#4313=DIRECTION('ref_axis',(-1.,0.,0.));
#4314=DIRECTION('',(1.,0.,0.));
#4315=DIRECTION('center_axis',(0.,-1.,0.));
#4316=DIRECTION('ref_axis',(1.,0.,0.));
#4317=DIRECTION('',(-1.,0.,0.));
#4318=DIRECTION('',(0.,0.,-1.));
#4319=DIRECTION('center_axis',(-1.,0.,0.));
#4320=DIRECTION('ref_axis',(0.,-1.,0.));
#4321=DIRECTION('',(0.,1.,0.));
#4322=DIRECTION('center_axis',(1.,0.,0.));
#4323=DIRECTION('ref_axis',(0.,1.,0.));
#4324=DIRECTION('',(0.,-1.,0.));
#4325=DIRECTION('center_axis',(0.,0.,1.));
#4326=DIRECTION('ref_axis',(1.,0.,0.));
#4327=DIRECTION('',(0.,0.,-1.));
#4328=DIRECTION('center_axis',(0.,0.,-1.));
#4329=DIRECTION('ref_axis',(1.,0.,0.));
#4330=DIRECTION('center_axis',(-1.,0.,0.));
#4331=DIRECTION('ref_axis',(0.,-1.,0.));
#4332=DIRECTION('',(0.,1.,0.));
#4333=DIRECTION('center_axis',(-1.,0.,0.));
#4334=DIRECTION('ref_axis',(0.,-1.,0.));
#4335=DIRECTION('',(0.,1.,0.));
#4336=DIRECTION('',(0.,0.,1.));
#4337=DIRECTION('center_axis',(0.,1.,0.));
#4338=DIRECTION('ref_axis',(-1.,0.,0.));
#4339=DIRECTION('',(0.,0.,-1.));
#4340=DIRECTION('',(1.,0.,0.));
#4341=DIRECTION('center_axis',(1.,0.,0.));
#4342=DIRECTION('ref_axis',(0.,1.,0.));
#4343=DIRECTION('',(0.,-1.,0.));
#4344=DIRECTION('',(0.,0.,-1.));
#4345=DIRECTION('center_axis',(0.,-1.,0.));
#4346=DIRECTION('ref_axis',(1.,0.,0.));
#4347=DIRECTION('',(-1.,0.,0.));
#4348=DIRECTION('center_axis',(-0.815946592206384,0.578127285869461,0.));
#4349=DIRECTION('ref_axis',(-0.578127285869461,-0.815946592206384,0.));
#4350=DIRECTION('',(0.578127285869461,0.815946592206384,0.));
#4351=DIRECTION('',(0.,0.,-1.));
#4352=DIRECTION('center_axis',(0.578127188999801,0.815946660841987,0.));
#4353=DIRECTION('ref_axis',(-0.815946660841987,0.578127188999801,0.));
#4354=DIRECTION('',(0.815946660841987,-0.578127188999801,0.));
#4355=DIRECTION('center_axis',(-1.,0.,0.));
#4356=DIRECTION('ref_axis',(0.,-1.,0.));
#4357=DIRECTION('',(0.,1.,0.));
#4358=DIRECTION('',(0.,0.,1.));
#4359=DIRECTION('',(0.,0.,-1.));
#4360=DIRECTION('center_axis',(0.,1.,0.));
#4361=DIRECTION('ref_axis',(-1.,0.,0.));
#4362=DIRECTION('',(1.,0.,0.));
#4363=DIRECTION('',(0.,0.,-1.));
#4364=DIRECTION('center_axis',(1.,0.,0.));
#4365=DIRECTION('ref_axis',(0.,1.,0.));
#4366=DIRECTION('',(0.,-1.,0.));
#4367=DIRECTION('',(0.,0.,-1.));
#4368=DIRECTION('center_axis',(0.,-1.,0.));
#4369=DIRECTION('ref_axis',(1.,0.,0.));
#4370=DIRECTION('',(-1.,0.,0.));
#4371=DIRECTION('center_axis',(0.,0.,1.));
#4372=DIRECTION('ref_axis',(-0.584426605090366,0.811446574496775,0.));
#4373=DIRECTION('center_axis',(0.,0.,-1.));
#4374=DIRECTION('ref_axis',(1.,0.,0.));
#4375=DIRECTION('center_axis',(0.,0.,1.));
#4376=DIRECTION('ref_axis',(1.,0.,0.));
#4377=DIRECTION('center_axis',(0.,0.,-1.));
#4378=DIRECTION('ref_axis',(1.,0.,0.));
#4379=DIRECTION('center_axis',(0.,0.,1.));
#4380=DIRECTION('ref_axis',(1.,0.,0.));
#4381=DIRECTION('center_axis',(0.,0.,-1.));
#4382=DIRECTION('ref_axis',(1.,0.,0.));
#4383=DIRECTION('center_axis',(-0.55554518578071,0.831486347786828,0.));
#4384=DIRECTION('ref_axis',(-0.831486347786827,-0.555545185780709,0.));
#4385=DIRECTION('',(-0.831486347786827,-0.555545185780709,0.));
#4386=DIRECTION('center_axis',(0.613994709213421,0.789310139969028,0.));
#4387=DIRECTION('ref_axis',(-0.789310139969028,0.613994709213421,0.));
#4388=DIRECTION('',(-0.789310139969028,0.613994709213421,0.));
#4389=DIRECTION('center_axis',(0.,0.,1.));
#4390=DIRECTION('ref_axis',(1.,0.,0.));
#4391=DIRECTION('',(0.,-1.,0.));
#4392=DIRECTION('',(1.,0.,0.));
#4393=DIRECTION('',(0.,1.,0.));
#4394=DIRECTION('',(-1.,0.,0.));
#4395=DIRECTION('center_axis',(0.,0.,1.));
#4396=DIRECTION('ref_axis',(1.,0.,0.));
#4397=DIRECTION('center_axis',(0.,0.,1.));
#4398=DIRECTION('ref_axis',(1.,0.,0.));
#4399=DIRECTION('center_axis',(0.,0.,1.));
#4400=DIRECTION('ref_axis',(1.,0.,0.));
#4401=DIRECTION('',(0.,1.,0.));
#4402=DIRECTION('',(-1.,0.,0.));
#4403=DIRECTION('',(0.,-1.,0.));
#4404=DIRECTION('',(1.,0.,0.));
#4405=DIRECTION('',(0.,1.,0.));
#4406=DIRECTION('',(-1.,0.,0.));
#4407=DIRECTION('',(0.,-1.,0.));
#4408=DIRECTION('',(1.,0.,0.));
#4409=DIRECTION('center_axis',(0.,0.,1.));
#4410=DIRECTION('ref_axis',(1.,0.,0.));
#4411=DIRECTION('',(1.,0.,0.));
#4412=DIRECTION('',(0.,1.,0.));
#4413=DIRECTION('',(-1.,0.,0.));
#4414=DIRECTION('',(0.,-1.,0.));
#4415=DIRECTION('',(0.,-1.,0.));
#4416=DIRECTION('',(1.,0.,0.));
#4417=DIRECTION('',(0.,1.,0.));
#4418=DIRECTION('',(-1.,0.,0.));
#4419=DIRECTION('center_axis',(7.40134867768085E-16,-1.1077623455693E-15,
1.));
#4420=DIRECTION('ref_axis',(-0.831486347786828,-0.555545185780709,0.));
#4421=DIRECTION('',(-0.831486347786827,-0.555545185780709,-3.94430452610506E-31));
#4422=DIRECTION('',(0.55554518578071,-0.831486347786827,-1.33226762955019E-15));
#4423=DIRECTION('',(-0.831486347786828,-0.555545185780709,0.));
#4424=DIRECTION('',(0.55554518578071,-0.831486347786827,-1.33226762955019E-15));
#4425=DIRECTION('center_axis',(0.831486347786827,0.55554518578071,5.91645678915759E-31));
#4426=DIRECTION('ref_axis',(7.73972061119614E-16,-1.15840658664878E-15,
1.));
#4427=DIRECTION('',(-4.91945304745522E-31,-3.28685908609609E-31,1.));
#4428=DIRECTION('',(0.55554518578071,-0.831486347786827,-1.33226762955019E-15));
#4429=DIRECTION('',(7.73972061119614E-16,-1.15840658664878E-15,1.));
#4430=DIRECTION('center_axis',(-7.40134867768086E-16,1.1077623455693E-15,
-1.));
#4431=DIRECTION('ref_axis',(0.831486347786827,0.55554518578071,0.));
#4432=DIRECTION('',(0.831486347786827,0.555545185780709,-6.90253292068385E-31));
#4433=DIRECTION('',(0.55554518578071,-0.831486347786827,-1.33226762955019E-15));
#4434=DIRECTION('',(0.831486347786827,0.55554518578071,0.));
#4435=DIRECTION('center_axis',(-0.831486347786827,-0.55554518578071,0.));
#4436=DIRECTION('ref_axis',(0.,0.,-1.));
#4437=DIRECTION('',(0.,0.,-1.));
#4438=DIRECTION('',(0.,0.,-1.));
#4439=DIRECTION('center_axis',(0.55554518578071,-0.831486347786827,-1.33226762955019E-15));
#4440=DIRECTION('ref_axis',(-2.3981264956476E-15,0.,-1.));
#4441=DIRECTION('center_axis',(0.,0.,1.));
#4442=DIRECTION('ref_axis',(1.,0.,0.));
#4443=DIRECTION('center_axis',(0.,0.,1.));
#4444=DIRECTION('ref_axis',(1.,0.,0.));
#4445=DIRECTION('',(0.,0.,1.));
#4446=DIRECTION('',(0.,0.,1.));
#4447=DIRECTION('center_axis',(0.,0.,-1.));
#4448=DIRECTION('ref_axis',(1.,0.,0.));
#4449=DIRECTION('center_axis',(1.,0.,0.));
#4450=DIRECTION('ref_axis',(0.,1.,0.));
#4451=DIRECTION('',(0.,1.,0.));
#4452=DIRECTION('',(0.,0.,1.));
#4453=DIRECTION('',(0.,-1.,0.));
#4454=DIRECTION('',(0.,0.,1.));
#4455=DIRECTION('center_axis',(0.,-1.,0.));
#4456=DIRECTION('ref_axis',(1.,0.,0.));
#4457=DIRECTION('',(1.,0.,0.));
#4458=DIRECTION('',(0.,0.,1.));
#4459=DIRECTION('',(-1.,0.,0.));
#4460=DIRECTION('center_axis',(-1.,0.,0.));
#4461=DIRECTION('ref_axis',(0.,-1.,0.));
#4462=DIRECTION('',(0.,-1.,0.));
#4463=DIRECTION('',(0.,0.,1.));
#4464=DIRECTION('',(0.,1.,0.));
#4465=DIRECTION('center_axis',(0.,1.,0.));
#4466=DIRECTION('ref_axis',(-1.,0.,0.));
#4467=DIRECTION('',(-1.,0.,0.));
#4468=DIRECTION('',(1.,0.,0.));
#4469=DIRECTION('center_axis',(1.,0.,0.));
#4470=DIRECTION('ref_axis',(0.,1.,0.));
#4471=DIRECTION('',(0.,0.,1.));
#4472=DIRECTION('',(0.,-1.,0.));
#4473=DIRECTION('',(0.,0.,1.));
#4474=DIRECTION('center_axis',(0.,-1.,0.));
#4475=DIRECTION('ref_axis',(1.,0.,0.));
#4476=DIRECTION('',(0.,0.,1.));
#4477=DIRECTION('',(-1.,0.,0.));
#4478=DIRECTION('center_axis',(-1.,0.,0.));
#4479=DIRECTION('ref_axis',(0.,-1.,0.));
#4480=DIRECTION('',(0.,0.,1.));
#4481=DIRECTION('',(0.,1.,0.));
#4482=DIRECTION('center_axis',(0.,1.,0.));
#4483=DIRECTION('ref_axis',(-1.,0.,0.));
#4484=DIRECTION('',(1.,0.,0.));
#4485=DIRECTION('center_axis',(1.,0.,0.));
#4486=DIRECTION('ref_axis',(0.,1.,0.));
#4487=DIRECTION('',(0.,0.,1.));
#4488=DIRECTION('',(0.,-1.,0.));
#4489=DIRECTION('',(0.,0.,1.));
#4490=DIRECTION('center_axis',(0.,-1.,0.));
#4491=DIRECTION('ref_axis',(1.,0.,0.));
#4492=DIRECTION('',(0.,0.,1.));
#4493=DIRECTION('',(-1.,0.,0.));
#4494=DIRECTION('center_axis',(-1.,0.,0.));
#4495=DIRECTION('ref_axis',(0.,-1.,0.));
#4496=DIRECTION('',(0.,0.,1.));
#4497=DIRECTION('',(0.,1.,0.));
#4498=DIRECTION('center_axis',(0.,1.,0.));
#4499=DIRECTION('ref_axis',(-1.,0.,0.));
#4500=DIRECTION('',(1.,0.,0.));
#4501=DIRECTION('center_axis',(-1.,0.,0.));
#4502=DIRECTION('ref_axis',(0.,-1.,0.));
#4503=DIRECTION('',(0.,0.,1.));
#4504=DIRECTION('',(0.,1.,0.));
#4505=DIRECTION('',(0.,0.,1.));
#4506=DIRECTION('center_axis',(0.,1.,0.));
#4507=DIRECTION('ref_axis',(-1.,0.,0.));
#4508=DIRECTION('',(0.,0.,1.));
#4509=DIRECTION('',(1.,0.,0.));
#4510=DIRECTION('center_axis',(1.,0.,0.));
#4511=DIRECTION('ref_axis',(0.,1.,0.));
#4512=DIRECTION('',(0.,0.,1.));
#4513=DIRECTION('',(0.,-1.,0.));
#4514=DIRECTION('center_axis',(0.,-1.,0.));
#4515=DIRECTION('ref_axis',(1.,0.,0.));
#4516=DIRECTION('',(-1.,0.,0.));
#4517=DIRECTION('center_axis',(0.,0.,1.));
#4518=DIRECTION('ref_axis',(1.,0.,0.));
#4519=DIRECTION('',(0.,0.,1.));
#4520=DIRECTION('center_axis',(0.,0.,-1.));
#4521=DIRECTION('ref_axis',(1.,0.,0.));
#4522=DIRECTION('center_axis',(0.,-1.,0.));
#4523=DIRECTION('ref_axis',(1.,0.,0.));
#4524=DIRECTION('',(0.,0.,1.));
#4525=DIRECTION('',(-1.,0.,0.));
#4526=DIRECTION('',(0.,0.,1.));
#4527=DIRECTION('center_axis',(-1.,0.,0.));
#4528=DIRECTION('ref_axis',(0.,-1.,0.));
#4529=DIRECTION('',(0.,0.,1.));
#4530=DIRECTION('',(0.,1.,0.));
#4531=DIRECTION('center_axis',(0.,1.,0.));
#4532=DIRECTION('ref_axis',(-1.,0.,0.));
#4533=DIRECTION('',(0.,0.,1.));
#4534=DIRECTION('',(1.,0.,0.));
#4535=DIRECTION('center_axis',(1.,0.,0.));
#4536=DIRECTION('ref_axis',(0.,1.,0.));
#4537=DIRECTION('',(0.,-1.,0.));
#4538=DIRECTION('center_axis',(-1.,0.,0.));
#4539=DIRECTION('ref_axis',(0.,-1.,0.));
#4540=DIRECTION('',(0.,-1.,0.));
#4541=DIRECTION('',(0.,0.,1.));
#4542=DIRECTION('',(0.,1.,0.));
#4543=DIRECTION('',(0.,0.,1.));
#4544=DIRECTION('center_axis',(0.,1.,0.));
#4545=DIRECTION('ref_axis',(-1.,0.,0.));
#4546=DIRECTION('',(-1.,0.,0.));
#4547=DIRECTION('',(0.,0.,1.));
#4548=DIRECTION('',(1.,0.,0.));
#4549=DIRECTION('center_axis',(1.,0.,0.));
#4550=DIRECTION('ref_axis',(0.,1.,0.));
#4551=DIRECTION('',(0.,1.,0.));
#4552=DIRECTION('',(0.,0.,1.));
#4553=DIRECTION('',(0.,-1.,0.));
#4554=DIRECTION('center_axis',(0.,-1.,0.));
#4555=DIRECTION('ref_axis',(1.,0.,0.));
#4556=DIRECTION('',(1.,0.,0.));
#4557=DIRECTION('',(-1.,0.,0.));
#4558=DIRECTION('center_axis',(-0.815946592206384,0.578127285869461,0.));
#4559=DIRECTION('ref_axis',(-0.578127285869461,-0.815946592206384,0.));
#4560=DIRECTION('',(-0.578127285869461,-0.815946592206384,0.));
#4561=DIRECTION('',(0.,0.,1.));
#4562=DIRECTION('',(0.578127285869461,0.815946592206384,0.));
#4563=DIRECTION('',(0.,0.,1.));
#4564=DIRECTION('center_axis',(0.578127188999801,0.815946660841987,0.));
#4565=DIRECTION('ref_axis',(-0.815946660841987,0.578127188999801,0.));
#4566=DIRECTION('',(-0.815946660841987,0.578127188999801,0.));
#4567=DIRECTION('',(0.,0.,1.));
#4568=DIRECTION('',(0.815946660841987,-0.578127188999801,0.));
#4569=DIRECTION('center_axis',(0.815730315111769,-0.578432410059857,0.));
#4570=DIRECTION('ref_axis',(0.578432410059857,0.815730315111769,0.));
#4571=DIRECTION('',(0.578432410059857,0.815730315111769,0.));
#4572=DIRECTION('',(0.,0.,1.));
#4573=DIRECTION('',(-0.578432410059857,-0.815730315111769,0.));
#4574=DIRECTION('center_axis',(-0.573899682788525,-0.818925609622285,0.));
#4575=DIRECTION('ref_axis',(0.818925609622285,-0.573899682788525,0.));
#4576=DIRECTION('',(0.818925609622285,-0.573899682788525,0.));
#4577=DIRECTION('',(-0.818925609622285,0.573899682788525,0.));
#4578=DIRECTION('center_axis',(-1.,0.,0.));
#4579=DIRECTION('ref_axis',(0.,-1.,0.));
#4580=DIRECTION('',(0.,0.,1.));
#4581=DIRECTION('',(0.,1.,0.));
#4582=DIRECTION('',(0.,0.,1.));
#4583=DIRECTION('center_axis',(0.,1.,0.));
#4584=DIRECTION('ref_axis',(-1.,0.,0.));
#4585=DIRECTION('',(0.,0.,1.));
#4586=DIRECTION('',(1.,0.,0.));
#4587=DIRECTION('center_axis',(1.,0.,0.));
#4588=DIRECTION('ref_axis',(0.,1.,0.));
#4589=DIRECTION('',(0.,0.,1.));
#4590=DIRECTION('',(0.,-1.,0.));
#4591=DIRECTION('center_axis',(0.,-1.,0.));
#4592=DIRECTION('ref_axis',(1.,0.,0.));
#4593=DIRECTION('',(-1.,0.,0.));
#4594=DIRECTION('center_axis',(0.,0.,1.));
#4595=DIRECTION('ref_axis',(1.,0.,0.));
#4596=DIRECTION('center_axis',(0.,0.,-1.));
#4597=DIRECTION('ref_axis',(1.,0.,0.));
#4598=DIRECTION('',(0.,0.,-1.));
#4599=DIRECTION('center_axis',(0.,0.,1.));
#4600=DIRECTION('ref_axis',(1.,0.,0.));
#4601=DIRECTION('center_axis',(0.,0.,1.));
#4602=DIRECTION('ref_axis',(1.,0.,0.));
#4603=DIRECTION('center_axis',(0.,0.,-1.));
#4604=DIRECTION('ref_axis',(1.,0.,0.));
#4605=DIRECTION('',(0.,0.,-1.));
#4606=DIRECTION('center_axis',(0.,0.,1.));
#4607=DIRECTION('ref_axis',(1.,0.,0.));
#4608=DIRECTION('center_axis',(0.,0.,1.));
#4609=DIRECTION('ref_axis',(1.,0.,0.));
#4610=DIRECTION('center_axis',(0.,0.,-1.));
#4611=DIRECTION('ref_axis',(1.,0.,0.));
#4612=DIRECTION('',(0.,0.,-1.));
#4613=DIRECTION('center_axis',(0.,0.,1.));
#4614=DIRECTION('ref_axis',(1.,0.,0.));
#4615=DIRECTION('center_axis',(0.,0.,1.));
#4616=DIRECTION('ref_axis',(1.,0.,0.));
#4617=DIRECTION('center_axis',(0.,0.,-1.));
#4618=DIRECTION('ref_axis',(1.,0.,0.));
#4619=DIRECTION('',(0.,0.,-1.));
#4620=DIRECTION('center_axis',(0.,0.,1.));
#4621=DIRECTION('ref_axis',(1.,0.,0.));
#4622=DIRECTION('center_axis',(0.,0.,1.));
#4623=DIRECTION('ref_axis',(1.,0.,0.));
#4624=DIRECTION('',(-3.85526821717133E-5,0.999999999256845,0.));
#4625=DIRECTION('center_axis',(0.,0.,1.));
#4626=DIRECTION('ref_axis',(0.999999999256845,3.8552682171061E-5,0.));
#4627=DIRECTION('',(-0.789310139969028,0.613994709213421,0.));
#4628=DIRECTION('center_axis',(0.,0.,1.));
#4629=DIRECTION('ref_axis',(0.613994709213422,0.789310139969028,0.));
#4630=DIRECTION('',(-0.831486347786827,-0.555545185780709,0.));
#4631=DIRECTION('center_axis',(0.,0.,1.));
#4632=DIRECTION('ref_axis',(-0.55554518578071,0.831486347786827,0.));
#4633=DIRECTION('',(3.85526821707867E-5,-0.999999999256845,0.));
#4634=DIRECTION('',(0.999999999256845,3.85526821709713E-5,0.));
#4635=DIRECTION('center_axis',(3.85526821709713E-5,-0.999999999256845,0.));
#4636=DIRECTION('ref_axis',(0.999999999256845,3.85526821709713E-5,0.));
#4637=DIRECTION('',(-0.999999999256845,-3.85526821709713E-5,0.));
#4638=DIRECTION('',(0.,0.,1.));
#4639=DIRECTION('',(0.,0.,1.));
#4640=DIRECTION('center_axis',(-0.999999999256845,-3.85526821707867E-5,
0.));
#4641=DIRECTION('ref_axis',(3.85526821707867E-5,-0.999999999256845,0.));
#4642=DIRECTION('',(-3.85526821707867E-5,0.999999999256845,0.));
#4643=DIRECTION('',(0.,0.,1.));
#4644=DIRECTION('center_axis',(0.,0.,1.));
#4645=DIRECTION('ref_axis',(-0.55554518578071,0.831486347786827,0.));
#4646=DIRECTION('center_axis',(0.,0.,1.));
#4647=DIRECTION('ref_axis',(-0.55554518578071,0.831486347786827,0.));
#4648=DIRECTION('',(0.,0.,1.));
#4649=DIRECTION('center_axis',(-0.55554518578071,0.831486347786828,0.));
#4650=DIRECTION('ref_axis',(-0.831486347786827,-0.555545185780709,0.));
#4651=DIRECTION('',(0.831486347786827,0.555545185780709,0.));
#4652=DIRECTION('',(0.,0.,1.));
#4653=DIRECTION('center_axis',(0.,0.,1.));
#4654=DIRECTION('ref_axis',(0.613994709213422,0.789310139969028,0.));
#4655=DIRECTION('center_axis',(0.,0.,1.));
#4656=DIRECTION('ref_axis',(0.613994709213422,0.789310139969028,0.));
#4657=DIRECTION('',(0.,0.,1.));
#4658=DIRECTION('center_axis',(0.613994709213421,0.789310139969028,0.));
#4659=DIRECTION('ref_axis',(-0.789310139969028,0.613994709213421,0.));
#4660=DIRECTION('',(0.789310139969028,-0.613994709213421,0.));
#4661=DIRECTION('',(0.,0.,1.));
#4662=DIRECTION('center_axis',(0.,0.,1.));
#4663=DIRECTION('ref_axis',(0.999999999256845,3.8552682171061E-5,0.));
#4664=DIRECTION('center_axis',(0.,0.,1.));
#4665=DIRECTION('ref_axis',(0.999999999256845,3.8552682171061E-5,0.));
#4666=DIRECTION('',(0.,0.,1.));
#4667=DIRECTION('center_axis',(0.999999999256845,3.85526821717133E-5,0.));
#4668=DIRECTION('ref_axis',(-3.85526821717133E-5,0.999999999256845,0.));
#4669=DIRECTION('',(3.85526821717133E-5,-0.999999999256845,0.));
#4670=DIRECTION('center_axis',(0.,0.,1.));
#4671=DIRECTION('ref_axis',(1.,0.,0.));
#4672=DIRECTION('center_axis',(0.,0.,-1.));
#4673=DIRECTION('ref_axis',(-1.,0.,0.));
#4674=DIRECTION('center_axis',(0.,0.,1.));
#4675=DIRECTION('ref_axis',(-1.,0.,0.));
#4676=DIRECTION('',(0.,0.,1.));
#4677=DIRECTION('center_axis',(0.,0.,1.));
#4678=DIRECTION('ref_axis',(-1.,0.,0.));
#4679=DIRECTION('center_axis',(0.,0.,-1.));
#4680=DIRECTION('ref_axis',(-1.,0.,0.));
#4681=DIRECTION('center_axis',(0.,0.,1.));
#4682=DIRECTION('ref_axis',(-1.,0.,0.));
#4683=DIRECTION('',(0.,0.,1.));
#4684=DIRECTION('center_axis',(0.,0.,1.));
#4685=DIRECTION('ref_axis',(-1.,0.,0.));
#4686=DIRECTION('center_axis',(0.,0.,-1.));
#4687=DIRECTION('ref_axis',(-1.,0.,0.));
#4688=DIRECTION('center_axis',(0.,0.,1.));
#4689=DIRECTION('ref_axis',(-1.,0.,0.));
#4690=DIRECTION('',(0.,0.,1.));
#4691=DIRECTION('center_axis',(0.,0.,1.));
#4692=DIRECTION('ref_axis',(-1.,0.,0.));
#4693=DIRECTION('center_axis',(0.,0.,-1.));
#4694=DIRECTION('ref_axis',(-1.,0.,0.));
#4695=DIRECTION('center_axis',(0.,0.,1.));
#4696=DIRECTION('ref_axis',(-1.,0.,0.));
#4697=DIRECTION('',(0.,0.,1.));
#4698=DIRECTION('center_axis',(0.,0.,1.));
#4699=DIRECTION('ref_axis',(-1.,0.,0.));
#4700=DIRECTION('center_axis',(0.,0.,-1.));
#4701=DIRECTION('ref_axis',(-1.,0.,0.));
#4702=DIRECTION('center_axis',(0.,0.,1.));
#4703=DIRECTION('ref_axis',(-1.,0.,0.));
#4704=DIRECTION('',(0.,0.,1.));
#4705=DIRECTION('center_axis',(0.,0.,1.));
#4706=DIRECTION('ref_axis',(-1.,0.,0.));
#4707=DIRECTION('center_axis',(0.611414617329876,0.791310410468206,0.));
#4708=DIRECTION('ref_axis',(0.791310410468206,-0.611414617329876,0.));
#4709=DIRECTION('',(0.791310410468206,-0.611414617329876,0.));
#4710=DIRECTION('',(0.,0.,-1.));
#4711=DIRECTION('',(0.791310410468206,-0.611414617329876,0.));
#4712=DIRECTION('',(0.,0.,-1.));
#4713=DIRECTION('center_axis',(0.,0.,-1.));
#4714=DIRECTION('ref_axis',(-0.555378916484934,0.831597414091711,0.));
#4715=DIRECTION('center_axis',(0.,0.,-1.));
#4716=DIRECTION('ref_axis',(-0.555378916484934,0.831597414091711,0.));
#4717=DIRECTION('center_axis',(0.,0.,-1.));
#4718=DIRECTION('ref_axis',(-0.555378916484934,0.831597414091711,0.));
#4719=DIRECTION('',(0.,0.,-1.));
#4720=DIRECTION('center_axis',(-0.555378916484945,0.831597414091704,0.));
#4721=DIRECTION('ref_axis',(0.831597414091704,0.555378916484945,0.));
#4722=DIRECTION('',(0.831597414091704,0.555378916484945,0.));
#4723=DIRECTION('',(0.831597414091704,0.555378916484945,0.));
#4724=DIRECTION('',(0.,0.,-1.));
#4725=DIRECTION('center_axis',(0.,0.,-1.));
#4726=DIRECTION('ref_axis',(-0.999994982701563,-0.00316773920976054,0.));
#4727=DIRECTION('center_axis',(0.,0.,-1.));
#4728=DIRECTION('ref_axis',(-0.999994982701563,-0.00316773920976054,0.));
#4729=DIRECTION('center_axis',(0.,0.,-1.));
#4730=DIRECTION('ref_axis',(-0.999994982701563,-0.00316773920976054,0.));
#4731=DIRECTION('',(0.,0.,-1.));
#4732=DIRECTION('center_axis',(-0.999994982701563,-0.00316773920977068,
0.));
#4733=DIRECTION('ref_axis',(-0.00316773920977068,0.999994982701563,0.));
#4734=DIRECTION('',(-0.00316773920977068,0.999994982701563,0.));
#4735=DIRECTION('',(-0.00316773920977068,0.999994982701563,0.));
#4736=DIRECTION('',(0.,0.,-1.));
#4737=DIRECTION('center_axis',(0.00316773920984016,-0.999994982701563,0.));
#4738=DIRECTION('ref_axis',(-0.999994982701563,-0.00316773920984016,0.));
#4739=DIRECTION('',(-0.999994982701563,-0.00316773920984015,0.));
#4740=DIRECTION('',(-0.999994982701563,-0.00316773920984015,0.));
#4741=DIRECTION('',(0.,0.,-1.));
#4742=DIRECTION('center_axis',(0.999994982701563,0.00316773920974958,0.));
#4743=DIRECTION('ref_axis',(0.00316773920974958,-0.999994982701563,0.));
#4744=DIRECTION('',(0.00316773920974958,-0.999994982701563,0.));
#4745=DIRECTION('',(0.00316773920974958,-0.999994982701563,0.));
#4746=DIRECTION('',(0.,0.,-1.));
#4747=DIRECTION('center_axis',(0.,0.,-1.));
#4748=DIRECTION('ref_axis',(0.611414617329855,0.791310410468223,0.));
#4749=DIRECTION('center_axis',(0.,0.,-1.));
#4750=DIRECTION('ref_axis',(0.611414617329855,0.791310410468223,0.));
#4751=DIRECTION('center_axis',(0.,0.,-1.));
#4752=DIRECTION('ref_axis',(0.611414617329855,0.791310410468223,0.));
#4753=DIRECTION('center_axis',(0.,0.,-1.));
#4754=DIRECTION('ref_axis',(-1.,0.,0.));
#4755=DIRECTION('center_axis',(0.,0.,-1.));
#4756=DIRECTION('ref_axis',(-1.,0.,0.));
#4757=CARTESIAN_POINT('',(0.,0.,0.));
#4758=CARTESIAN_POINT('Ctrl Pts',(37.547542962828,56.5445587036966,13.));
#4759=CARTESIAN_POINT('Ctrl Pts',(37.547542962828,56.5445587036966,13.4));
#4760=CARTESIAN_POINT('Ctrl Pts',(37.8528489396957,56.1420493576883,13.));
#4761=CARTESIAN_POINT('Ctrl Pts',(37.8528489396957,56.1420493576883,13.4));
#4762=CARTESIAN_POINT('Ctrl Pts',(38.6334211264836,56.0361097646911,13.));
#4763=CARTESIAN_POINT('Ctrl Pts',(38.6334211264836,56.0361097646911,13.4));
#4764=CARTESIAN_POINT('Ctrl Pts',(39.0772596681503,56.2209205124735,13.));
#4765=CARTESIAN_POINT('Ctrl Pts',(39.0772596681503,56.2209205124735,13.4));
#4766=CARTESIAN_POINT('',(39.0772596681503,56.2209205124735,13.));
#4767=CARTESIAN_POINT('',(37.5475455578863,56.5445552824454,13.));
#4768=CARTESIAN_POINT('Ctrl Pts',(39.0772596681503,56.2209205124735,13.));
#4769=CARTESIAN_POINT('Ctrl Pts',(38.633422384,56.0361102883106,13.));
#4770=CARTESIAN_POINT('Ctrl Pts',(37.8528533628435,56.1420487573788,13.));
#4771=CARTESIAN_POINT('Ctrl Pts',(37.5475455578863,56.5445552824454,13.));
#4772=CARTESIAN_POINT('',(39.0772596681503,56.2209205124735,13.4));
#4773=CARTESIAN_POINT('',(39.0772596681503,56.2209205124735,13.));
#4774=CARTESIAN_POINT('',(37.5475455578863,56.5445552824454,13.4));
#4775=CARTESIAN_POINT('Ctrl Pts',(37.5475455578863,56.5445552824454,13.4));
#4776=CARTESIAN_POINT('Ctrl Pts',(37.8528533628435,56.1420487573788,13.4));
#4777=CARTESIAN_POINT('Ctrl Pts',(38.633422384,56.0361102883106,13.4));
#4778=CARTESIAN_POINT('Ctrl Pts',(39.0772596681503,56.2209205124735,13.4));
#4779=CARTESIAN_POINT('',(37.5475455578863,56.5445552824454,13.));
#4780=CARTESIAN_POINT('Ctrl Pts',(37.9078562410263,57.3591840444762,13.));
#4781=CARTESIAN_POINT('Ctrl Pts',(37.9078562410263,57.3591840444762,13.4));
#4782=CARTESIAN_POINT('Ctrl Pts',(37.7856201621281,57.0885138733743,13.));
#4783=CARTESIAN_POINT('Ctrl Pts',(37.7856201621281,57.0885138733743,13.4));
#4784=CARTESIAN_POINT('Ctrl Pts',(37.6654198116846,56.8172646032531,13.));
#4785=CARTESIAN_POINT('Ctrl Pts',(37.6654198116846,56.8172646032531,13.4));
#4786=CARTESIAN_POINT('Ctrl Pts',(37.5475465155827,56.5445587036966,13.));
#4787=CARTESIAN_POINT('Ctrl Pts',(37.5475465155827,56.5445587036966,13.4));
#4788=CARTESIAN_POINT('',(37.9078562410263,57.3591840444762,13.));
#4789=CARTESIAN_POINT('Ctrl Pts',(37.5475470748498,56.5445599975896,13.));
#4790=CARTESIAN_POINT('Ctrl Pts',(37.66542019189,56.817265461241,13.));
#4791=CARTESIAN_POINT('Ctrl Pts',(37.7856203554505,57.0885143014524,13.));
#4792=CARTESIAN_POINT('Ctrl Pts',(37.9078562410263,57.3591840444762,13.));
#4793=CARTESIAN_POINT('',(37.9078562410263,57.3591840444762,13.4));
#4794=CARTESIAN_POINT('Ctrl Pts',(37.9078562410263,57.3591840444762,13.4));
#4795=CARTESIAN_POINT('Ctrl Pts',(37.7856203554505,57.0885143014524,13.4));
#4796=CARTESIAN_POINT('Ctrl Pts',(37.66542019189,56.817265461241,13.4));
#4797=CARTESIAN_POINT('Ctrl Pts',(37.5475470748498,56.5445599975896,13.4));
#4798=CARTESIAN_POINT('',(37.9078562410263,57.3591840444762,13.));
#4799=CARTESIAN_POINT('Ctrl Pts',(37.9622808905827,57.3603493480244,13.));
#4800=CARTESIAN_POINT('Ctrl Pts',(37.9622808905827,57.3603493480244,13.4));
#4801=CARTESIAN_POINT('Ctrl Pts',(37.9430711458114,57.3775198115864,13.));
#4802=CARTESIAN_POINT('Ctrl Pts',(37.9430711458114,57.3775198115864,13.4));
#4803=CARTESIAN_POINT('Ctrl Pts',(37.9250267045883,57.3772284856994,13.));
#4804=CARTESIAN_POINT('Ctrl Pts',(37.9250267045883,57.3772284856994,13.4));
#4805=CARTESIAN_POINT('Ctrl Pts',(37.9078562410263,57.3591840444762,13.));
#4806=CARTESIAN_POINT('Ctrl Pts',(37.9078562410263,57.3591840444762,13.4));
#4807=CARTESIAN_POINT('',(37.9622824704484,57.3603475825445,13.));
#4808=CARTESIAN_POINT('Ctrl Pts',(37.9078579293142,57.359185818638,13.));
#4809=CARTESIAN_POINT('Ctrl Pts',(37.9250278874022,57.377228504777,13.));
#4810=CARTESIAN_POINT('Ctrl Pts',(37.9430717754105,57.3775192488247,13.));
#4811=CARTESIAN_POINT('Ctrl Pts',(37.9622808905827,57.3603493480244,13.));
#4812=CARTESIAN_POINT('',(37.9622824704484,57.3603475825445,13.4));
#4813=CARTESIAN_POINT('Ctrl Pts',(37.9622808905827,57.3603493480244,13.4));
#4814=CARTESIAN_POINT('Ctrl Pts',(37.9430717754105,57.3775192488247,13.4));
#4815=CARTESIAN_POINT('Ctrl Pts',(37.9250278874022,57.377228504777,13.4));
#4816=CARTESIAN_POINT('Ctrl Pts',(37.9078579293142,57.359185818638,13.4));
#4817=CARTESIAN_POINT('',(37.9622824704484,57.3603475825445,13.));
#4818=CARTESIAN_POINT('Ctrl Pts',(40.0301333533513,56.9202944901346,13.));
#4819=CARTESIAN_POINT('Ctrl Pts',(40.0301333533513,56.9202944901346,13.4));
#4820=CARTESIAN_POINT('Ctrl Pts',(39.5161527752466,56.4223226247985,13.));
#4821=CARTESIAN_POINT('Ctrl Pts',(39.5161527752466,56.4223226247985,13.4));
#4822=CARTESIAN_POINT('Ctrl Pts',(38.3834173295883,56.8897336940327,13.));
#4823=CARTESIAN_POINT('Ctrl Pts',(38.3834173295883,56.8897336940327,13.4));
#4824=CARTESIAN_POINT('Ctrl Pts',(37.9622808905827,57.3603493480244,13.));
#4825=CARTESIAN_POINT('Ctrl Pts',(37.9622808905827,57.3603493480244,13.4));
#4826=CARTESIAN_POINT('',(40.0301348862807,56.9202962497555,13.));
#4827=CARTESIAN_POINT('Ctrl Pts',(37.9622824704498,57.3603475825428,13.));
#4828=CARTESIAN_POINT('Ctrl Pts',(38.3834201625056,56.889732525061,13.));
#4829=CARTESIAN_POINT('Ctrl Pts',(39.5161534179673,56.4223232475007,13.));
#4830=CARTESIAN_POINT('Ctrl Pts',(40.0301333533513,56.9202944901346,13.));
#4831=CARTESIAN_POINT('',(40.0301348862807,56.9202962497555,13.4));
#4832=CARTESIAN_POINT('Ctrl Pts',(40.0301333533513,56.9202944901346,13.4));
#4833=CARTESIAN_POINT('Ctrl Pts',(39.5161534179673,56.4223232475007,13.4));
#4834=CARTESIAN_POINT('Ctrl Pts',(38.3834201625056,56.889732525061,13.4));
#4835=CARTESIAN_POINT('Ctrl Pts',(37.9622824704498,57.3603475825428,13.4));
#4836=CARTESIAN_POINT('',(40.0301348862807,56.9202962497555,13.));
#4837=CARTESIAN_POINT('Ctrl Pts',(39.7201732678003,59.3566031449198,13.));
#4838=CARTESIAN_POINT('Ctrl Pts',(39.7201732678003,59.3566031449198,13.4));
#4839=CARTESIAN_POINT('Ctrl Pts',(38.9829660051254,58.4264351151346,13.));
#4840=CARTESIAN_POINT('Ctrl Pts',(38.9829660051254,58.4264351151346,13.4));
#4841=CARTESIAN_POINT('Ctrl Pts',(40.5103521033513,57.471525701479,13.));
#4842=CARTESIAN_POINT('Ctrl Pts',(40.5103521033513,57.471525701479,13.4));
#4843=CARTESIAN_POINT('Ctrl Pts',(40.0301333533513,56.9202944901346,13.));
#4844=CARTESIAN_POINT('Ctrl Pts',(40.0301333533513,56.9202944901346,13.4));
#4845=CARTESIAN_POINT('',(39.720174679967,59.3566048835574,13.));
#4846=CARTESIAN_POINT('Ctrl Pts',(40.0301348862807,56.9202962497555,13.));
#4847=CARTESIAN_POINT('Ctrl Pts',(40.5103488529109,57.4715277336296,13.));
#4848=CARTESIAN_POINT('Ctrl Pts',(38.9829667895538,58.4264361048837,13.));
#4849=CARTESIAN_POINT('Ctrl Pts',(39.7201732678003,59.3566031449198,13.));
#4850=CARTESIAN_POINT('',(39.720174679967,59.3566048835574,13.4));
#4851=CARTESIAN_POINT('Ctrl Pts',(39.7201732678003,59.3566031449198,13.4));
#4852=CARTESIAN_POINT('Ctrl Pts',(38.9829667895538,58.4264361048837,13.4));
#4853=CARTESIAN_POINT('Ctrl Pts',(40.5103488529109,57.4715277336296,13.4));
#4854=CARTESIAN_POINT('Ctrl Pts',(40.0301348862807,56.9202962497555,13.4));
#4855=CARTESIAN_POINT('',(39.720174679967,59.3566048835574,13.));
#4856=CARTESIAN_POINT('Ctrl Pts',(40.3077846874781,59.872619451479,13.));
#4857=CARTESIAN_POINT('Ctrl Pts',(40.3077846874781,59.872619451479,13.4));
#4858=CARTESIAN_POINT('Ctrl Pts',(40.1145361472356,59.6968291479308,13.));
#4859=CARTESIAN_POINT('Ctrl Pts',(40.1145361472356,59.6968291479308,13.4));
#4860=CARTESIAN_POINT('Ctrl Pts',(39.8863569225855,59.5612062892476,13.));
#4861=CARTESIAN_POINT('Ctrl Pts',(39.8863569225855,59.5612062892476,13.4));
#4862=CARTESIAN_POINT('Ctrl Pts',(39.7201732678003,59.3566031449198,13.));
#4863=CARTESIAN_POINT('Ctrl Pts',(39.7201732678003,59.3566031449198,13.4));
#4864=CARTESIAN_POINT('',(40.3077867790948,59.8726211996674,13.));
#4865=CARTESIAN_POINT('Ctrl Pts',(39.720174679967,59.3566048835574,13.));
#4866=CARTESIAN_POINT('Ctrl Pts',(39.8863582152385,59.561207057562,13.));
#4867=CARTESIAN_POINT('Ctrl Pts',(40.1145366946197,59.6968296458638,13.));
#4868=CARTESIAN_POINT('Ctrl Pts',(40.3077846874781,59.872619451479,13.));
#4869=CARTESIAN_POINT('',(40.3077867790948,59.8726211996674,13.4));
#4870=CARTESIAN_POINT('Ctrl Pts',(40.3077846874781,59.872619451479,13.4));
#4871=CARTESIAN_POINT('Ctrl Pts',(40.1145366946197,59.6968296458638,13.4));
#4872=CARTESIAN_POINT('Ctrl Pts',(39.8863582152385,59.561207057562,13.4));
#4873=CARTESIAN_POINT('Ctrl Pts',(39.720174679967,59.3566048835574,13.4));
#4874=CARTESIAN_POINT('',(40.3077867790948,59.8726211996674,13.));
#4875=CARTESIAN_POINT('Ctrl Pts',(40.137526023029,60.2661083532531,13.));
#4876=CARTESIAN_POINT('Ctrl Pts',(40.137526023029,60.2661083532531,13.4));
#4877=CARTESIAN_POINT('Ctrl Pts',(40.3307781160263,60.2271097646911,13.));
#4878=CARTESIAN_POINT('Ctrl Pts',(40.3307781160263,60.2271097646911,13.4));
#4879=CARTESIAN_POINT('Ctrl Pts',(40.5045291383651,60.0370587036966,13.));
#4880=CARTESIAN_POINT('Ctrl Pts',(40.5045291383651,60.0370587036966,13.4));
#4881=CARTESIAN_POINT('Ctrl Pts',(40.3077846874781,59.872619451479,13.));
#4882=CARTESIAN_POINT('Ctrl Pts',(40.3077846874781,59.872619451479,13.4));
#4883=CARTESIAN_POINT('',(40.137526023029,60.2661083532531,13.));
#4884=CARTESIAN_POINT('Ctrl Pts',(40.3077867790948,59.8726211996674,13.));
#4885=CARTESIAN_POINT('Ctrl Pts',(40.5045267371859,60.0370590730053,13.));
#4886=CARTESIAN_POINT('Ctrl Pts',(40.3307794972447,60.2271076430111,13.));
#4887=CARTESIAN_POINT('Ctrl Pts',(40.1375294699538,60.2661076576416,13.));
#4888=CARTESIAN_POINT('',(40.137526023029,60.2661083532531,13.4));
#4889=CARTESIAN_POINT('Ctrl Pts',(40.1375294699538,60.2661076576416,13.4));
#4890=CARTESIAN_POINT('Ctrl Pts',(40.3307794972447,60.2271076430111,13.4));
#4891=CARTESIAN_POINT('Ctrl Pts',(40.5045267371859,60.0370590730053,13.4));
#4892=CARTESIAN_POINT('Ctrl Pts',(40.3077867790948,59.8726211996674,13.4));
#4893=CARTESIAN_POINT('',(40.137526023029,60.2661083532531,13.));
#4894=CARTESIAN_POINT('Ctrl Pts',(38.3988433905827,59.3941486568013,13.));
#4895=CARTESIAN_POINT('Ctrl Pts',(38.3988433905827,59.3941486568013,13.4));
#4896=CARTESIAN_POINT('Ctrl Pts',(38.7684648861475,60.0021351247985,13.));
#4897=CARTESIAN_POINT('Ctrl Pts',(38.7684648861475,60.0021351247985,13.4));
#4898=CARTESIAN_POINT('Ctrl Pts',(39.4163239203679,60.3758316300272,13.));
#4899=CARTESIAN_POINT('Ctrl Pts',(39.4163239203679,60.3758316300272,13.4));
#4900=CARTESIAN_POINT('Ctrl Pts',(40.137526023029,60.2661083532531,13.));
#4901=CARTESIAN_POINT('Ctrl Pts',(40.137526023029,60.2661083532531,13.4));
#4902=CARTESIAN_POINT('',(38.3988433905827,59.3941486568013,13.));
#4903=CARTESIAN_POINT('Ctrl Pts',(40.137526023029,60.2661083532531,13.));
#4904=CARTESIAN_POINT('Ctrl Pts',(39.4163247434879,60.3758315047982,13.));
#4905=CARTESIAN_POINT('Ctrl Pts',(38.7684663649723,60.00213597781,13.));
#4906=CARTESIAN_POINT('Ctrl Pts',(38.3988446561494,59.3941507385157,13.));
#4907=CARTESIAN_POINT('',(38.3988433905827,59.3941486568013,13.4));
#4908=CARTESIAN_POINT('Ctrl Pts',(38.3988446561494,59.3941507385157,13.4));
#4909=CARTESIAN_POINT('Ctrl Pts',(38.7684663649723,60.00213597781,13.4));
#4910=CARTESIAN_POINT('Ctrl Pts',(39.4163247434879,60.3758315047982,13.4));
#4911=CARTESIAN_POINT('Ctrl Pts',(40.137526023029,60.2661083532531,13.4));
#4912=CARTESIAN_POINT('',(38.3988433905827,59.3941486568013,13.));
#4913=CARTESIAN_POINT('Ctrl Pts',(38.3281187023707,59.3976410146911,13.));
#4914=CARTESIAN_POINT('Ctrl Pts',(38.3281187023707,59.3976410146911,13.4));
#4915=CARTESIAN_POINT('Ctrl Pts',(38.3516947826929,59.3694108256855,13.));
#4916=CARTESIAN_POINT('Ctrl Pts',(38.3516947826929,59.3694108256855,13.4));
#4917=CARTESIAN_POINT('Ctrl Pts',(38.3752673102605,59.3682455221374,13.));
#4918=CARTESIAN_POINT('Ctrl Pts',(38.3752673102605,59.3682455221374,13.4));
#4919=CARTESIAN_POINT('Ctrl Pts',(38.3988433905827,59.3941486568013,13.));
#4920=CARTESIAN_POINT('Ctrl Pts',(38.3988433905827,59.3941486568013,13.4));
#4921=CARTESIAN_POINT('',(38.3281187023707,59.3976410146911,13.));
#4922=CARTESIAN_POINT('Ctrl Pts',(38.3988433905827,59.3941486568013,13.));
#4923=CARTESIAN_POINT('Ctrl Pts',(38.3752678603156,59.3682461264851,13.));
#4924=CARTESIAN_POINT('Ctrl Pts',(38.3516958826374,59.3694107713247,13.));
#4925=CARTESIAN_POINT('Ctrl Pts',(38.328120352536,59.397639038814,13.));
#4926=CARTESIAN_POINT('',(38.3281187023707,59.3976410146911,13.4));
#4927=CARTESIAN_POINT('Ctrl Pts',(38.328120352536,59.397639038814,13.4));
#4928=CARTESIAN_POINT('Ctrl Pts',(38.3516958826374,59.3694107713247,13.4));
#4929=CARTESIAN_POINT('Ctrl Pts',(38.3752678603156,59.3682461264851,13.4));
#4930=CARTESIAN_POINT('Ctrl Pts',(38.3988433905827,59.3941486568013,13.4));
#4931=CARTESIAN_POINT('',(38.3281187023707,59.3976410146911,13.));
#4932=CARTESIAN_POINT('Ctrl Pts',(37.8249065238225,60.5425979365864,13.));
#4933=CARTESIAN_POINT('Ctrl Pts',(37.8249065238225,60.5425979365864,13.4));
#4934=CARTESIAN_POINT('Ctrl Pts',(37.4535370729354,60.2864834015726,13.));
#4935=CARTESIAN_POINT('Ctrl Pts',(37.4535370729354,60.2864834015726,13.4));
#4936=CARTESIAN_POINT('Ctrl Pts',(38.1240982098169,59.5940941396911,13.));
#4937=CARTESIAN_POINT('Ctrl Pts',(38.1240982098169,59.5940941396911,13.4));
#4938=CARTESIAN_POINT('Ctrl Pts',(38.3281187023707,59.3976410146911,13.));
#4939=CARTESIAN_POINT('Ctrl Pts',(38.3281187023707,59.3976410146911,13.4));
#4940=CARTESIAN_POINT('',(37.8249089989666,60.5425995697477,13.));
#4941=CARTESIAN_POINT('Ctrl Pts',(38.3281187023707,59.3976410146911,13.));
#4942=CARTESIAN_POINT('Ctrl Pts',(38.1240982098169,59.5940941396911,13.));
#4943=CARTESIAN_POINT('Ctrl Pts',(37.4535370729354,60.2864834015726,13.));
#4944=CARTESIAN_POINT('Ctrl Pts',(37.8249065238225,60.5425979365864,13.));
#4945=CARTESIAN_POINT('',(37.8249089989666,60.5425995697477,13.4));
#4946=CARTESIAN_POINT('Ctrl Pts',(37.8249065238225,60.5425979365864,13.4));
#4947=CARTESIAN_POINT('Ctrl Pts',(37.4535370729354,60.2864834015726,13.4));
#4948=CARTESIAN_POINT('Ctrl Pts',(38.1240982098169,59.5940941396911,13.4));
#4949=CARTESIAN_POINT('Ctrl Pts',(38.3281187023707,59.3976410146911,13.4));
#4950=CARTESIAN_POINT('',(37.8249089989666,60.5425995697477,13.));
#4951=CARTESIAN_POINT('Ctrl Pts',(40.2705305014836,60.7687378800272,13.));
#4952=CARTESIAN_POINT('Ctrl Pts',(40.2705305014836,60.7687378800272,13.4));
#4953=CARTESIAN_POINT('Ctrl Pts',(39.5141134940373,61.0231080124735,13.));
#4954=CARTESIAN_POINT('Ctrl Pts',(39.5141134940373,61.0231080124735,13.4));
#4955=CARTESIAN_POINT('Ctrl Pts',(38.5059447343734,60.9919645645975,13.));
#4956=CARTESIAN_POINT('Ctrl Pts',(38.5059447343734,60.9919645645975,13.4));
#4957=CARTESIAN_POINT('Ctrl Pts',(37.8249065238225,60.5425979365864,13.));
#4958=CARTESIAN_POINT('Ctrl Pts',(37.8249065238225,60.5425979365864,13.4));
#4959=CARTESIAN_POINT('',(40.2705335853814,60.7687366775669,13.));
#4960=CARTESIAN_POINT('Ctrl Pts',(37.8249089989666,60.5425995697477,13.));
#4961=CARTESIAN_POINT('Ctrl Pts',(38.5059471770764,60.9919646400549,13.));
#4962=CARTESIAN_POINT('Ctrl Pts',(39.5141144104029,61.0231077043153,13.));
#4963=CARTESIAN_POINT('Ctrl Pts',(40.2705305014836,60.7687378800272,13.));
#4964=CARTESIAN_POINT('',(40.2705335853814,60.7687366775669,13.4));
#4965=CARTESIAN_POINT('Ctrl Pts',(40.2705305014836,60.7687378800272,13.4));
#4966=CARTESIAN_POINT('Ctrl Pts',(39.5141144104029,61.0231077043153,13.4));
#4967=CARTESIAN_POINT('Ctrl Pts',(38.5059471770764,60.9919646400549,13.4));
#4968=CARTESIAN_POINT('Ctrl Pts',(37.8249089989666,60.5425995697477,13.4));
#4969=CARTESIAN_POINT('',(40.2705335853814,60.7687366775669,13.));
#4970=CARTESIAN_POINT('Ctrl Pts',(40.3904395260401,59.8470076427021,13.));
#4971=CARTESIAN_POINT('Ctrl Pts',(40.3904395260401,59.8470076427021,13.4));
#4972=CARTESIAN_POINT('Ctrl Pts',(40.6942888734725,60.2378781642476,13.));
#4973=CARTESIAN_POINT('Ctrl Pts',(40.6942888734725,60.2378781642476,13.4));
#4974=CARTESIAN_POINT('Ctrl Pts',(40.8706582760401,60.5347392431457,13.));
#4975=CARTESIAN_POINT('Ctrl Pts',(40.8706582760401,60.5347392431457,13.4));
#4976=CARTESIAN_POINT('Ctrl Pts',(40.2705305014836,60.7687378800272,13.));
#4977=CARTESIAN_POINT('Ctrl Pts',(40.2705305014836,60.7687378800272,13.4));
#4978=CARTESIAN_POINT('',(40.3904395260401,59.8470076427021,13.));
#4979=CARTESIAN_POINT('Ctrl Pts',(40.2705335853814,60.7687366775669,13.));
#4980=CARTESIAN_POINT('Ctrl Pts',(40.8706567907986,60.5347385696776,13.));
#4981=CARTESIAN_POINT('Ctrl Pts',(40.6942888708506,60.237878366349,13.));
#4982=CARTESIAN_POINT('Ctrl Pts',(40.3904408642612,59.8470093641846,13.));
#4983=CARTESIAN_POINT('',(40.3904395260401,59.8470076427021,13.4));
#4984=CARTESIAN_POINT('Ctrl Pts',(40.3904408642612,59.8470093641846,13.4));
#4985=CARTESIAN_POINT('Ctrl Pts',(40.6942888708506,60.237878366349,13.4));
#4986=CARTESIAN_POINT('Ctrl Pts',(40.8706567907986,60.5347385696776,13.4));
#4987=CARTESIAN_POINT('Ctrl Pts',(40.2705335853814,60.7687366775669,13.4));
#4988=CARTESIAN_POINT('',(40.3904395260401,59.8470076427021,13.));
#4989=CARTESIAN_POINT('Ctrl Pts',(40.6631454255966,58.9060712133605,13.));
#4990=CARTESIAN_POINT('Ctrl Pts',(40.6631454255966,58.9060712133605,13.4));
#4991=CARTESIAN_POINT('Ctrl Pts',(40.5697221874781,59.1581107387104,13.));
#4992=CARTESIAN_POINT('Ctrl Pts',(40.5697221874781,59.1581107387104,13.4));
#4993=CARTESIAN_POINT('Ctrl Pts',(40.2827555304753,59.5809951330382,13.));
#4994=CARTESIAN_POINT('Ctrl Pts',(40.2827555304753,59.5809951330382,13.4));
#4995=CARTESIAN_POINT('Ctrl Pts',(40.3904395260401,59.8470076427021,13.));
#4996=CARTESIAN_POINT('Ctrl Pts',(40.3904395260401,59.8470076427021,13.4));
#4997=CARTESIAN_POINT('',(40.6631454255966,58.9060712133605,13.));
#4998=CARTESIAN_POINT('Ctrl Pts',(40.3904395260401,59.8470076427021,13.));
#4999=CARTESIAN_POINT('Ctrl Pts',(40.2827555304753,59.5809951330382,13.));
#5000=CARTESIAN_POINT('Ctrl Pts',(40.5697221874781,59.1581107387104,13.));
#5001=CARTESIAN_POINT('Ctrl Pts',(40.6631454255966,58.9060712133605,13.));
#5002=CARTESIAN_POINT('',(40.6631454255966,58.9060712133605,13.4));
#5003=CARTESIAN_POINT('Ctrl Pts',(40.6631454255966,58.9060712133605,13.4));
#5004=CARTESIAN_POINT('Ctrl Pts',(40.5697221874781,59.1581107387104,13.4));
#5005=CARTESIAN_POINT('Ctrl Pts',(40.2827555304753,59.5809951330382,13.4));
#5006=CARTESIAN_POINT('Ctrl Pts',(40.3904395260401,59.8470076427021,13.4));
#5007=CARTESIAN_POINT('',(40.6631454255966,58.9060712133605,13.));
#5008=CARTESIAN_POINT('Ctrl Pts',(39.0772596681503,56.2209205124735,13.));
#5009=CARTESIAN_POINT('Ctrl Pts',(39.0772596681503,56.2209205124735,13.4));
#5010=CARTESIAN_POINT('Ctrl Pts',(40.1037641949244,56.6234298584818,13.));
#5011=CARTESIAN_POINT('Ctrl Pts',(40.1037641949244,56.6234298584818,13.4));
#5012=CARTESIAN_POINT('Ctrl Pts',(41.2306766755966,57.7139656835753,13.));
#5013=CARTESIAN_POINT('Ctrl Pts',(41.2306766755966,57.7139656835753,13.4));
#5014=CARTESIAN_POINT('Ctrl Pts',(40.6631454255966,58.9060712133605,13.));
#5015=CARTESIAN_POINT('Ctrl Pts',(40.6631454255966,58.9060712133605,13.4));
#5016=CARTESIAN_POINT('Ctrl Pts',(40.6631454255966,58.9060712133605,13.));
#5017=CARTESIAN_POINT('Ctrl Pts',(41.2306766755966,57.7139656835753,13.));
#5018=CARTESIAN_POINT('Ctrl Pts',(40.1037641949244,56.6234298584818,13.));
#5019=CARTESIAN_POINT('Ctrl Pts',(39.0772596681503,56.2209205124735,13.));
#5020=CARTESIAN_POINT('Ctrl Pts',(39.0772596681503,56.2209205124735,13.4));
#5021=CARTESIAN_POINT('Ctrl Pts',(40.1037641949244,56.6234298584818,13.4));
#5022=CARTESIAN_POINT('Ctrl Pts',(41.2306766755966,57.7139656835753,13.4));
#5023=CARTESIAN_POINT('Ctrl Pts',(40.6631454255966,58.9060712133605,13.4));
#5024=CARTESIAN_POINT('Origin',(39.342106874266,58.529608996313,13.4));
#5025=CARTESIAN_POINT('Ctrl Pts',(41.7862777752466,58.8152663554707,13.));
#5026=CARTESIAN_POINT('Ctrl Pts',(41.7862777752466,58.8152663554707,13.4));
#5027=CARTESIAN_POINT('Ctrl Pts',(41.7973375006902,58.790528524355,13.));
#5028=CARTESIAN_POINT('Ctrl Pts',(41.7973375006902,58.790528524355,13.4));
#5029=CARTESIAN_POINT('Ctrl Pts',(41.8127600089299,58.768700399355,13.));
#5030=CARTESIAN_POINT('Ctrl Pts',(41.8127600089299,58.768700399355,13.4));
#5031=CARTESIAN_POINT('Ctrl Pts',(41.8325524054753,58.7500733063577,13.));
#5032=CARTESIAN_POINT('Ctrl Pts',(41.8325524054753,58.7500733063577,13.4));
#5033=CARTESIAN_POINT('',(41.8325524054753,58.7500733063577,13.));
#5034=CARTESIAN_POINT('',(41.7862777752466,58.8152663554707,13.));
#5035=CARTESIAN_POINT('Ctrl Pts',(41.8325505216081,58.7500750793319,13.));
#5036=CARTESIAN_POINT('Ctrl Pts',(41.8127590303039,58.7687017844547,13.));
#5037=CARTESIAN_POINT('Ctrl Pts',(41.7973371497945,58.7905293092206,13.));
#5038=CARTESIAN_POINT('Ctrl Pts',(41.7862777752466,58.8152663554707,13.));
#5039=CARTESIAN_POINT('',(41.8325524054753,58.7500733063577,13.4));
#5040=CARTESIAN_POINT('',(41.8325524054753,58.7500733063577,13.));
#5041=CARTESIAN_POINT('',(41.7862777752466,58.8152663554707,13.4));
#5042=CARTESIAN_POINT('Ctrl Pts',(41.7862777752466,58.8152663554707,13.4));
#5043=CARTESIAN_POINT('Ctrl Pts',(41.7973371497945,58.7905293092206,13.4));
#5044=CARTESIAN_POINT('Ctrl Pts',(41.8127590303039,58.7687017844547,13.4));
#5045=CARTESIAN_POINT('Ctrl Pts',(41.8325505216081,58.7500750793319,13.4));
#5046=CARTESIAN_POINT('',(41.7862777752466,58.8152663554707,13.));
#5047=CARTESIAN_POINT('Ctrl Pts',(44.275554450153,61.3464548778096,13.));
#5048=CARTESIAN_POINT('Ctrl Pts',(44.275554450153,61.3464548778096,13.4));
#5049=CARTESIAN_POINT('Ctrl Pts',(43.4428846681503,60.5053437505919,13.));
#5050=CARTESIAN_POINT('Ctrl Pts',(43.4428846681503,60.5053437505919,13.4));
#5051=CARTESIAN_POINT('Ctrl Pts',(42.6131245922632,59.6616142431457,13.));
#5052=CARTESIAN_POINT('Ctrl Pts',(42.6131245922632,59.6616142431457,13.4));
#5053=CARTESIAN_POINT('Ctrl Pts',(41.7862742224919,58.8152663554707,13.));
#5054=CARTESIAN_POINT('Ctrl Pts',(41.7862742224919,58.8152663554707,13.4));
#5055=CARTESIAN_POINT('',(44.275554450153,61.3464548778096,13.));
#5056=CARTESIAN_POINT('Ctrl Pts',(41.7862742224919,58.8152663554707,13.));
#5057=CARTESIAN_POINT('Ctrl Pts',(42.6131245922632,59.6616142431457,13.));
#5058=CARTESIAN_POINT('Ctrl Pts',(43.4428846681503,60.5053437505919,13.));
#5059=CARTESIAN_POINT('Ctrl Pts',(44.275554450153,61.3464548778096,13.));
#5060=CARTESIAN_POINT('',(44.275554450153,61.3464548778096,13.4));
#5061=CARTESIAN_POINT('Ctrl Pts',(44.275554450153,61.3464548778096,13.4));
#5062=CARTESIAN_POINT('Ctrl Pts',(43.4428846681503,60.5053437505919,13.4));
#5063=CARTESIAN_POINT('Ctrl Pts',(42.6131245922632,59.6616142431457,13.4));
#5064=CARTESIAN_POINT('Ctrl Pts',(41.7862742224919,58.8152663554707,13.4));
#5065=CARTESIAN_POINT('',(44.275554450153,61.3464548778096,13.));
#5066=CARTESIAN_POINT('Ctrl Pts',(44.3337627834864,61.3441278234679,13.));
#5067=CARTESIAN_POINT('Ctrl Pts',(44.3337627834864,61.3441278234679,13.4));
#5068=CARTESIAN_POINT('Ctrl Pts',(44.3148443646021,61.361880938804,13.));
#5069=CARTESIAN_POINT('Ctrl Pts',(44.3148443646021,61.361880938804,13.4));
#5070=CARTESIAN_POINT('Ctrl Pts',(44.2953468466985,61.3627549164652,13.));
#5071=CARTESIAN_POINT('Ctrl Pts',(44.2953468466985,61.3627549164652,13.4));
#5072=CARTESIAN_POINT('Ctrl Pts',(44.275554450153,61.3464548778096,13.));
#5073=CARTESIAN_POINT('Ctrl Pts',(44.275554450153,61.3464548778096,13.4));
#5074=CARTESIAN_POINT('',(44.3337627834864,61.3441278234679,13.));
#5075=CARTESIAN_POINT('Ctrl Pts',(44.275554450153,61.3464548778096,13.));
#5076=CARTESIAN_POINT('Ctrl Pts',(44.2953462056987,61.3627543885695,13.));
#5077=CARTESIAN_POINT('Ctrl Pts',(44.3148431017022,61.3618809953956,13.));
#5078=CARTESIAN_POINT('Ctrl Pts',(44.3337609453996,61.3441295482807,13.));
#5079=CARTESIAN_POINT('',(44.3337627834864,61.3441278234679,13.4));
#5080=CARTESIAN_POINT('Ctrl Pts',(44.3337609453996,61.3441295482807,13.4));
#5081=CARTESIAN_POINT('Ctrl Pts',(44.3148431017022,61.3618809953956,13.4));
#5082=CARTESIAN_POINT('Ctrl Pts',(44.2953462056987,61.3627543885695,13.4));
#5083=CARTESIAN_POINT('Ctrl Pts',(44.275554450153,61.3464548778096,13.4));
#5084=CARTESIAN_POINT('',(44.3337627834864,61.3441278234679,13.));
#5085=CARTESIAN_POINT('Ctrl Pts',(46.8486548199244,58.8286531352558,13.));
#5086=CARTESIAN_POINT('Ctrl Pts',(46.8486548199244,58.8286531352558,13.4));
#5087=CARTESIAN_POINT('Ctrl Pts',(46.0127804531641,59.6697642624735,13.));
#5088=CARTESIAN_POINT('Ctrl Pts',(46.0127804531641,59.6697642624735,13.4));
#5089=CARTESIAN_POINT('Ctrl Pts',(45.1745825848169,60.5082570094624,13.));
#5090=CARTESIAN_POINT('Ctrl Pts',(45.1745825848169,60.5082570094624,13.4));
#5091=CARTESIAN_POINT('Ctrl Pts',(44.3337627834864,61.3441278234679,13.));
#5092=CARTESIAN_POINT('Ctrl Pts',(44.3337627834864,61.3441278234679,13.4));
#5093=CARTESIAN_POINT('',(46.8486548199244,58.8286531352558,13.));
#5094=CARTESIAN_POINT('Ctrl Pts',(44.3337627834864,61.3441278234679,13.));
#5095=CARTESIAN_POINT('Ctrl Pts',(45.1745825848169,60.5082570094624,13.));
#5096=CARTESIAN_POINT('Ctrl Pts',(46.0127804531641,59.6697642624735,13.));
#5097=CARTESIAN_POINT('Ctrl Pts',(46.8486548199244,58.8286531352558,13.));
#5098=CARTESIAN_POINT('',(46.8486548199244,58.8286531352558,13.4));
#5099=CARTESIAN_POINT('Ctrl Pts',(46.8486548199244,58.8286531352558,13.4));
#5100=CARTESIAN_POINT('Ctrl Pts',(46.0127804531641,59.6697642624735,13.4));
#5101=CARTESIAN_POINT('Ctrl Pts',(45.1745825848169,60.5082570094624,13.4));
#5102=CARTESIAN_POINT('Ctrl Pts',(44.3337627834864,61.3441278234679,13.4));
#5103=CARTESIAN_POINT('',(46.8486548199244,58.8286531352558,13.));
#5104=CARTESIAN_POINT('Ctrl Pts',(46.8608798489161,58.8010055980244,13.));
#5105=CARTESIAN_POINT('Ctrl Pts',(46.8608798489161,58.8010055980244,13.4));
#5106=CARTESIAN_POINT('Ctrl Pts',(46.860297197142,58.8117739975809,13.));
#5107=CARTESIAN_POINT('Ctrl Pts',(46.860297197142,58.8117739975809,13.4));
#5108=CARTESIAN_POINT('Ctrl Pts',(46.8562221874781,58.8210857677021,13.));
#5109=CARTESIAN_POINT('Ctrl Pts',(46.8562221874781,58.8210857677021,13.4));
#5110=CARTESIAN_POINT('Ctrl Pts',(46.8486548199244,58.8286531352558,13.));
#5111=CARTESIAN_POINT('Ctrl Pts',(46.8486548199244,58.8286531352558,13.4));
#5112=CARTESIAN_POINT('',(46.8608798489161,58.8010055980244,13.));
#5113=CARTESIAN_POINT('Ctrl Pts',(46.8486548199244,58.8286531352558,13.));
#5114=CARTESIAN_POINT('Ctrl Pts',(46.8562221425802,58.8210858126001,13.));
#5115=CARTESIAN_POINT('Ctrl Pts',(46.860297148787,58.8117741080761,13.));
#5116=CARTESIAN_POINT('Ctrl Pts',(46.8608798385449,58.8010057896941,13.));
#5117=CARTESIAN_POINT('',(46.8608798489161,58.8010055980244,13.4));
#5118=CARTESIAN_POINT('Ctrl Pts',(46.8608798385449,58.8010057896941,13.4));
#5119=CARTESIAN_POINT('Ctrl Pts',(46.860297148787,58.8117741080761,13.4));
#5120=CARTESIAN_POINT('Ctrl Pts',(46.8562221425802,58.8210858126001,13.4));
#5121=CARTESIAN_POINT('Ctrl Pts',(46.8486548199244,58.8286531352558,13.4));
#5122=CARTESIAN_POINT('',(46.8608798489161,58.8010055980244,13.));
#5123=CARTESIAN_POINT('Ctrl Pts',(44.5083913362411,56.4581201813577,13.));
#5124=CARTESIAN_POINT('Ctrl Pts',(44.5083913362411,56.4581201813577,13.4));
#5125=CARTESIAN_POINT('Ctrl Pts',(45.2947829352605,57.2378219432392,13.));
#5126=CARTESIAN_POINT('Ctrl Pts',(45.2947829352605,57.2378219432392,13.4));
#5127=CARTESIAN_POINT('Ctrl Pts',(46.0788510326929,58.0186854559142,13.));
#5128=CARTESIAN_POINT('Ctrl Pts',(46.0788510326929,58.0186854559142,13.4));
#5129=CARTESIAN_POINT('Ctrl Pts',(46.8608798489161,58.8010055980244,13.));
#5130=CARTESIAN_POINT('Ctrl Pts',(46.8608798489161,58.8010055980244,13.4));
#5131=CARTESIAN_POINT('',(44.5083913362411,56.4581201813577,13.));
#5132=CARTESIAN_POINT('Ctrl Pts',(46.8608798489161,58.8010055980244,13.));
#5133=CARTESIAN_POINT('Ctrl Pts',(46.0788510326929,58.0186854559142,13.));
#5134=CARTESIAN_POINT('Ctrl Pts',(45.2947829352605,57.2378219432392,13.));
#5135=CARTESIAN_POINT('Ctrl Pts',(44.5083913362411,56.4581201813577,13.));
#5136=CARTESIAN_POINT('',(44.5083913362411,56.4581201813577,13.4));
#5137=CARTESIAN_POINT('Ctrl Pts',(44.5083913362411,56.4581201813577,13.4));
#5138=CARTESIAN_POINT('Ctrl Pts',(45.2947829352605,57.2378219432392,13.4));
#5139=CARTESIAN_POINT('Ctrl Pts',(46.0788510326929,58.0186854559142,13.4));
#5140=CARTESIAN_POINT('Ctrl Pts',(46.8608798489161,58.8010055980244,13.4));
#5141=CARTESIAN_POINT('',(44.5083913362411,56.4581201813577,13.));
#5142=CARTESIAN_POINT('Ctrl Pts',(44.3337663362411,56.2858222356994,13.));
#5143=CARTESIAN_POINT('Ctrl Pts',(44.3337663362411,56.2858222356994,13.4));
#5144=CARTESIAN_POINT('Ctrl Pts',(44.3919746695744,56.3431601441263,13.));
#5145=CARTESIAN_POINT('Ctrl Pts',(44.3919746695744,56.3431601441263,13.4));
#5146=CARTESIAN_POINT('Ctrl Pts',(44.4501830029078,56.4007858256855,13.));
#5147=CARTESIAN_POINT('Ctrl Pts',(44.4501830029078,56.4007858256855,13.4));
#5148=CARTESIAN_POINT('Ctrl Pts',(44.5083913362411,56.4581201813577,13.));
#5149=CARTESIAN_POINT('Ctrl Pts',(44.5083913362411,56.4581201813577,13.4));
#5150=CARTESIAN_POINT('',(44.3337663362411,56.2858222356994,13.));
#5151=CARTESIAN_POINT('Ctrl Pts',(44.5083895330469,56.4581184052378,13.));
#5152=CARTESIAN_POINT('Ctrl Pts',(44.4501818007783,56.4007846355892,13.));
#5153=CARTESIAN_POINT('Ctrl Pts',(44.3919740685097,56.3431595520497,13.));
#5154=CARTESIAN_POINT('Ctrl Pts',(44.3337663362411,56.2858222356994,13.));
#5155=CARTESIAN_POINT('',(44.3337663362411,56.2858222356994,13.4));
#5156=CARTESIAN_POINT('Ctrl Pts',(44.3337663362411,56.2858222356994,13.4));
#5157=CARTESIAN_POINT('Ctrl Pts',(44.3919740685097,56.3431595520497,13.4));
#5158=CARTESIAN_POINT('Ctrl Pts',(44.4501818007783,56.4007846355892,13.4));
#5159=CARTESIAN_POINT('Ctrl Pts',(44.5083895330469,56.4581184052378,13.4));
#5160=CARTESIAN_POINT('',(44.3337663362411,56.2858222356994,13.));
#5161=CARTESIAN_POINT('Ctrl Pts',(44.2755580029078,56.2834951813577,13.));
#5162=CARTESIAN_POINT('Ctrl Pts',(44.2755580029078,56.2834951813577,13.4));
#5163=CARTESIAN_POINT('Ctrl Pts',(44.2953503994532,56.2671951427021,13.));
#5164=CARTESIAN_POINT('Ctrl Pts',(44.2953503994532,56.2671951427021,13.4));
#5165=CARTESIAN_POINT('Ctrl Pts',(44.3148479173568,56.2680691203633,13.));
#5166=CARTESIAN_POINT('Ctrl Pts',(44.3148479173568,56.2680691203633,13.4));
#5167=CARTESIAN_POINT('Ctrl Pts',(44.3337663362411,56.2858222356994,13.));
#5168=CARTESIAN_POINT('Ctrl Pts',(44.3337663362411,56.2858222356994,13.4));
#5169=CARTESIAN_POINT('',(44.2755580029078,56.2834951813577,13.));
#5170=CARTESIAN_POINT('Ctrl Pts',(44.3337644470536,56.2858204629366,13.));
#5171=CARTESIAN_POINT('Ctrl Pts',(44.3148466193471,56.2680690621989,13.));
#5172=CARTESIAN_POINT('Ctrl Pts',(44.295349740633,56.2671956852739,13.));
#5173=CARTESIAN_POINT('Ctrl Pts',(44.2755580029078,56.2834951813577,13.));
#5174=CARTESIAN_POINT('',(44.2755580029078,56.2834951813577,13.4));
#5175=CARTESIAN_POINT('Ctrl Pts',(44.2755580029078,56.2834951813577,13.4));
#5176=CARTESIAN_POINT('Ctrl Pts',(44.295349740633,56.2671956852739,13.4));
#5177=CARTESIAN_POINT('Ctrl Pts',(44.3148466193471,56.2680690621989,13.4));
#5178=CARTESIAN_POINT('Ctrl Pts',(44.3337644470536,56.2858204629366,13.4));
#5179=CARTESIAN_POINT('',(44.2755580029078,56.2834951813577,13.));
#5180=CARTESIAN_POINT('Ctrl Pts',(41.8325524054753,58.7500733063577,13.));
#5181=CARTESIAN_POINT('Ctrl Pts',(41.8325524054753,58.7500733063577,13.4));
#5182=CARTESIAN_POINT('Ctrl Pts',(42.6439767142522,57.9249708919087,13.));
#5183=CARTESIAN_POINT('Ctrl Pts',(42.6439767142522,57.9249708919087,13.4));
#5184=CARTESIAN_POINT('Ctrl Pts',(43.4583142818995,57.1027781835754,13.));
#5185=CARTESIAN_POINT('Ctrl Pts',(43.4583142818995,57.1027781835754,13.4));
#5186=CARTESIAN_POINT('Ctrl Pts',(44.2755580029078,56.2834951813577,13.));
#5187=CARTESIAN_POINT('Ctrl Pts',(44.2755580029078,56.2834951813577,13.4));
#5188=CARTESIAN_POINT('Ctrl Pts',(44.2755580029078,56.2834951813577,13.));
#5189=CARTESIAN_POINT('Ctrl Pts',(43.4583142818995,57.1027781835754,13.));
#5190=CARTESIAN_POINT('Ctrl Pts',(42.6439767142522,57.9249708919087,13.));
#5191=CARTESIAN_POINT('Ctrl Pts',(41.8325524054753,58.7500733063577,13.));
#5192=CARTESIAN_POINT('Ctrl Pts',(41.8325524054753,58.7500733063577,13.4));
#5193=CARTESIAN_POINT('Ctrl Pts',(42.6439767142522,57.9249708919087,13.4));
#5194=CARTESIAN_POINT('Ctrl Pts',(43.4583142818995,57.1027781835754,13.4));
#5195=CARTESIAN_POINT('Ctrl Pts',(44.2755580029078,56.2834951813577,13.4));
#5196=CARTESIAN_POINT('Origin',(44.323572035704,58.8149750369217,13.4));
#5197=CARTESIAN_POINT('Ctrl Pts',(24.7775089624313,66.6841597550272,13.));
#5198=CARTESIAN_POINT('Ctrl Pts',(24.7775089624313,66.6841597550272,13.4));
#5199=CARTESIAN_POINT('Ctrl Pts',(24.7751819080896,68.5022961940327,13.));
#5200=CARTESIAN_POINT('Ctrl Pts',(24.7751819080896,68.5022961940327,13.4));
#5201=CARTESIAN_POINT('Ctrl Pts',(24.7938090010869,70.3271277993082,13.));
#5202=CARTESIAN_POINT('Ctrl Pts',(24.7938090010869,70.3271277993082,13.4));
#5203=CARTESIAN_POINT('Ctrl Pts',(24.7644135085332,72.144683362917,13.));
#5204=CARTESIAN_POINT('Ctrl Pts',(24.7644135085332,72.144683362917,13.4));
#5205=CARTESIAN_POINT('',(24.7644135085332,72.144683362917,13.));
#5206=CARTESIAN_POINT('',(24.7775089624313,66.6841597550272,13.));
#5207=CARTESIAN_POINT('Ctrl Pts',(24.7644135085332,72.144683362917,13.));
#5208=CARTESIAN_POINT('Ctrl Pts',(24.7938090010869,70.3271277993082,13.));
#5209=CARTESIAN_POINT('Ctrl Pts',(24.7751819080896,68.5022961940327,13.));
#5210=CARTESIAN_POINT('Ctrl Pts',(24.7775089624313,66.6841597550272,13.));
#5211=CARTESIAN_POINT('',(24.7644135085332,72.144683362917,13.4));
#5212=CARTESIAN_POINT('',(24.7644135085332,72.144683362917,13.));
#5213=CARTESIAN_POINT('',(24.7775089624313,66.6841597550272,13.4));
#5214=CARTESIAN_POINT('Ctrl Pts',(24.7775089624313,66.6841597550272,13.4));
#5215=CARTESIAN_POINT('Ctrl Pts',(24.7751819080896,68.5022961940327,13.4));
#5216=CARTESIAN_POINT('Ctrl Pts',(24.7938090010869,70.3271277993082,13.4));
#5217=CARTESIAN_POINT('Ctrl Pts',(24.7644135085332,72.144683362917,13.4));
#5218=CARTESIAN_POINT('',(24.7775089624313,66.6841597550272,13.));
#5219=CARTESIAN_POINT('Ctrl Pts',(24.8005006146021,66.6553469142475,13.));
#5220=CARTESIAN_POINT('Ctrl Pts',(24.8005006146021,66.6553469142475,13.4));
#5221=CARTESIAN_POINT('Ctrl Pts',(24.7862416335332,66.6591305980244,13.));
#5222=CARTESIAN_POINT('Ctrl Pts',(24.7862416335332,66.6591305980244,13.4));
#5223=CARTESIAN_POINT('Ctrl Pts',(24.7783847164698,66.6687336940327,13.));
#5224=CARTESIAN_POINT('Ctrl Pts',(24.7783847164698,66.6687336940327,13.4));
#5225=CARTESIAN_POINT('Ctrl Pts',(24.7775089624313,66.6841597550272,13.));
#5226=CARTESIAN_POINT('Ctrl Pts',(24.7775089624313,66.6841597550272,13.4));
#5227=CARTESIAN_POINT('',(24.8005006146021,66.6553469142475,13.));
#5228=CARTESIAN_POINT('Ctrl Pts',(24.7775089624313,66.6841597550272,13.));
#5229=CARTESIAN_POINT('Ctrl Pts',(24.7783847164698,66.6687336940327,13.));
#5230=CARTESIAN_POINT('Ctrl Pts',(24.7862416335332,66.6591305980244,13.));
#5231=CARTESIAN_POINT('Ctrl Pts',(24.8005006146021,66.6553469142475,13.));
#5232=CARTESIAN_POINT('',(24.8005006146021,66.6553469142475,13.4));
#5233=CARTESIAN_POINT('Ctrl Pts',(24.8005006146021,66.6553469142475,13.4));
#5234=CARTESIAN_POINT('Ctrl Pts',(24.7862416335332,66.6591305980244,13.4));
#5235=CARTESIAN_POINT('Ctrl Pts',(24.7783847164698,66.6687336940327,13.4));
#5236=CARTESIAN_POINT('Ctrl Pts',(24.7775089624313,66.6841597550272,13.4));
#5237=CARTESIAN_POINT('',(24.8005006146021,66.6553469142475,13.));
#5238=CARTESIAN_POINT('Ctrl Pts',(25.2338620825993,67.0872535291869,13.));
#5239=CARTESIAN_POINT('Ctrl Pts',(25.2338620825993,67.0872535291869,13.4));
#5240=CARTESIAN_POINT('Ctrl Pts',(25.0877603738693,66.9446424019693,13.));
#5241=CARTESIAN_POINT('Ctrl Pts',(25.0877603738693,66.9446424019693,13.4));
#5242=CARTESIAN_POINT('Ctrl Pts',(24.9434030677067,66.8005764216938,13.));
#5243=CARTESIAN_POINT('Ctrl Pts',(24.9434030677067,66.8005764216938,13.4));
#5244=CARTESIAN_POINT('Ctrl Pts',(24.8005006146021,66.6553469142475,13.));
#5245=CARTESIAN_POINT('Ctrl Pts',(24.8005006146021,66.6553469142475,13.4));
#5246=CARTESIAN_POINT('',(25.2338620825993,67.0872535291869,13.));
#5247=CARTESIAN_POINT('Ctrl Pts',(24.8005006146021,66.6553469142475,13.));
#5248=CARTESIAN_POINT('Ctrl Pts',(24.9434030677067,66.8005764216938,13.));
#5249=CARTESIAN_POINT('Ctrl Pts',(25.0877603738693,66.9446424019693,13.));
#5250=CARTESIAN_POINT('Ctrl Pts',(25.2338620825993,67.0872535291869,13.));
#5251=CARTESIAN_POINT('',(25.2338620825993,67.0872535291869,13.4));
#5252=CARTESIAN_POINT('Ctrl Pts',(25.2338620825993,67.0872535291869,13.4));
#5253=CARTESIAN_POINT('Ctrl Pts',(25.0877603738693,66.9446424019693,13.4));
#5254=CARTESIAN_POINT('Ctrl Pts',(24.9434030677067,66.8005764216938,13.4));
#5255=CARTESIAN_POINT('Ctrl Pts',(24.8005006146021,66.6553469142475,13.4));
#5256=CARTESIAN_POINT('',(25.2338620825993,67.0872535291869,13.));
#5257=CARTESIAN_POINT('Ctrl Pts',(27.1462975137618,68.4950219287434,13.));
#5258=CARTESIAN_POINT('Ctrl Pts',(27.1462975137618,68.4950219287434,13.4));
#5259=CARTESIAN_POINT('Ctrl Pts',(26.4588590155827,68.0936761099059,13.));
#5260=CARTESIAN_POINT('Ctrl Pts',(26.4588590155827,68.0936761099059,13.4));
#5261=CARTESIAN_POINT('Ctrl Pts',(25.8214770550318,67.6245170853494,13.));
#5262=CARTESIAN_POINT('Ctrl Pts',(25.8214770550318,67.6245170853494,13.4));
#5263=CARTESIAN_POINT('Ctrl Pts',(25.2338620825993,67.0872535291869,13.));
#5264=CARTESIAN_POINT('Ctrl Pts',(25.2338620825993,67.0872535291869,13.4));
#5265=CARTESIAN_POINT('',(27.1462975137618,68.4950219287434,13.));
#5266=CARTESIAN_POINT('Ctrl Pts',(25.2338620825993,67.0872535291869,13.));
#5267=CARTESIAN_POINT('Ctrl Pts',(25.8214770550318,67.6245170853494,13.));
#5268=CARTESIAN_POINT('Ctrl Pts',(26.4588590155827,68.0936761099059,13.));
#5269=CARTESIAN_POINT('Ctrl Pts',(27.1462975137618,68.4950219287434,13.));
#5270=CARTESIAN_POINT('',(27.1462975137618,68.4950219287434,13.4));
#5271=CARTESIAN_POINT('Ctrl Pts',(27.1462975137618,68.4950219287434,13.4));
#5272=CARTESIAN_POINT('Ctrl Pts',(26.4588590155827,68.0936761099059,13.4));
#5273=CARTESIAN_POINT('Ctrl Pts',(25.8214770550318,67.6245170853494,13.4));
#5274=CARTESIAN_POINT('Ctrl Pts',(25.2338620825993,67.0872535291869,13.4));
#5275=CARTESIAN_POINT('',(27.1462975137618,68.4950219287434,13.));
#5276=CARTESIAN_POINT('Ctrl Pts',(30.506373910704,70.662699693636,13.));
#5277=CARTESIAN_POINT('Ctrl Pts',(30.506373910704,70.662699693636,13.4));
#5278=CARTESIAN_POINT('Ctrl Pts',(29.6088024054753,69.7258364975809,13.));
#5279=CARTESIAN_POINT('Ctrl Pts',(29.6088024054753,69.7258364975809,13.4));
#5280=CARTESIAN_POINT('Ctrl Pts',(28.2566239590235,69.1487021515726,13.));
#5281=CARTESIAN_POINT('Ctrl Pts',(28.2566239590235,69.1487021515726,13.4));
#5282=CARTESIAN_POINT('Ctrl Pts',(27.1462975137618,68.4950219287434,13.));
#5283=CARTESIAN_POINT('Ctrl Pts',(27.1462975137618,68.4950219287434,13.4));
#5284=CARTESIAN_POINT('',(30.506373910704,70.662699693636,13.));
#5285=CARTESIAN_POINT('Ctrl Pts',(27.1462975137618,68.4950219287434,13.));
#5286=CARTESIAN_POINT('Ctrl Pts',(28.2566239590235,69.1487021515726,13.));
#5287=CARTESIAN_POINT('Ctrl Pts',(29.6088024054753,69.7258364975809,13.));
#5288=CARTESIAN_POINT('Ctrl Pts',(30.506373910704,70.662699693636,13.));
#5289=CARTESIAN_POINT('',(30.506373910704,70.662699693636,13.4));
#5290=CARTESIAN_POINT('Ctrl Pts',(30.506373910704,70.662699693636,13.4));
#5291=CARTESIAN_POINT('Ctrl Pts',(29.6088024054753,69.7258364975809,13.4));
#5292=CARTESIAN_POINT('Ctrl Pts',(28.2566239590235,69.1487021515726,13.4));
#5293=CARTESIAN_POINT('Ctrl Pts',(27.1462975137618,68.4950219287434,13.4));
#5294=CARTESIAN_POINT('',(30.506373910704,70.662699693636,13.));
#5295=CARTESIAN_POINT('Ctrl Pts',(30.7537593273707,72.7983635857462,13.));
#5296=CARTESIAN_POINT('Ctrl Pts',(30.7537593273707,72.7983635857462,13.4));
#5297=CARTESIAN_POINT('Ctrl Pts',(30.9705875006902,72.0963712278564,13.));
#5298=CARTESIAN_POINT('Ctrl Pts',(30.9705875006902,72.0963712278564,13.4));
#5299=CARTESIAN_POINT('Ctrl Pts',(31.0657569177535,71.2357608063577,13.));
#5300=CARTESIAN_POINT('Ctrl Pts',(31.0657569177535,71.2357608063577,13.4));
#5301=CARTESIAN_POINT('Ctrl Pts',(30.506373910704,70.662699693636,13.));
#5302=CARTESIAN_POINT('Ctrl Pts',(30.506373910704,70.662699693636,13.4));
#5303=CARTESIAN_POINT('',(30.7537593273707,72.7983635857462,13.));
#5304=CARTESIAN_POINT('Ctrl Pts',(30.506373910704,70.662699693636,13.));
#5305=CARTESIAN_POINT('Ctrl Pts',(31.0657569177535,71.2357608063577,13.));
#5306=CARTESIAN_POINT('Ctrl Pts',(30.9705875006902,72.0963712278564,13.));
#5307=CARTESIAN_POINT('Ctrl Pts',(30.7537593273707,72.7983635857462,13.));
#5308=CARTESIAN_POINT('',(30.7537593273707,72.7983635857462,13.4));
#5309=CARTESIAN_POINT('Ctrl Pts',(30.7537593273707,72.7983635857462,13.4));
#5310=CARTESIAN_POINT('Ctrl Pts',(30.9705875006902,72.0963712278564,13.4));
#5311=CARTESIAN_POINT('Ctrl Pts',(31.0657569177535,71.2357608063577,13.4));
#5312=CARTESIAN_POINT('Ctrl Pts',(30.506373910704,70.662699693636,13.4));
#5313=CARTESIAN_POINT('',(30.7537593273707,72.7983635857462,13.));
#5314=CARTESIAN_POINT('Ctrl Pts',(26.688780866423,74.5431587326883,13.));
#5315=CARTESIAN_POINT('Ctrl Pts',(26.688780866423,74.5431587326883,13.4));
#5316=CARTESIAN_POINT('Ctrl Pts',(28.2359593611943,74.8010212230244,13.));
#5317=CARTESIAN_POINT('Ctrl Pts',(28.2359593611943,74.8010212230244,13.4));
#5318=CARTESIAN_POINT('Ctrl Pts',(30.1481034664698,74.4453691590189,13.));
#5319=CARTESIAN_POINT('Ctrl Pts',(30.1481034664698,74.4453691590189,13.4));
#5320=CARTESIAN_POINT('Ctrl Pts',(30.7537593273707,72.7983635857462,13.));
#5321=CARTESIAN_POINT('Ctrl Pts',(30.7537593273707,72.7983635857462,13.4));
#5322=CARTESIAN_POINT('',(26.688780866423,74.5431587326883,13.));
#5323=CARTESIAN_POINT('Ctrl Pts',(30.7537593273707,72.7983635857462,13.));
#5324=CARTESIAN_POINT('Ctrl Pts',(30.1481034664698,74.4453691590189,13.));
#5325=CARTESIAN_POINT('Ctrl Pts',(28.2359593611943,74.8010212230244,13.));
#5326=CARTESIAN_POINT('Ctrl Pts',(26.688780866423,74.5431587326883,13.));
#5327=CARTESIAN_POINT('',(26.688780866423,74.5431587326883,13.4));
#5328=CARTESIAN_POINT('Ctrl Pts',(26.688780866423,74.5431587326883,13.4));
#5329=CARTESIAN_POINT('Ctrl Pts',(28.2359593611943,74.8010212230244,13.4));
#5330=CARTESIAN_POINT('Ctrl Pts',(30.1481034664698,74.4453691590189,13.4));
#5331=CARTESIAN_POINT('Ctrl Pts',(30.7537593273707,72.7983635857462,13.4));
#5332=CARTESIAN_POINT('',(26.688780866423,74.5431587326883,13.));
#5333=CARTESIAN_POINT('Ctrl Pts',(24.7644135085332,72.144683362917,13.));
#5334=CARTESIAN_POINT('Ctrl Pts',(24.7644135085332,72.144683362917,13.4));
#5335=CARTESIAN_POINT('Ctrl Pts',(24.7955569564091,73.5163628800272,13.));
#5336=CARTESIAN_POINT('Ctrl Pts',(24.7955569564091,73.5163628800272,13.4));
#5337=CARTESIAN_POINT('Ctrl Pts',(25.2839239493596,74.3047955366332,13.));
#5338=CARTESIAN_POINT('Ctrl Pts',(25.2839239493596,74.3047955366332,13.4));
#5339=CARTESIAN_POINT('Ctrl Pts',(26.688780866423,74.5431587326883,13.));
#5340=CARTESIAN_POINT('Ctrl Pts',(26.688780866423,74.5431587326883,13.4));
#5341=CARTESIAN_POINT('Ctrl Pts',(26.688780866423,74.5431587326883,13.));
#5342=CARTESIAN_POINT('Ctrl Pts',(25.2839239493596,74.3047955366332,13.));
#5343=CARTESIAN_POINT('Ctrl Pts',(24.7955569564091,73.5163628800272,13.));
#5344=CARTESIAN_POINT('Ctrl Pts',(24.7644135085332,72.144683362917,13.));
#5345=CARTESIAN_POINT('Ctrl Pts',(24.7644135085332,72.144683362917,13.4));
#5346=CARTESIAN_POINT('Ctrl Pts',(24.7955569564091,73.5163628800272,13.4));
#5347=CARTESIAN_POINT('Ctrl Pts',(25.2839239493596,74.3047955366332,13.4));
#5348=CARTESIAN_POINT('Ctrl Pts',(26.688780866423,74.5431587326883,13.4));
#5349=CARTESIAN_POINT('Ctrl Pts',(19.9235196340469,65.7708726392943,13.));
#5350=CARTESIAN_POINT('Ctrl Pts',(19.9235196340469,65.7708726392943,13.4));
#5351=CARTESIAN_POINT('Ctrl Pts',(19.9174080077397,64.990007350242,13.));
#5352=CARTESIAN_POINT('Ctrl Pts',(19.9174080077397,64.990007350242,13.4));
#5353=CARTESIAN_POINT('Ctrl Pts',(19.9849298875717,64.2155459015726,13.));
#5354=CARTESIAN_POINT('Ctrl Pts',(19.9849298875717,64.2155459015726,13.4));
#5355=CARTESIAN_POINT('Ctrl Pts',(20.1263757112411,63.4474865169087,13.));
#5356=CARTESIAN_POINT('Ctrl Pts',(20.1263757112411,63.4474865169087,13.4));
#5357=CARTESIAN_POINT('',(20.1263757112411,63.4474865169087,13.));
#5358=CARTESIAN_POINT('',(19.9235196340469,65.7708726392943,13.));
#5359=CARTESIAN_POINT('Ctrl Pts',(20.1263757112411,63.4474865169087,13.));
#5360=CARTESIAN_POINT('Ctrl Pts',(19.9849298875717,64.2155459015726,13.));
#5361=CARTESIAN_POINT('Ctrl Pts',(19.9174080077397,64.990007350242,13.));
#5362=CARTESIAN_POINT('Ctrl Pts',(19.9235196340469,65.7708726392943,13.));
#5363=CARTESIAN_POINT('',(20.1263757112411,63.4474865169087,13.4));
#5364=CARTESIAN_POINT('',(20.1263757112411,63.4474865169087,13.));
#5365=CARTESIAN_POINT('',(19.9235196340469,65.7708726392943,13.4));
#5366=CARTESIAN_POINT('Ctrl Pts',(19.9235196340469,65.7708726392943,13.4));
#5367=CARTESIAN_POINT('Ctrl Pts',(19.9174080077397,64.990007350242,13.4));
#5368=CARTESIAN_POINT('Ctrl Pts',(19.9849298875717,64.2155459015726,13.4));
#5369=CARTESIAN_POINT('Ctrl Pts',(20.1263757112411,63.4474865169087,13.4));
#5370=CARTESIAN_POINT('',(19.9235196340469,65.7708726392943,13.));
#5371=CARTESIAN_POINT('Ctrl Pts',(21.0708027220952,70.6181712423522,13.));
#5372=CARTESIAN_POINT('Ctrl Pts',(21.0708027220952,70.6181712423522,13.4));
#5373=CARTESIAN_POINT('Ctrl Pts',(20.3207886668431,69.1926479510823,13.));
#5374=CARTESIAN_POINT('Ctrl Pts',(20.3207886668431,69.1926479510823,13.4));
#5375=CARTESIAN_POINT('Ctrl Pts',(19.9843445712315,67.3689798729776,13.));
#5376=CARTESIAN_POINT('Ctrl Pts',(19.9843445712315,67.3689798729776,13.4));
#5377=CARTESIAN_POINT('Ctrl Pts',(19.9235169694808,65.770870862917,13.));
#5378=CARTESIAN_POINT('Ctrl Pts',(19.9235169694808,65.770870862917,13.4));
#5379=CARTESIAN_POINT('',(21.0708027220952,70.6181712423522,13.));
#5380=CARTESIAN_POINT('Ctrl Pts',(19.9235169694808,65.770870862917,13.));
#5381=CARTESIAN_POINT('Ctrl Pts',(19.9843445712315,67.3689798729776,13.));
#5382=CARTESIAN_POINT('Ctrl Pts',(20.3207886668431,69.1926479510823,13.));
#5383=CARTESIAN_POINT('Ctrl Pts',(21.0708027220952,70.6181712423522,13.));
#5384=CARTESIAN_POINT('',(21.0708027220952,70.6181712423522,13.4));
#5385=CARTESIAN_POINT('Ctrl Pts',(21.0708027220952,70.6181712423522,13.4));
#5386=CARTESIAN_POINT('Ctrl Pts',(20.3207886668431,69.1926479510823,13.4));
#5387=CARTESIAN_POINT('Ctrl Pts',(19.9843445712315,67.3689798729776,13.4));
#5388=CARTESIAN_POINT('Ctrl Pts',(19.9235169694808,65.770870862917,13.4));
#5389=CARTESIAN_POINT('',(21.0708027220952,70.6181712423522,13.));
#5390=CARTESIAN_POINT('Ctrl Pts',(21.3405980273473,70.9889580414652,13.));
#5391=CARTESIAN_POINT('Ctrl Pts',(21.3405980273473,70.9889580414652,13.4));
#5392=CARTESIAN_POINT('Ctrl Pts',(21.236987265069,70.8751597550272,13.));
#5393=CARTESIAN_POINT('Ctrl Pts',(21.236987265069,70.8751597550272,13.4));
#5394=CARTESIAN_POINT('Ctrl Pts',(21.1470554966517,70.7517583725809,13.));
#5395=CARTESIAN_POINT('Ctrl Pts',(21.1470554966517,70.7517583725809,13.4));
#5396=CARTESIAN_POINT('Ctrl Pts',(21.0708027220952,70.6181712423522,13.));
#5397=CARTESIAN_POINT('Ctrl Pts',(21.0708027220952,70.6181712423522,13.4));
#5398=CARTESIAN_POINT('',(21.3405980273473,70.9889580414652,13.));
#5399=CARTESIAN_POINT('Ctrl Pts',(21.0708027220952,70.6181712423522,13.));
#5400=CARTESIAN_POINT('Ctrl Pts',(21.1470554966517,70.7517583725809,13.));
#5401=CARTESIAN_POINT('Ctrl Pts',(21.236987265069,70.8751597550272,13.));
#5402=CARTESIAN_POINT('Ctrl Pts',(21.3405980273473,70.9889580414652,13.));
#5403=CARTESIAN_POINT('',(21.3405980273473,70.9889580414652,13.4));
#5404=CARTESIAN_POINT('Ctrl Pts',(21.3405980273473,70.9889580414652,13.4));
#5405=CARTESIAN_POINT('Ctrl Pts',(21.236987265069,70.8751597550272,13.4));
#5406=CARTESIAN_POINT('Ctrl Pts',(21.1470554966517,70.7517583725809,13.4));
#5407=CARTESIAN_POINT('Ctrl Pts',(21.0708027220952,70.6181712423522,13.4));
#5408=CARTESIAN_POINT('',(21.3405980273473,70.9889580414652,13.));
#5409=CARTESIAN_POINT('Ctrl Pts',(24.5973540997095,73.9491434726277,13.));
#5410=CARTESIAN_POINT('Ctrl Pts',(24.5973540997095,73.9491434726277,13.4));
#5411=CARTESIAN_POINT('Ctrl Pts',(23.366539530872,73.1158892624735,13.));
#5412=CARTESIAN_POINT('Ctrl Pts',(23.366539530872,73.1158892624735,13.4));
#5413=CARTESIAN_POINT('Ctrl Pts',(22.3362513203211,72.0841461988647,13.));
#5414=CARTESIAN_POINT('Ctrl Pts',(22.3362513203211,72.0841461988647,13.4));
#5415=CARTESIAN_POINT('Ctrl Pts',(21.3405980273473,70.9889580414652,13.));
#5416=CARTESIAN_POINT('Ctrl Pts',(21.3405980273473,70.9889580414652,13.4));
#5417=CARTESIAN_POINT('',(24.5973540997095,73.9491434726277,13.));
#5418=CARTESIAN_POINT('Ctrl Pts',(21.3405980273473,70.9889580414652,13.));
#5419=CARTESIAN_POINT('Ctrl Pts',(22.3362513203211,72.0841461988647,13.));
#5420=CARTESIAN_POINT('Ctrl Pts',(23.366539530872,73.1158892624735,13.));
#5421=CARTESIAN_POINT('Ctrl Pts',(24.5973540997095,73.9491434726277,13.));
#5422=CARTESIAN_POINT('',(24.5973540997095,73.9491434726277,13.4));
#5423=CARTESIAN_POINT('Ctrl Pts',(24.5973540997095,73.9491434726277,13.4));
#5424=CARTESIAN_POINT('Ctrl Pts',(23.366539530872,73.1158892624735,13.4));
#5425=CARTESIAN_POINT('Ctrl Pts',(22.3362513203211,72.0841461988647,13.4));
#5426=CARTESIAN_POINT('Ctrl Pts',(21.3405980273473,70.9889580414652,13.4));
#5427=CARTESIAN_POINT('',(24.5973540997095,73.9491434726277,13.));
#5428=CARTESIAN_POINT('Ctrl Pts',(26.8066523861475,75.3429424406249,13.));
#5429=CARTESIAN_POINT('Ctrl Pts',(26.8066523861475,75.3429424406249,13.4));
#5430=CARTESIAN_POINT('Ctrl Pts',(26.0525624330429,74.9063781642475,13.));
#5431=CARTESIAN_POINT('Ctrl Pts',(26.0525624330429,74.9063781642475,13.4));
#5432=CARTESIAN_POINT('Ctrl Pts',(25.3162273716517,74.4418750247517,13.));
#5433=CARTESIAN_POINT('Ctrl Pts',(25.3162273716517,74.4418750247517,13.4));
#5434=CARTESIAN_POINT('Ctrl Pts',(24.5973540997095,73.9491434726277,13.));
#5435=CARTESIAN_POINT('Ctrl Pts',(24.5973540997095,73.9491434726277,13.4));
#5436=CARTESIAN_POINT('',(26.8066523861475,75.3429424406249,13.));
#5437=CARTESIAN_POINT('Ctrl Pts',(24.5973540997095,73.9491434726277,13.));
#5438=CARTESIAN_POINT('Ctrl Pts',(25.3162273716517,74.4418750247517,13.));
#5439=CARTESIAN_POINT('Ctrl Pts',(26.0525624330429,74.9063781642475,13.));
#5440=CARTESIAN_POINT('Ctrl Pts',(26.8066523861475,75.3429424406249,13.));
#5441=CARTESIAN_POINT('',(26.8066523861475,75.3429424406249,13.4));
#5442=CARTESIAN_POINT('Ctrl Pts',(26.8066523861475,75.3429424406249,13.4));
#5443=CARTESIAN_POINT('Ctrl Pts',(26.0525624330429,74.9063781642475,13.4));
#5444=CARTESIAN_POINT('Ctrl Pts',(25.3162273716517,74.4418750247517,13.4));
#5445=CARTESIAN_POINT('Ctrl Pts',(24.5973540997095,73.9491434726277,13.4));
#5446=CARTESIAN_POINT('',(26.8066523861475,75.3429424406249,13.));
#5447=CARTESIAN_POINT('Ctrl Pts',(31.9516860457646,75.7306101537902,13.));
#5448=CARTESIAN_POINT('Ctrl Pts',(31.9516860457646,75.7306101537902,13.4));
#5449=CARTESIAN_POINT('Ctrl Pts',(30.2456017142522,75.9564569949666,13.));
#5450=CARTESIAN_POINT('Ctrl Pts',(30.2456017142522,75.9564569949666,13.4));
#5451=CARTESIAN_POINT('Ctrl Pts',(28.4356117418197,75.9698437747517,13.));
#5452=CARTESIAN_POINT('Ctrl Pts',(28.4356117418197,75.9698437747517,13.4));
#5453=CARTESIAN_POINT('Ctrl Pts',(26.8066523861475,75.3429424406249,13.));
#5454=CARTESIAN_POINT('Ctrl Pts',(26.8066523861475,75.3429424406249,13.4));
#5455=CARTESIAN_POINT('',(31.9516860457646,75.7306101537902,13.));
#5456=CARTESIAN_POINT('Ctrl Pts',(26.8066523861475,75.3429424406249,13.));
#5457=CARTESIAN_POINT('Ctrl Pts',(28.4356117418197,75.9698437747517,13.));
#5458=CARTESIAN_POINT('Ctrl Pts',(30.2456017142522,75.9564569949666,13.));
#5459=CARTESIAN_POINT('Ctrl Pts',(31.9516860457646,75.7306101537902,13.));
#5460=CARTESIAN_POINT('',(31.9516860457646,75.7306101537902,13.4));
#5461=CARTESIAN_POINT('Ctrl Pts',(31.9516860457646,75.7306101537902,13.4));
#5462=CARTESIAN_POINT('Ctrl Pts',(30.2456017142522,75.9564569949666,13.4));
#5463=CARTESIAN_POINT('Ctrl Pts',(28.4356117418197,75.9698437747517,13.4));
#5464=CARTESIAN_POINT('Ctrl Pts',(26.8066523861475,75.3429424406249,13.4));
#5465=CARTESIAN_POINT('',(31.9516860457646,75.7306101537902,13.));
#5466=CARTESIAN_POINT('Ctrl Pts',(34.6179183277674,74.79549313668,13.));
#5467=CARTESIAN_POINT('Ctrl Pts',(34.6179183277674,74.79549313668,13.4));
#5468=CARTESIAN_POINT('Ctrl Pts',(33.8629579497563,75.3656427669087,13.));
#5469=CARTESIAN_POINT('Ctrl Pts',(33.8629579497563,75.3656427669087,13.4));
#5470=CARTESIAN_POINT('Ctrl Pts',(32.8702152510869,75.593527112917,13.));
#5471=CARTESIAN_POINT('Ctrl Pts',(32.8702152510869,75.593527112917,13.4));
#5472=CARTESIAN_POINT('Ctrl Pts',(31.9516860457646,75.7306101537902,13.));
#5473=CARTESIAN_POINT('Ctrl Pts',(31.9516860457646,75.7306101537902,13.4));
#5474=CARTESIAN_POINT('',(34.6179183277674,74.79549313668,13.));
#5475=CARTESIAN_POINT('Ctrl Pts',(31.9516860457646,75.7306101537902,13.));
#5476=CARTESIAN_POINT('Ctrl Pts',(32.8702152510869,75.593527112917,13.));
#5477=CARTESIAN_POINT('Ctrl Pts',(33.8629579497563,75.3656427669087,13.));
#5478=CARTESIAN_POINT('Ctrl Pts',(34.6179183277674,74.79549313668,13.));
#5479=CARTESIAN_POINT('',(34.6179183277674,74.79549313668,13.4));
#5480=CARTESIAN_POINT('Ctrl Pts',(34.6179183277674,74.79549313668,13.4));
#5481=CARTESIAN_POINT('Ctrl Pts',(33.8629579497563,75.3656427669087,13.4));
#5482=CARTESIAN_POINT('Ctrl Pts',(32.8702152510869,75.593527112917,13.4));
#5483=CARTESIAN_POINT('Ctrl Pts',(31.9516860457646,75.7306101537902,13.4));
#5484=CARTESIAN_POINT('',(34.6179183277674,74.79549313668,13.));
#5485=CARTESIAN_POINT('Ctrl Pts',(35.2017478400456,72.4255410581786,13.));
#5486=CARTESIAN_POINT('Ctrl Pts',(35.2017478400456,72.4255410581786,13.4));
#5487=CARTESIAN_POINT('Ctrl Pts',(35.7940186975387,73.1444125537434,13.));
#5488=CARTESIAN_POINT('Ctrl Pts',(35.7940186975387,73.1444125537434,13.4));
#5489=CARTESIAN_POINT('Ctrl Pts',(35.2998305159795,74.305667737917,13.));
#5490=CARTESIAN_POINT('Ctrl Pts',(35.2998305159795,74.305667737917,13.4));
#5491=CARTESIAN_POINT('Ctrl Pts',(34.6179183277674,74.79549313668,13.));
#5492=CARTESIAN_POINT('Ctrl Pts',(34.6179183277674,74.79549313668,13.4));
#5493=CARTESIAN_POINT('',(35.2017478400456,72.4255410581786,13.));
#5494=CARTESIAN_POINT('Ctrl Pts',(34.6179183277674,74.79549313668,13.));
#5495=CARTESIAN_POINT('Ctrl Pts',(35.2998305159795,74.305667737917,13.));
#5496=CARTESIAN_POINT('Ctrl Pts',(35.7940186975387,73.1444125537434,13.));
#5497=CARTESIAN_POINT('Ctrl Pts',(35.2017478400456,72.4255410581786,13.));
#5498=CARTESIAN_POINT('',(35.2017478400456,72.4255410581786,13.4));
#5499=CARTESIAN_POINT('Ctrl Pts',(35.2017478400456,72.4255410581786,13.4));
#5500=CARTESIAN_POINT('Ctrl Pts',(35.7940186975387,73.1444125537434,13.4));
#5501=CARTESIAN_POINT('Ctrl Pts',(35.2998305159795,74.305667737917,13.4));
#5502=CARTESIAN_POINT('Ctrl Pts',(34.6179183277674,74.79549313668,13.4));
#5503=CARTESIAN_POINT('',(35.2017478400456,72.4255410581786,13.));
#5504=CARTESIAN_POINT('Ctrl Pts',(32.2249745970952,70.8419841314513,13.));
#5505=CARTESIAN_POINT('Ctrl Pts',(32.2249745970952,70.8419841314513,13.4));
#5506=CARTESIAN_POINT('Ctrl Pts',(33.1370999620346,71.2476945094624,13.));
#5507=CARTESIAN_POINT('Ctrl Pts',(33.1370999620346,71.2476945094624,13.4));
#5508=CARTESIAN_POINT('Ctrl Pts',(34.5367201186406,71.6679569708068,13.));
#5509=CARTESIAN_POINT('Ctrl Pts',(34.5367201186406,71.6679569708068,13.4));
#5510=CARTESIAN_POINT('Ctrl Pts',(35.2017478400456,72.4255410581786,13.));
#5511=CARTESIAN_POINT('Ctrl Pts',(35.2017478400456,72.4255410581786,13.4));
#5512=CARTESIAN_POINT('',(32.2249745970952,70.8419841314513,13.));
#5513=CARTESIAN_POINT('Ctrl Pts',(35.2017478400456,72.4255410581786,13.));
#5514=CARTESIAN_POINT('Ctrl Pts',(34.5367201186406,71.6679569708068,13.));
#5515=CARTESIAN_POINT('Ctrl Pts',(33.1370999620346,71.2476945094624,13.));
#5516=CARTESIAN_POINT('Ctrl Pts',(32.2249745970952,70.8419841314513,13.));
#5517=CARTESIAN_POINT('',(32.2249745970952,70.8419841314513,13.4));
#5518=CARTESIAN_POINT('Ctrl Pts',(32.2249745970952,70.8419841314513,13.4));
#5519=CARTESIAN_POINT('Ctrl Pts',(33.1370999620346,71.2476945094624,13.4));
#5520=CARTESIAN_POINT('Ctrl Pts',(34.5367201186406,71.6679569708068,13.4));
#5521=CARTESIAN_POINT('Ctrl Pts',(35.2017478400456,72.4255410581786,13.4));
#5522=CARTESIAN_POINT('',(32.2249745970952,70.8419841314513,13.));
#5523=CARTESIAN_POINT('Ctrl Pts',(28.9722926462081,69.2031285775064,13.));
#5524=CARTESIAN_POINT('Ctrl Pts',(28.9722926462081,69.2031285775064,13.4));
#5525=CARTESIAN_POINT('Ctrl Pts',(30.0570072826929,69.7473750730712,13.));
#5526=CARTESIAN_POINT('Ctrl Pts',(30.0570072826929,69.7473750730712,13.4));
#5527=CARTESIAN_POINT('Ctrl Pts',(31.0980638928003,70.3865014361897,13.));
#5528=CARTESIAN_POINT('Ctrl Pts',(31.0980638928003,70.3865014361897,13.4));
#5529=CARTESIAN_POINT('Ctrl Pts',(32.2249745970952,70.8419841314513,13.));
#5530=CARTESIAN_POINT('Ctrl Pts',(32.2249745970952,70.8419841314513,13.4));
#5531=CARTESIAN_POINT('',(28.9722926462081,69.2031285775064,13.));
#5532=CARTESIAN_POINT('Ctrl Pts',(32.2249745970952,70.8419841314513,13.));
#5533=CARTESIAN_POINT('Ctrl Pts',(31.0980638928003,70.3865014361897,13.));
#5534=CARTESIAN_POINT('Ctrl Pts',(30.0570072826929,69.7473750730712,13.));
#5535=CARTESIAN_POINT('Ctrl Pts',(28.9722926462081,69.2031285775064,13.));
#5536=CARTESIAN_POINT('',(28.9722926462081,69.2031285775064,13.4));
#5537=CARTESIAN_POINT('Ctrl Pts',(28.9722926462081,69.2031285775064,13.4));
#5538=CARTESIAN_POINT('Ctrl Pts',(30.0570072826929,69.7473750730712,13.4));
#5539=CARTESIAN_POINT('Ctrl Pts',(31.0980638928003,70.3865014361897,13.4));
#5540=CARTESIAN_POINT('Ctrl Pts',(32.2249745970952,70.8419841314513,13.4));
#5541=CARTESIAN_POINT('',(28.9722926462081,69.2031285775064,13.));
#5542=CARTESIAN_POINT('Ctrl Pts',(24.9434030677067,66.1268178055643,13.));
#5543=CARTESIAN_POINT('Ctrl Pts',(24.9434030677067,66.1268178055643,13.4));
#5544=CARTESIAN_POINT('Ctrl Pts',(25.6582031063624,67.4362122032999,13.));
#5545=CARTESIAN_POINT('Ctrl Pts',(25.6582031063624,67.4362122032999,13.4));
#5546=CARTESIAN_POINT('Ctrl Pts',(27.6890909326461,68.4964767818013,13.));
#5547=CARTESIAN_POINT('Ctrl Pts',(27.6890909326461,68.4964767818013,13.4));
#5548=CARTESIAN_POINT('Ctrl Pts',(28.9722926462081,69.2031285775064,13.));
#5549=CARTESIAN_POINT('Ctrl Pts',(28.9722926462081,69.2031285775064,13.4));
#5550=CARTESIAN_POINT('',(24.9434030677067,66.1268178055643,13.));
#5551=CARTESIAN_POINT('Ctrl Pts',(28.9722926462081,69.2031285775064,13.));
#5552=CARTESIAN_POINT('Ctrl Pts',(27.6890909326461,68.4964767818013,13.));
#5553=CARTESIAN_POINT('Ctrl Pts',(25.6582031063624,67.4362122032999,13.));
#5554=CARTESIAN_POINT('Ctrl Pts',(24.9434030677067,66.1268178055643,13.));
#5555=CARTESIAN_POINT('',(24.9434030677067,66.1268178055643,13.4));
#5556=CARTESIAN_POINT('Ctrl Pts',(24.9434030677067,66.1268178055643,13.4));
#5557=CARTESIAN_POINT('Ctrl Pts',(25.6582031063624,67.4362122032999,13.4));
#5558=CARTESIAN_POINT('Ctrl Pts',(27.6890909326461,68.4964767818013,13.4));
#5559=CARTESIAN_POINT('Ctrl Pts',(28.9722926462081,69.2031285775064,13.4));
#5560=CARTESIAN_POINT('',(24.9434030677067,66.1268178055643,13.));
#5561=CARTESIAN_POINT('Ctrl Pts',(25.5394558325993,64.6107809822916,13.));
#5562=CARTESIAN_POINT('Ctrl Pts',(25.5394558325993,64.6107809822916,13.4));
#5563=CARTESIAN_POINT('Ctrl Pts',(24.7935176751998,64.6294062989114,13.));
#5564=CARTESIAN_POINT('Ctrl Pts',(24.7935176751998,64.6294062989114,13.4));
#5565=CARTESIAN_POINT('Ctrl Pts',(24.6165656208582,65.5787840734679,13.));
#5566=CARTESIAN_POINT('Ctrl Pts',(24.6165656208582,65.5787840734679,13.4));
#5567=CARTESIAN_POINT('Ctrl Pts',(24.9434030677067,66.1268178055643,13.));
#5568=CARTESIAN_POINT('Ctrl Pts',(24.9434030677067,66.1268178055643,13.4));
#5569=CARTESIAN_POINT('',(25.5394558325993,64.6107809822916,13.));
#5570=CARTESIAN_POINT('Ctrl Pts',(24.9434030677067,66.1268178055643,13.));
#5571=CARTESIAN_POINT('Ctrl Pts',(24.6165656208582,65.5787840734679,13.));
#5572=CARTESIAN_POINT('Ctrl Pts',(24.7935176751998,64.6294062989114,13.));
#5573=CARTESIAN_POINT('Ctrl Pts',(25.5394558325993,64.6107809822916,13.));
#5574=CARTESIAN_POINT('',(25.5394558325993,64.6107809822916,13.4));
#5575=CARTESIAN_POINT('Ctrl Pts',(25.5394558325993,64.6107809822916,13.4));
#5576=CARTESIAN_POINT('Ctrl Pts',(24.7935176751998,64.6294062989114,13.4));
#5577=CARTESIAN_POINT('Ctrl Pts',(24.6165656208582,65.5787840734679,13.4));
#5578=CARTESIAN_POINT('Ctrl Pts',(24.9434030677067,66.1268178055643,13.4));
#5579=CARTESIAN_POINT('',(25.5394558325993,64.6107809822916,13.));
#5580=CARTESIAN_POINT('Ctrl Pts',(27.821514535704,65.7481723130106,13.));
#5581=CARTESIAN_POINT('Ctrl Pts',(27.821514535704,65.7481723130106,13.4));
#5582=CARTESIAN_POINT('Ctrl Pts',(27.2085808567591,65.3052041962503,13.));
#5583=CARTESIAN_POINT('Ctrl Pts',(27.2085808567591,65.3052041962503,13.4));
#5584=CARTESIAN_POINT('Ctrl Pts',(26.320322898029,64.6125253848591,13.));
#5585=CARTESIAN_POINT('Ctrl Pts',(26.320322898029,64.6125253848591,13.4));
#5586=CARTESIAN_POINT('Ctrl Pts',(25.5394558325993,64.6107809822916,13.));
#5587=CARTESIAN_POINT('Ctrl Pts',(25.5394558325993,64.6107809822916,13.4));
#5588=CARTESIAN_POINT('',(27.821514535704,65.7481723130106,13.));
#5589=CARTESIAN_POINT('Ctrl Pts',(25.5394558325993,64.6107809822916,13.));
#5590=CARTESIAN_POINT('Ctrl Pts',(26.320322898029,64.6125253848591,13.));
#5591=CARTESIAN_POINT('Ctrl Pts',(27.2085808567591,65.3052041962503,13.));
#5592=CARTESIAN_POINT('Ctrl Pts',(27.821514535704,65.7481723130106,13.));
#5593=CARTESIAN_POINT('',(27.821514535704,65.7481723130106,13.4));
#5594=CARTESIAN_POINT('Ctrl Pts',(27.821514535704,65.7481723130106,13.4));
#5595=CARTESIAN_POINT('Ctrl Pts',(27.2085808567591,65.3052041962503,13.4));
#5596=CARTESIAN_POINT('Ctrl Pts',(26.320322898029,64.6125253848591,13.4));
#5597=CARTESIAN_POINT('Ctrl Pts',(25.5394558325993,64.6107809822916,13.4));
#5598=CARTESIAN_POINT('',(27.821514535704,65.7481723130106,13.));
#5599=CARTESIAN_POINT('Ctrl Pts',(31.1978891949244,68.4542771612365,13.));
#5600=CARTESIAN_POINT('Ctrl Pts',(31.1978891949244,68.4542771612365,13.4));
#5601=CARTESIAN_POINT('Ctrl Pts',(30.0249916335332,67.6122920563577,13.));
#5602=CARTESIAN_POINT('Ctrl Pts',(30.0249916335332,67.6122920563577,13.4));
#5603=CARTESIAN_POINT('Ctrl Pts',(28.9653079304285,66.6279889265258,13.));
#5604=CARTESIAN_POINT('Ctrl Pts',(28.9653079304285,66.6279889265258,13.4));
#5605=CARTESIAN_POINT('Ctrl Pts',(27.821514535704,65.7481723130106,13.));
#5606=CARTESIAN_POINT('Ctrl Pts',(27.821514535704,65.7481723130106,13.4));
#5607=CARTESIAN_POINT('',(31.1978891949244,68.4542771612365,13.));
#5608=CARTESIAN_POINT('Ctrl Pts',(27.821514535704,65.7481723130106,13.));
#5609=CARTESIAN_POINT('Ctrl Pts',(28.9653079304285,66.6279889265258,13.));
#5610=CARTESIAN_POINT('Ctrl Pts',(30.0249916335332,67.6122920563577,13.));
#5611=CARTESIAN_POINT('Ctrl Pts',(31.1978891949244,68.4542771612365,13.));
#5612=CARTESIAN_POINT('',(31.1978891949244,68.4542771612365,13.4));
#5613=CARTESIAN_POINT('Ctrl Pts',(31.1978891949244,68.4542771612365,13.4));
#5614=CARTESIAN_POINT('Ctrl Pts',(30.0249916335332,67.6122920563577,13.4));
#5615=CARTESIAN_POINT('Ctrl Pts',(28.9653079304285,66.6279889265258,13.4));
#5616=CARTESIAN_POINT('Ctrl Pts',(27.821514535704,65.7481723130106,13.4));
#5617=CARTESIAN_POINT('',(31.1978891949244,68.4542771612365,13.));
#5618=CARTESIAN_POINT('Ctrl Pts',(34.4991746067591,69.4051097888508,13.));
#5619=CARTESIAN_POINT('Ctrl Pts',(34.4991746067591,69.4051097888508,13.4));
#5620=CARTESIAN_POINT('Ctrl Pts',(33.4846037830896,69.9103559194762,13.));
#5621=CARTESIAN_POINT('Ctrl Pts',(33.4846037830896,69.9103559194762,13.4));
#5622=CARTESIAN_POINT('Ctrl Pts',(32.0084395260401,69.0677917155781,13.));
#5623=CARTESIAN_POINT('Ctrl Pts',(32.0084395260401,69.0677917155781,13.4));
#5624=CARTESIAN_POINT('Ctrl Pts',(31.1978891949244,68.4542771612365,13.));
#5625=CARTESIAN_POINT('Ctrl Pts',(31.1978891949244,68.4542771612365,13.4));
#5626=CARTESIAN_POINT('',(34.4991746067591,69.4051097888508,13.));
#5627=CARTESIAN_POINT('Ctrl Pts',(31.1978891949244,68.4542771612365,13.));
#5628=CARTESIAN_POINT('Ctrl Pts',(32.0084395260401,69.0677917155781,13.));
#5629=CARTESIAN_POINT('Ctrl Pts',(33.4846037830896,69.9103559194762,13.));
#5630=CARTESIAN_POINT('Ctrl Pts',(34.4991746067591,69.4051097888508,13.));
#5631=CARTESIAN_POINT('',(34.4991746067591,69.4051097888508,13.4));
#5632=CARTESIAN_POINT('Ctrl Pts',(34.4991746067591,69.4051097888508,13.4));
#5633=CARTESIAN_POINT('Ctrl Pts',(33.4846037830896,69.9103559194762,13.4));
#5634=CARTESIAN_POINT('Ctrl Pts',(32.0084395260401,69.0677917155781,13.4));
#5635=CARTESIAN_POINT('Ctrl Pts',(31.1978891949244,68.4542771612365,13.4));
#5636=CARTESIAN_POINT('',(34.4991746067591,69.4051097888508,13.));
#5637=CARTESIAN_POINT('Ctrl Pts',(35.2759648861475,68.1850636195698,13.));
#5638=CARTESIAN_POINT('Ctrl Pts',(35.2759648861475,68.1850636195698,13.4));
#5639=CARTESIAN_POINT('Ctrl Pts',(35.066123204985,68.6271542059142,13.));
#5640=CARTESIAN_POINT('Ctrl Pts',(35.066123204985,68.6271542059142,13.4));
#5641=CARTESIAN_POINT('Ctrl Pts',(34.9633864203679,69.1527753848591,13.));
#5642=CARTESIAN_POINT('Ctrl Pts',(34.9633864203679,69.1527753848591,13.4));
#5643=CARTESIAN_POINT('Ctrl Pts',(34.4991746067591,69.4051097888508,13.));
#5644=CARTESIAN_POINT('Ctrl Pts',(34.4991746067591,69.4051097888508,13.4));
#5645=CARTESIAN_POINT('',(35.2759648861475,68.1850636195698,13.));
#5646=CARTESIAN_POINT('Ctrl Pts',(34.4991746067591,69.4051097888508,13.));
#5647=CARTESIAN_POINT('Ctrl Pts',(34.9633864203679,69.1527753848591,13.));
#5648=CARTESIAN_POINT('Ctrl Pts',(35.066123204985,68.6271542059142,13.));
#5649=CARTESIAN_POINT('Ctrl Pts',(35.2759648861475,68.1850636195698,13.));
#5650=CARTESIAN_POINT('',(35.2759648861475,68.1850636195698,13.4));
#5651=CARTESIAN_POINT('Ctrl Pts',(35.2759648861475,68.1850636195698,13.4));
#5652=CARTESIAN_POINT('Ctrl Pts',(35.066123204985,68.6271542059142,13.4));
#5653=CARTESIAN_POINT('Ctrl Pts',(34.9633864203679,69.1527753848591,13.4));
#5654=CARTESIAN_POINT('Ctrl Pts',(34.4991746067591,69.4051097888508,13.4));
#5655=CARTESIAN_POINT('',(35.2759648861475,68.1850636195698,13.));
#5656=CARTESIAN_POINT('Ctrl Pts',(36.7404867659795,64.7877348130106,13.));
#5657=CARTESIAN_POINT('Ctrl Pts',(36.7404867659795,64.7877348130106,13.4));
#5658=CARTESIAN_POINT('Ctrl Pts',(36.155491950153,65.8788479607462,13.));
#5659=CARTESIAN_POINT('Ctrl Pts',(36.155491950153,65.8788479607462,13.4));
#5660=CARTESIAN_POINT('Ctrl Pts',(35.7585124668665,67.0482531642476,13.));
#5661=CARTESIAN_POINT('Ctrl Pts',(35.7585124668665,67.0482531642476,13.4));
#5662=CARTESIAN_POINT('Ctrl Pts',(35.2759648861475,68.1850636195698,13.));
#5663=CARTESIAN_POINT('Ctrl Pts',(35.2759648861475,68.1850636195698,13.4));
#5664=CARTESIAN_POINT('',(36.7404867659795,64.7877348130106,13.));
#5665=CARTESIAN_POINT('Ctrl Pts',(35.2759648861475,68.1850636195698,13.));
#5666=CARTESIAN_POINT('Ctrl Pts',(35.7585124668665,67.0482531642476,13.));
#5667=CARTESIAN_POINT('Ctrl Pts',(36.155491950153,65.8788479607462,13.));
#5668=CARTESIAN_POINT('Ctrl Pts',(36.7404867659795,64.7877348130106,13.));
#5669=CARTESIAN_POINT('',(36.7404867659795,64.7877348130106,13.4));
#5670=CARTESIAN_POINT('Ctrl Pts',(36.7404867659795,64.7877348130106,13.4));
#5671=CARTESIAN_POINT('Ctrl Pts',(36.155491950153,65.8788479607462,13.4));
#5672=CARTESIAN_POINT('Ctrl Pts',(35.7585124668665,67.0482531642476,13.4));
#5673=CARTESIAN_POINT('Ctrl Pts',(35.2759648861475,68.1850636195698,13.4));
#5674=CARTESIAN_POINT('',(36.7404867659795,64.7877348130106,13.));
#5675=CARTESIAN_POINT('Ctrl Pts',(36.6843159374781,64.7091532077351,13.));
#5676=CARTESIAN_POINT('Ctrl Pts',(36.6843159374781,64.7091532077351,13.4));
#5677=CARTESIAN_POINT('Ctrl Pts',(36.7393232388086,64.708279230074,13.));
#5678=CARTESIAN_POINT('Ctrl Pts',(36.7393232388086,64.708279230074,13.4));
#5679=CARTESIAN_POINT('Ctrl Pts',(36.7579485554285,64.7344719142475,13.));
#5680=CARTESIAN_POINT('Ctrl Pts',(36.7579485554285,64.7344719142475,13.4));
#5681=CARTESIAN_POINT('Ctrl Pts',(36.7404867659795,64.7877348130106,13.));
#5682=CARTESIAN_POINT('Ctrl Pts',(36.7404867659795,64.7877348130106,13.4));
#5683=CARTESIAN_POINT('',(36.6843159374781,64.7091532077351,13.));
#5684=CARTESIAN_POINT('Ctrl Pts',(36.7404867659795,64.7877348130106,13.));
#5685=CARTESIAN_POINT('Ctrl Pts',(36.7579485554285,64.7344719142475,13.));
#5686=CARTESIAN_POINT('Ctrl Pts',(36.7393232388086,64.708279230074,13.));
#5687=CARTESIAN_POINT('Ctrl Pts',(36.6843159374781,64.7091532077351,13.));
#5688=CARTESIAN_POINT('',(36.6843159374781,64.7091532077351,13.4));
#5689=CARTESIAN_POINT('Ctrl Pts',(36.6843159374781,64.7091532077351,13.4));
#5690=CARTESIAN_POINT('Ctrl Pts',(36.7393232388086,64.708279230074,13.4));
#5691=CARTESIAN_POINT('Ctrl Pts',(36.7579485554285,64.7344719142475,13.4));
#5692=CARTESIAN_POINT('Ctrl Pts',(36.7404867659795,64.7877348130106,13.4));
#5693=CARTESIAN_POINT('',(36.6843159374781,64.7091532077351,13.));
#5694=CARTESIAN_POINT('Ctrl Pts',(34.1982385181971,64.9373306560078,13.));
#5695=CARTESIAN_POINT('Ctrl Pts',(34.1982385181971,64.9373306560078,13.4));
#5696=CARTESIAN_POINT('Ctrl Pts',(35.138594072142,65.2318629041869,13.));
#5697=CARTESIAN_POINT('Ctrl Pts',(35.138594072142,65.2318629041869,13.4));
#5698=CARTESIAN_POINT('Ctrl Pts',(35.8274891997563,65.2042135905781,13.));
#5699=CARTESIAN_POINT('Ctrl Pts',(35.8274891997563,65.2042135905781,13.4));
#5700=CARTESIAN_POINT('Ctrl Pts',(36.6843159374781,64.7091532077351,13.));
#5701=CARTESIAN_POINT('Ctrl Pts',(36.6843159374781,64.7091532077351,13.4));
#5702=CARTESIAN_POINT('',(34.1982385181971,64.9373306560078,13.));
#5703=CARTESIAN_POINT('Ctrl Pts',(36.6843159374781,64.7091532077351,13.));
#5704=CARTESIAN_POINT('Ctrl Pts',(35.8274891997563,65.2042135905781,13.));
#5705=CARTESIAN_POINT('Ctrl Pts',(35.138594072142,65.2318629041869,13.));
#5706=CARTESIAN_POINT('Ctrl Pts',(34.1982385181971,64.9373306560078,13.));
#5707=CARTESIAN_POINT('',(34.1982385181971,64.9373306560078,13.4));
#5708=CARTESIAN_POINT('Ctrl Pts',(34.1982385181971,64.9373306560078,13.4));
#5709=CARTESIAN_POINT('Ctrl Pts',(35.138594072142,65.2318629041869,13.4));
#5710=CARTESIAN_POINT('Ctrl Pts',(35.8274891997563,65.2042135905781,13.4));
#5711=CARTESIAN_POINT('Ctrl Pts',(36.6843159374781,64.7091532077351,13.4));
#5712=CARTESIAN_POINT('',(34.1982385181971,64.9373306560078,13.));
#5713=CARTESIAN_POINT('Ctrl Pts',(28.0188416383651,61.8502514845092,13.));
#5714=CARTESIAN_POINT('Ctrl Pts',(28.0188416383651,61.8502514845092,13.4));
#5715=CARTESIAN_POINT('Ctrl Pts',(30.7246569370813,61.6875584112365,13.));
#5716=CARTESIAN_POINT('Ctrl Pts',(30.7246569370813,61.6875584112365,13.4));
#5717=CARTESIAN_POINT('Ctrl Pts',(31.929859697142,64.1136813182393,13.));
#5718=CARTESIAN_POINT('Ctrl Pts',(31.929859697142,64.1136813182393,13.4));
#5719=CARTESIAN_POINT('Ctrl Pts',(34.1982385181971,64.9373306560078,13.));
#5720=CARTESIAN_POINT('Ctrl Pts',(34.1982385181971,64.9373306560078,13.4));
#5721=CARTESIAN_POINT('',(28.0188416383651,61.8502514845092,13.));
#5722=CARTESIAN_POINT('Ctrl Pts',(34.1982385181971,64.9373306560078,13.));
#5723=CARTESIAN_POINT('Ctrl Pts',(31.929859697142,64.1136813182393,13.));
#5724=CARTESIAN_POINT('Ctrl Pts',(30.7246569370813,61.6875584112365,13.));
#5725=CARTESIAN_POINT('Ctrl Pts',(28.0188416383651,61.8502514845092,13.));
#5726=CARTESIAN_POINT('',(28.0188416383651,61.8502514845092,13.4));
#5727=CARTESIAN_POINT('Ctrl Pts',(28.0188416383651,61.8502514845092,13.4));
#5728=CARTESIAN_POINT('Ctrl Pts',(30.7246569370813,61.6875584112365,13.4));
#5729=CARTESIAN_POINT('Ctrl Pts',(31.929859697142,64.1136813182393,13.4));
#5730=CARTESIAN_POINT('Ctrl Pts',(34.1982385181971,64.9373306560078,13.4));
#5731=CARTESIAN_POINT('',(28.0188416383651,61.8502514845092,13.));
#5732=CARTESIAN_POINT('Ctrl Pts',(25.1090076234725,63.4524355042337,13.));
#5733=CARTESIAN_POINT('Ctrl Pts',(25.1090076234725,63.4524355042337,13.4));
#5734=CARTESIAN_POINT('Ctrl Pts',(25.8025586361475,62.5158618576883,13.));
#5735=CARTESIAN_POINT('Ctrl Pts',(25.8025586361475,62.5158618576883,13.4));
#5736=CARTESIAN_POINT('Ctrl Pts',(26.8596221826461,61.9465844287434,13.));
#5737=CARTESIAN_POINT('Ctrl Pts',(26.8596221826461,61.9465844287434,13.4));
#5738=CARTESIAN_POINT('Ctrl Pts',(28.0188416383651,61.8502514845092,13.));
#5739=CARTESIAN_POINT('Ctrl Pts',(28.0188416383651,61.8502514845092,13.4));
#5740=CARTESIAN_POINT('',(25.1090076234725,63.4524355042337,13.));
#5741=CARTESIAN_POINT('Ctrl Pts',(28.0188416383651,61.8502514845092,13.));
#5742=CARTESIAN_POINT('Ctrl Pts',(26.8596221826461,61.9465844287434,13.));
#5743=CARTESIAN_POINT('Ctrl Pts',(25.8025586361475,62.5158618576883,13.));
#5744=CARTESIAN_POINT('Ctrl Pts',(25.1090076234725,63.4524355042337,13.));
#5745=CARTESIAN_POINT('',(25.1090076234725,63.4524355042337,13.4));
#5746=CARTESIAN_POINT('Ctrl Pts',(25.1090076234725,63.4524355042337,13.4));
#5747=CARTESIAN_POINT('Ctrl Pts',(25.8025586361475,62.5158618576883,13.4));
#5748=CARTESIAN_POINT('Ctrl Pts',(26.8596221826461,61.9465844287434,13.4));
#5749=CARTESIAN_POINT('Ctrl Pts',(28.0188416383651,61.8502514845092,13.4));
#5750=CARTESIAN_POINT('',(25.1090076234725,63.4524355042337,13.));
#5751=CARTESIAN_POINT('Ctrl Pts',(24.8022503463017,63.9303254235147,13.));
#5752=CARTESIAN_POINT('Ctrl Pts',(24.8022503463017,63.9303254235147,13.4));
#5753=CARTESIAN_POINT('Ctrl Pts',(24.8962562361943,63.7661774971842,13.));
#5754=CARTESIAN_POINT('Ctrl Pts',(24.8962562361943,63.7661774971842,13.4));
#5755=CARTESIAN_POINT('Ctrl Pts',(24.9987034713017,63.6069767818013,13.));
#5756=CARTESIAN_POINT('Ctrl Pts',(24.9987034713017,63.6069767818013,13.4));
#5757=CARTESIAN_POINT('Ctrl Pts',(25.1090076234725,63.4524355042337,13.));
#5758=CARTESIAN_POINT('Ctrl Pts',(25.1090076234725,63.4524355042337,13.4));
#5759=CARTESIAN_POINT('',(24.8022503463017,63.9303254235147,13.));
#5760=CARTESIAN_POINT('Ctrl Pts',(25.1090076234725,63.4524355042337,13.));
#5761=CARTESIAN_POINT('Ctrl Pts',(24.9987034713017,63.6069767818013,13.));
#5762=CARTESIAN_POINT('Ctrl Pts',(24.8962562361943,63.7661774971842,13.));
#5763=CARTESIAN_POINT('Ctrl Pts',(24.8022503463017,63.9303254235147,13.));
#5764=CARTESIAN_POINT('',(24.8022503463017,63.9303254235147,13.4));
#5765=CARTESIAN_POINT('Ctrl Pts',(24.8022503463017,63.9303254235147,13.4));
#5766=CARTESIAN_POINT('Ctrl Pts',(24.8962562361943,63.7661774971842,13.4));
#5767=CARTESIAN_POINT('Ctrl Pts',(24.9987034713017,63.6069767818013,13.4));
#5768=CARTESIAN_POINT('Ctrl Pts',(25.1090076234725,63.4524355042337,13.4));
#5769=CARTESIAN_POINT('',(24.8022503463017,63.9303254235147,13.));
#5770=CARTESIAN_POINT('Ctrl Pts',(24.777221189299,63.8651323744018,13.));
#5771=CARTESIAN_POINT('Ctrl Pts',(24.777221189299,63.8651323744018,13.4));
#5772=CARTESIAN_POINT('Ctrl Pts',(24.775475010354,63.891323282198,13.));
#5773=CARTESIAN_POINT('Ctrl Pts',(24.775475010354,63.891323282198,13.4));
#5774=CARTESIAN_POINT('Ctrl Pts',(24.7836232533045,63.913151407198,13.));
#5775=CARTESIAN_POINT('Ctrl Pts',(24.7836232533045,63.913151407198,13.4));
#5776=CARTESIAN_POINT('Ctrl Pts',(24.8022503463017,63.9303254235147,13.));
#5777=CARTESIAN_POINT('Ctrl Pts',(24.8022503463017,63.9303254235147,13.4));
#5778=CARTESIAN_POINT('',(24.777221189299,63.8651323744018,13.));
#5779=CARTESIAN_POINT('Ctrl Pts',(24.8022503463017,63.9303254235147,13.));
#5780=CARTESIAN_POINT('Ctrl Pts',(24.7836232533045,63.913151407198,13.));
#5781=CARTESIAN_POINT('Ctrl Pts',(24.775475010354,63.891323282198,13.));
#5782=CARTESIAN_POINT('Ctrl Pts',(24.777221189299,63.8651323744018,13.));
#5783=CARTESIAN_POINT('',(24.777221189299,63.8651323744018,13.4));
#5784=CARTESIAN_POINT('Ctrl Pts',(24.777221189299,63.8651323744018,13.4));
#5785=CARTESIAN_POINT('Ctrl Pts',(24.775475010354,63.891323282198,13.4));
#5786=CARTESIAN_POINT('Ctrl Pts',(24.7836232533045,63.913151407198,13.4));
#5787=CARTESIAN_POINT('Ctrl Pts',(24.8022503463017,63.9303254235147,13.4));
#5788=CARTESIAN_POINT('',(24.777221189299,63.8651323744018,13.));
#5789=CARTESIAN_POINT('Ctrl Pts',(24.8005041673568,60.2320587520161,13.));
#5790=CARTESIAN_POINT('Ctrl Pts',(24.8005041673568,60.2320587520161,13.4));
#5791=CARTESIAN_POINT('Ctrl Pts',(24.7609229270207,61.4401729945698,13.));
#5792=CARTESIAN_POINT('Ctrl Pts',(24.7609229270207,61.4401729945698,13.4));
#5793=CARTESIAN_POINT('Ctrl Pts',(24.7888635665166,62.6561441541869,13.));
#5794=CARTESIAN_POINT('Ctrl Pts',(24.7888635665166,62.6561441541869,13.4));
#5795=CARTESIAN_POINT('Ctrl Pts',(24.777221189299,63.8651323744018,13.));
#5796=CARTESIAN_POINT('Ctrl Pts',(24.777221189299,63.8651323744018,13.4));
#5797=CARTESIAN_POINT('',(24.8005041673568,60.2320587520161,13.));
#5798=CARTESIAN_POINT('Ctrl Pts',(24.777221189299,63.8651323744018,13.));
#5799=CARTESIAN_POINT('Ctrl Pts',(24.7888635665166,62.6561441541869,13.));
#5800=CARTESIAN_POINT('Ctrl Pts',(24.7609229270207,61.4401729945698,13.));
#5801=CARTESIAN_POINT('Ctrl Pts',(24.8005041673568,60.2320587520161,13.));
#5802=CARTESIAN_POINT('',(24.8005041673568,60.2320587520161,13.4));
#5803=CARTESIAN_POINT('Ctrl Pts',(24.8005041673568,60.2320587520161,13.4));
#5804=CARTESIAN_POINT('Ctrl Pts',(24.7609229270207,61.4401729945698,13.4));
#5805=CARTESIAN_POINT('Ctrl Pts',(24.7888635665166,62.6561441541869,13.4));
#5806=CARTESIAN_POINT('Ctrl Pts',(24.777221189299,63.8651323744018,13.4));
#5807=CARTESIAN_POINT('',(24.8005041673568,60.2320587520161,13.));
#5808=CARTESIAN_POINT('Ctrl Pts',(26.7027520743596,56.5599847646911,13.));
#5809=CARTESIAN_POINT('Ctrl Pts',(26.7027520743596,56.5599847646911,13.4));
#5810=CARTESIAN_POINT('Ctrl Pts',(25.1503368191309,56.8085354849059,13.));
#5811=CARTESIAN_POINT('Ctrl Pts',(25.1503368191309,56.8085354849059,13.4));
#5812=CARTESIAN_POINT('Ctrl Pts',(24.8534739638554,58.9666101537902,13.));
#5813=CARTESIAN_POINT('Ctrl Pts',(24.8534739638554,58.9666101537902,13.4));
#5814=CARTESIAN_POINT('Ctrl Pts',(24.8005041673568,60.2320587520161,13.));
#5815=CARTESIAN_POINT('Ctrl Pts',(24.8005041673568,60.2320587520161,13.4));
#5816=CARTESIAN_POINT('',(26.7027520743596,56.5599847646911,13.));
#5817=CARTESIAN_POINT('Ctrl Pts',(24.8005041673568,60.2320587520161,13.));
#5818=CARTESIAN_POINT('Ctrl Pts',(24.8534739638554,58.9666101537902,13.));
#5819=CARTESIAN_POINT('Ctrl Pts',(25.1503368191309,56.8085354849059,13.));
#5820=CARTESIAN_POINT('Ctrl Pts',(26.7027520743596,56.5599847646911,13.));
#5821=CARTESIAN_POINT('',(26.7027520743596,56.5599847646911,13.4));
#5822=CARTESIAN_POINT('Ctrl Pts',(26.7027520743596,56.5599847646911,13.4));
#5823=CARTESIAN_POINT('Ctrl Pts',(25.1503368191309,56.8085354849059,13.4));
#5824=CARTESIAN_POINT('Ctrl Pts',(24.8534739638554,58.9666101537902,13.4));
#5825=CARTESIAN_POINT('Ctrl Pts',(24.8005041673568,60.2320587520161,13.4));
#5826=CARTESIAN_POINT('',(26.7027520743596,56.5599847646911,13.));
#5827=CARTESIAN_POINT('Ctrl Pts',(32.1984923634119,60.6171063085753,13.));
#5828=CARTESIAN_POINT('Ctrl Pts',(32.1984923634119,60.6171063085753,13.4));
#5829=CARTESIAN_POINT('Ctrl Pts',(31.1102871454147,58.9180049164652,13.));
#5830=CARTESIAN_POINT('Ctrl Pts',(31.1102871454147,58.9180049164652,13.4));
#5831=CARTESIAN_POINT('Ctrl Pts',(28.9129225620813,56.4156292349059,13.));
#5832=CARTESIAN_POINT('Ctrl Pts',(28.9129225620813,56.4156292349059,13.4));
#5833=CARTESIAN_POINT('Ctrl Pts',(26.7027520743596,56.5599847646911,13.));
#5834=CARTESIAN_POINT('Ctrl Pts',(26.7027520743596,56.5599847646911,13.4));
#5835=CARTESIAN_POINT('',(32.1984923634119,60.6171063085753,13.));
#5836=CARTESIAN_POINT('Ctrl Pts',(26.7027520743596,56.5599847646911,13.));
#5837=CARTESIAN_POINT('Ctrl Pts',(28.9129225620813,56.4156292349059,13.));
#5838=CARTESIAN_POINT('Ctrl Pts',(31.1102871454147,58.9180049164652,13.));
#5839=CARTESIAN_POINT('Ctrl Pts',(32.1984923634119,60.6171063085753,13.));
#5840=CARTESIAN_POINT('',(32.1984923634119,60.6171063085753,13.4));
#5841=CARTESIAN_POINT('Ctrl Pts',(32.1984923634119,60.6171063085753,13.4));
#5842=CARTESIAN_POINT('Ctrl Pts',(31.1102871454147,58.9180049164652,13.4));
#5843=CARTESIAN_POINT('Ctrl Pts',(28.9129225620813,56.4156292349059,13.4));
#5844=CARTESIAN_POINT('Ctrl Pts',(26.7027520743596,56.5599847646911,13.4));
#5845=CARTESIAN_POINT('',(32.1984923634119,60.6171063085753,13.));
#5846=CARTESIAN_POINT('Ctrl Pts',(33.3385020743596,63.1480035050272,13.));
#5847=CARTESIAN_POINT('Ctrl Pts',(33.3385020743596,63.1480035050272,13.4));
#5848=CARTESIAN_POINT('Ctrl Pts',(33.0803482581364,62.2495597985147,13.));
#5849=CARTESIAN_POINT('Ctrl Pts',(33.0803482581364,62.2495597985147,13.4));
#5850=CARTESIAN_POINT('Ctrl Pts',(32.7005392384119,61.4058285146911,13.));
#5851=CARTESIAN_POINT('Ctrl Pts',(32.7005392384119,61.4058285146911,13.4));
#5852=CARTESIAN_POINT('Ctrl Pts',(32.1984923634119,60.6171063085753,13.));
#5853=CARTESIAN_POINT('Ctrl Pts',(32.1984923634119,60.6171063085753,13.4));
#5854=CARTESIAN_POINT('',(33.3385020743596,63.1480035050272,13.));
#5855=CARTESIAN_POINT('Ctrl Pts',(32.1984923634119,60.6171063085753,13.));
#5856=CARTESIAN_POINT('Ctrl Pts',(32.7005392384119,61.4058285146911,13.));
#5857=CARTESIAN_POINT('Ctrl Pts',(33.0803482581364,62.2495597985147,13.));
#5858=CARTESIAN_POINT('Ctrl Pts',(33.3385020743596,63.1480035050272,13.));
#5859=CARTESIAN_POINT('',(33.3385020743596,63.1480035050272,13.4));
#5860=CARTESIAN_POINT('Ctrl Pts',(33.3385020743596,63.1480035050272,13.4));
#5861=CARTESIAN_POINT('Ctrl Pts',(33.0803482581364,62.2495597985147,13.4));
#5862=CARTESIAN_POINT('Ctrl Pts',(32.7005392384119,61.4058285146911,13.4));
#5863=CARTESIAN_POINT('Ctrl Pts',(32.1984923634119,60.6171063085753,13.4));
#5864=CARTESIAN_POINT('',(33.3385020743596,63.1480035050272,13.));
#5865=CARTESIAN_POINT('Ctrl Pts',(33.3644052090235,63.1698316300272,13.));
#5866=CARTESIAN_POINT('Ctrl Pts',(33.3644052090235,63.1698316300272,13.4));
#5867=CARTESIAN_POINT('Ctrl Pts',(33.3515993046351,63.1675045756855,13.));
#5868=CARTESIAN_POINT('Ctrl Pts',(33.3515993046351,63.1675045756855,13.4));
#5869=CARTESIAN_POINT('Ctrl Pts',(33.3428684099105,63.1602285340189,13.));
#5870=CARTESIAN_POINT('Ctrl Pts',(33.3428684099105,63.1602285340189,13.4));
#5871=CARTESIAN_POINT('Ctrl Pts',(33.3385020743596,63.1480035050272,13.));
#5872=CARTESIAN_POINT('Ctrl Pts',(33.3385020743596,63.1480035050272,13.4));
#5873=CARTESIAN_POINT('',(33.3644052090235,63.1698316300272,13.));
#5874=CARTESIAN_POINT('Ctrl Pts',(33.3385020743596,63.1480035050272,13.));
#5875=CARTESIAN_POINT('Ctrl Pts',(33.3428684099105,63.1602285340189,13.));
#5876=CARTESIAN_POINT('Ctrl Pts',(33.3515993046351,63.1675045756855,13.));
#5877=CARTESIAN_POINT('Ctrl Pts',(33.3644052090235,63.1698316300272,13.));
#5878=CARTESIAN_POINT('',(33.3644052090235,63.1698316300272,13.4));
#5879=CARTESIAN_POINT('Ctrl Pts',(33.3644052090235,63.1698316300272,13.4));
#5880=CARTESIAN_POINT('Ctrl Pts',(33.3515993046351,63.1675045756855,13.4));
#5881=CARTESIAN_POINT('Ctrl Pts',(33.3428684099105,63.1602285340189,13.4));
#5882=CARTESIAN_POINT('Ctrl Pts',(33.3385020743596,63.1480035050272,13.4));
#5883=CARTESIAN_POINT('',(33.3644052090235,63.1698316300272,13.));
#5884=CARTESIAN_POINT('Ctrl Pts',(36.5032888734725,61.2894118480244,13.));
#5885=CARTESIAN_POINT('Ctrl Pts',(36.5032888734725,61.2894118480244,13.4));
#5886=CARTESIAN_POINT('Ctrl Pts',(35.8691097213017,62.1610837713439,13.));
#5887=CARTESIAN_POINT('Ctrl Pts',(35.8691097213017,62.1610837713439,13.4));
#5888=CARTESIAN_POINT('Ctrl Pts',(34.4430055546351,63.0612754331786,13.));
#5889=CARTESIAN_POINT('Ctrl Pts',(34.4430055546351,63.0612754331786,13.4));
#5890=CARTESIAN_POINT('Ctrl Pts',(33.3644052090235,63.1698316300272,13.));
#5891=CARTESIAN_POINT('Ctrl Pts',(33.3644052090235,63.1698316300272,13.4));
#5892=CARTESIAN_POINT('',(36.5032888734725,61.2894118480244,13.));
#5893=CARTESIAN_POINT('Ctrl Pts',(33.3644052090235,63.1698316300272,13.));
#5894=CARTESIAN_POINT('Ctrl Pts',(34.4430055546351,63.0612754331786,13.));
#5895=CARTESIAN_POINT('Ctrl Pts',(35.8691097213017,62.1610837713439,13.));
#5896=CARTESIAN_POINT('Ctrl Pts',(36.5032888734725,61.2894118480244,13.));
#5897=CARTESIAN_POINT('',(36.5032888734725,61.2894118480244,13.4));
#5898=CARTESIAN_POINT('Ctrl Pts',(36.5032888734725,61.2894118480244,13.4));
#5899=CARTESIAN_POINT('Ctrl Pts',(35.8691097213017,62.1610837713439,13.4));
#5900=CARTESIAN_POINT('Ctrl Pts',(34.4430055546351,63.0612754331786,13.4));
#5901=CARTESIAN_POINT('Ctrl Pts',(33.3644052090235,63.1698316300272,13.4));
#5902=CARTESIAN_POINT('',(36.5032888734725,61.2894118480244,13.));
#5903=CARTESIAN_POINT('Ctrl Pts',(35.2745100330896,58.1295740362365,13.));
#5904=CARTESIAN_POINT('Ctrl Pts',(35.2745100330896,58.1295740362365,13.4));
#5905=CARTESIAN_POINT('Ctrl Pts',(35.9535107388086,58.7637514120299,13.));
#5906=CARTESIAN_POINT('Ctrl Pts',(35.9535107388086,58.7637514120299,13.4));
#5907=CARTESIAN_POINT('Ctrl Pts',(37.1371784761337,60.357787188804,13.));
#5908=CARTESIAN_POINT('Ctrl Pts',(37.1371784761337,60.357787188804,13.4));
#5909=CARTESIAN_POINT('Ctrl Pts',(36.5032888734725,61.2894118480244,13.));
#5910=CARTESIAN_POINT('Ctrl Pts',(36.5032888734725,61.2894118480244,13.4));
#5911=CARTESIAN_POINT('',(35.2745100330896,58.1295740362365,13.));
#5912=CARTESIAN_POINT('Ctrl Pts',(36.5032888734725,61.2894118480244,13.));
#5913=CARTESIAN_POINT('Ctrl Pts',(37.1371784761337,60.357787188804,13.));
#5914=CARTESIAN_POINT('Ctrl Pts',(35.9535107388086,58.7637514120299,13.));
#5915=CARTESIAN_POINT('Ctrl Pts',(35.2745100330896,58.1295740362365,13.));
#5916=CARTESIAN_POINT('',(35.2745100330896,58.1295740362365,13.4));
#5917=CARTESIAN_POINT('Ctrl Pts',(35.2745100330896,58.1295740362365,13.4));
#5918=CARTESIAN_POINT('Ctrl Pts',(35.9535107388086,58.7637514120299,13.4));
#5919=CARTESIAN_POINT('Ctrl Pts',(37.1371784761337,60.357787188804,13.4));
#5920=CARTESIAN_POINT('Ctrl Pts',(36.5032888734725,61.2894118480244,13.4));
#5921=CARTESIAN_POINT('',(35.2745100330896,58.1295740362365,13.));
#5922=CARTESIAN_POINT('Ctrl Pts',(26.9437336506434,56.2185934581318,13.));
#5923=CARTESIAN_POINT('Ctrl Pts',(26.9437336506434,56.2185934581318,13.4));
#5924=CARTESIAN_POINT('Ctrl Pts',(29.7700406256902,55.5797584209004,13.));
#5925=CARTESIAN_POINT('Ctrl Pts',(29.7700406256902,55.5797584209004,13.4));
#5926=CARTESIAN_POINT('Ctrl Pts',(33.0838406160263,56.1417580318013,13.));
#5927=CARTESIAN_POINT('Ctrl Pts',(33.0838406160263,56.1417580318013,13.4));
#5928=CARTESIAN_POINT('Ctrl Pts',(35.2745100330896,58.1295740362365,13.));
#5929=CARTESIAN_POINT('Ctrl Pts',(35.2745100330896,58.1295740362365,13.4));
#5930=CARTESIAN_POINT('',(26.9437336506434,56.2185934581318,13.));
#5931=CARTESIAN_POINT('Ctrl Pts',(35.2745100330896,58.1295740362365,13.));
#5932=CARTESIAN_POINT('Ctrl Pts',(33.0838406160263,56.1417580318013,13.));
#5933=CARTESIAN_POINT('Ctrl Pts',(29.7700406256902,55.5797584209004,13.));
#5934=CARTESIAN_POINT('Ctrl Pts',(26.9437336506434,56.2185934581318,13.));
#5935=CARTESIAN_POINT('',(26.9437336506434,56.2185934581318,13.4));
#5936=CARTESIAN_POINT('Ctrl Pts',(26.9437336506434,56.2185934581318,13.4));
#5937=CARTESIAN_POINT('Ctrl Pts',(29.7700406256902,55.5797584209004,13.4));
#5938=CARTESIAN_POINT('Ctrl Pts',(33.0838406160263,56.1417580318013,13.4));
#5939=CARTESIAN_POINT('Ctrl Pts',(35.2745100330896,58.1295740362365,13.4));
#5940=CARTESIAN_POINT('',(26.9437336506434,56.2185934581318,13.));
#5941=CARTESIAN_POINT('Ctrl Pts',(20.1263757112411,63.4474865169087,13.));
#5942=CARTESIAN_POINT('Ctrl Pts',(20.1263757112411,63.4474865169087,13.4));
#5943=CARTESIAN_POINT('Ctrl Pts',(20.8082861230758,59.8426448599059,13.));
#5944=CARTESIAN_POINT('Ctrl Pts',(20.8082861230758,59.8426448599059,13.4));
#5945=CARTESIAN_POINT('Ctrl Pts',(23.3351100862411,57.0384591121235,13.));
#5946=CARTESIAN_POINT('Ctrl Pts',(23.3351100862411,57.0384591121235,13.4));
#5947=CARTESIAN_POINT('Ctrl Pts',(26.9437336506434,56.2185934581318,13.));
#5948=CARTESIAN_POINT('Ctrl Pts',(26.9437336506434,56.2185934581318,13.4));
#5949=CARTESIAN_POINT('Ctrl Pts',(26.9437336506434,56.2185934581318,13.));
#5950=CARTESIAN_POINT('Ctrl Pts',(23.3351100862411,57.0384591121235,13.));
#5951=CARTESIAN_POINT('Ctrl Pts',(20.8082861230758,59.8426448599059,13.));
#5952=CARTESIAN_POINT('Ctrl Pts',(20.1263757112411,63.4474865169087,13.));
#5953=CARTESIAN_POINT('Ctrl Pts',(20.1263757112411,63.4474865169087,13.4));
#5954=CARTESIAN_POINT('Ctrl Pts',(20.8082861230758,59.8426448599059,13.4));
#5955=CARTESIAN_POINT('Ctrl Pts',(23.3351100862411,57.0384591121235,13.4));
#5956=CARTESIAN_POINT('Ctrl Pts',(26.9437336506434,56.2185934581318,13.4));
#5957=CARTESIAN_POINT('Origin',(28.5272932419367,65.774801097826,13.4));
#5958=CARTESIAN_POINT('Origin',(47.9989959407021,45.6764144947244,13.));
#5959=CARTESIAN_POINT('Origin',(47.9989959407021,45.6764144947244,10.));
#5960=CARTESIAN_POINT('',(47.2138771484198,88.2754104793343,10.));
#5961=CARTESIAN_POINT('',(46.7134537884527,87.0708292721559,10.));
#5962=CARTESIAN_POINT('Origin',(48.4134537884527,87.0708292721559,10.));
#5963=CARTESIAN_POINT('',(49.5468299764392,88.3378961277342,10.));
#5964=CARTESIAN_POINT('Origin',(48.4134537884527,87.0708292721559,10.));
#5965=CARTESIAN_POINT('',(59.2723536856438,84.7711013689372,10.));
#5966=CARTESIAN_POINT('Origin',(48.8344436290591,71.3528289895196,10.));
#5967=CARTESIAN_POINT('',(86.4359738978957,63.6408532587838,10.));
#5968=CARTESIAN_POINT('',(78.8157267145722,69.5685503914251,10.));
#5969=CARTESIAN_POINT('',(90.7226411499185,58.7188637772394,10.));
#5970=CARTESIAN_POINT('Origin',(75.998063841248,50.2225808792852,10.));
#5971=CARTESIAN_POINT('',(89.2840606587696,59.0381142267783,10.));
#5972=CARTESIAN_POINT('Origin',(88.9976867677252,54.346846807996,10.));
#5973=CARTESIAN_POINT('',(89.4652530798356,59.2936395883615,10.));
#5974=CARTESIAN_POINT('',(75.0339336281413,38.9419709075021,10.));
#5975=CARTESIAN_POINT('',(53.5626843374698,84.7318846857522,10.));
#5976=CARTESIAN_POINT('',(77.6491669781269,67.6657562606832,10.));
#5977=CARTESIAN_POINT('',(43.1474002939067,70.0321537961679,10.));
#5978=CARTESIAN_POINT('',(42.5540719943325,69.1947530784884,10.));
#5979=CARTESIAN_POINT('',(67.1278382432905,53.2267619869792,10.));
#5980=CARTESIAN_POINT('',(51.7323622926802,64.0158479071385,10.));
#5981=CARTESIAN_POINT('',(48.103898337572,53.2267619869792,10.));
#5982=CARTESIAN_POINT('',(56.5514471391371,53.2267619869792,10.));
#5983=CARTESIAN_POINT('',(48.103898337572,33.2267619869792,10.));
#5984=CARTESIAN_POINT('',(48.103898337572,47.9515882408518,10.));
#5985=CARTESIAN_POINT('',(68.103898337572,33.2267619869792,10.));
#5986=CARTESIAN_POINT('',(49.5514471391371,33.2267619869792,10.));
#5987=CARTESIAN_POINT('',(68.103898337572,52.5427431067429,10.));
#5988=CARTESIAN_POINT('',(68.103898337572,40.9515882408518,10.));
#5989=CARTESIAN_POINT('',(77.2081779204436,46.1625016009998,10.));
#5990=CARTESIAN_POINT('',(51.7323622926802,64.0158479071385,10.));
#5991=CARTESIAN_POINT('',(70.0102942463561,46.1625016009998,10.));
#5992=CARTESIAN_POINT('',(67.5046450935291,46.1625016009998,10.));
#5993=CARTESIAN_POINT('',(70.0102942463561,26.1625016009998,10.));
#5994=CARTESIAN_POINT('',(70.0102942463561,44.4194580478621,10.));
#5995=CARTESIAN_POINT('',(90.0102942463561,26.1625016009998,10.));
#5996=CARTESIAN_POINT('',(60.5046450935291,26.1625016009998,10.));
#5997=CARTESIAN_POINT('',(90.0102942463561,46.1625016009998,10.));
#5998=CARTESIAN_POINT('',(90.0102942463561,37.4194580478621,10.));
#5999=CARTESIAN_POINT('',(80.1539946257257,46.1625016009998,10.));
#6000=CARTESIAN_POINT('',(67.5046450935291,46.1625016009998,10.));
#6001=CARTESIAN_POINT('',(84.6653276214615,52.5245778301046,10.));
#6002=CARTESIAN_POINT('',(75.0339336281413,38.9419709075021,10.));
#6003=CARTESIAN_POINT('',(92.9275918591293,51.7688929735458,10.));
#6004=CARTESIAN_POINT('Origin',(88.9976867677252,54.346846807996,10.));
#6005=CARTESIAN_POINT('',(92.9980638286462,50.2232362748821,10.));
#6006=CARTESIAN_POINT('Origin',(75.998063841248,50.2225808792852,10.));
#6007=CARTESIAN_POINT('',(92.9996760884245,8.40358362707989,10.));
#6008=CARTESIAN_POINT('',(92.9991194924126,22.8408673678426,10.));
#6009=CARTESIAN_POINT('',(85.5016522163867,3.00329632025491,10.));
#6010=CARTESIAN_POINT('Origin',(89.7548091714889,5.00346029234965,10.));
#6011=CARTESIAN_POINT('',(10.724578694062,3.00041346350358,10.));
#6012=CARTESIAN_POINT('',(24.0002627507786,3.000925276732,10.));
#6013=CARTESIAN_POINT('',(2.99968884233843,8.07103094476129,10.));
#6014=CARTESIAN_POINT('Origin',(6.38889846296376,4.81476649796637,10.));
#6015=CARTESIAN_POINT('',(2.99799196538072,52.0855290524621,10.));
#6016=CARTESIAN_POINT('',(2.9981155431016,48.880104323655,10.));
#6017=CARTESIAN_POINT('',(3.08427935775773,53.7968352757017,10.));
#6018=CARTESIAN_POINT('Origin',(19.9979919528418,52.086184448059,10.));
#6019=CARTESIAN_POINT('',(6.31479299746071,62.1742995520156,10.));
#6020=CARTESIAN_POINT('Origin',(5.9975797968097,57.4850164740459,10.));
#6021=CARTESIAN_POINT('',(10.5537237945171,66.2214523605138,10.));
#6022=CARTESIAN_POINT('Origin',(19.9979919528418,52.086184448059,10.));
#6023=CARTESIAN_POINT('',(19.1764653407997,71.9826083518527,10.));
#6024=CARTESIAN_POINT('',(33.1710434789303,81.3328767385366,10.));
#6025=CARTESIAN_POINT('',(21.9541912697033,67.8251766129185,10.));
#6026=CARTESIAN_POINT('',(28.8666897889626,57.4792168332769,10.));
#6027=CARTESIAN_POINT('',(36.9209455298662,77.8249899569713,10.));
#6028=CARTESIAN_POINT('',(29.5836029078613,72.9226540606236,10.));
#6029=CARTESIAN_POINT('',(34.1432196009626,81.9824216959055,10.));
#6030=CARTESIAN_POINT('',(43.8334440491255,67.4790301773297,10.));
#6031=CARTESIAN_POINT('',(39.3901754708264,85.4880969018368,10.));
#6032=CARTESIAN_POINT('',(33.1710434789303,81.3328767385366,10.));
#6033=CARTESIAN_POINT('Origin',(48.8344436290591,71.3528289895196,10.));
#6034=CARTESIAN_POINT('',(8.10389833757203,52.9741799855324,10.));
#6035=CARTESIAN_POINT('',(27.3461523332318,52.9741799855324,10.));
#6036=CARTESIAN_POINT('',(36.5514471391371,52.9741799855324,10.));
#6037=CARTESIAN_POINT('',(8.10389833757203,32.9741799855324,10.));
#6038=CARTESIAN_POINT('',(8.10389833757204,47.8252972401284,10.));
#6039=CARTESIAN_POINT('',(28.103898337572,32.9741799855324,10.));
#6040=CARTESIAN_POINT('',(29.5514471391371,32.9741799855324,10.));
#6041=CARTESIAN_POINT('',(28.103898337572,33.2267619869792,10.));
#6042=CARTESIAN_POINT('',(28.103898337572,40.8252972401284,10.));
#6043=CARTESIAN_POINT('',(47.3461523332318,33.2267619869792,10.));
#6044=CARTESIAN_POINT('',(39.1725741369669,33.2267619869792,10.));
#6045=CARTESIAN_POINT('',(47.3461523332318,53.2267619869792,10.));
#6046=CARTESIAN_POINT('',(47.3461523332318,40.9515882408518,10.));
#6047=CARTESIAN_POINT('',(27.3461523332318,53.2267619869792,10.));
#6048=CARTESIAN_POINT('',(46.1725741369669,53.2267619869792,10.));
#6049=CARTESIAN_POINT('',(27.3461523332318,47.9515882408518,10.));
#6050=CARTESIAN_POINT('',(68.103898337572,10.1957779696181,10.));
#6051=CARTESIAN_POINT('',(28.3564803390188,10.1957779696181,10.));
#6052=CARTESIAN_POINT('',(49.5514471391371,10.1957779696181,10.));
#6053=CARTESIAN_POINT('',(68.103898337572,30.1957779696181,10.));
#6054=CARTESIAN_POINT('',(68.103898337572,29.4360962321713,10.));
#6055=CARTESIAN_POINT('',(28.3564803390188,30.1957779696181,10.));
#6056=CARTESIAN_POINT('',(46.6777381398605,30.1957779696181,10.));
#6057=CARTESIAN_POINT('',(28.3564803390188,36.4360962321713,10.));
#6058=CARTESIAN_POINT('',(7.85131633612528,9.94319596817139,10.));
#6059=CARTESIAN_POINT('',(7.85131633612528,29.9431959681714,10.));
#6060=CARTESIAN_POINT('',(7.85131633612528,36.3098052314479,10.));
#6061=CARTESIAN_POINT('',(27.8513163361253,9.94319596817139,10.));
#6062=CARTESIAN_POINT('',(29.4251561384137,9.94319596817139,10.));
#6063=CARTESIAN_POINT('',(27.8513163361253,29.9431959681714,10.));
#6064=CARTESIAN_POINT('',(27.8513163361253,29.3098052314479,10.));
#6065=CARTESIAN_POINT('',(36.4251561384137,29.9431959681714,10.));
#6066=CARTESIAN_POINT('',(73.4663187404759,16.4252187381244,10.));
#6067=CARTESIAN_POINT('Origin',(79.9663187404759,16.4252187381244,10.));
#6068=CARTESIAN_POINT('Origin',(48.8344436290591,71.3528289895196,0.));
#6069=CARTESIAN_POINT('',(49.5468299764392,88.3378961277342,6.));
#6070=CARTESIAN_POINT('',(49.5468299764393,88.3378961277342,3.));
#6071=CARTESIAN_POINT('',(53.0531925187494,87.8210455840185,6.));
#6072=CARTESIAN_POINT('Origin',(48.8344436290591,71.3528289895196,6.));
#6073=CARTESIAN_POINT('',(53.0531925187494,87.8210455840185,0.));
#6074=CARTESIAN_POINT('',(53.0531925187494,87.8210455840185,0.));
#6075=CARTESIAN_POINT('',(59.2723536856438,84.7711013689372,0.));
#6076=CARTESIAN_POINT('Origin',(48.8344436290591,71.3528289895196,0.));
#6077=CARTESIAN_POINT('',(59.2723536856438,84.7711013689372,0.));
#6078=CARTESIAN_POINT('Origin',(48.8344436290591,71.3528289895196,0.));
#6079=CARTESIAN_POINT('',(47.2138771484198,88.2754104793343,6.));
#6080=CARTESIAN_POINT('',(47.2138771484198,88.2754104793343,3.));
#6081=CARTESIAN_POINT('',(39.3901754708264,85.4880969018368,0.));
#6082=CARTESIAN_POINT('',(39.3901754708264,85.4880969018368,0.));
#6083=CARTESIAN_POINT('',(43.7402085127155,87.5716072596916,0.));
#6084=CARTESIAN_POINT('Origin',(48.8344436290591,71.3528289895196,0.));
#6085=CARTESIAN_POINT('',(43.7402085127155,87.5716072596916,6.));
#6086=CARTESIAN_POINT('',(43.7402085127155,87.5716072596916,0.));
#6087=CARTESIAN_POINT('Origin',(48.8344436290591,71.3528289895196,6.));
#6088=CARTESIAN_POINT('Origin',(2.99799196538072,52.0855290524621,0.));
#6089=CARTESIAN_POINT('',(2.99968884233843,8.0710309447613,0.));
#6090=CARTESIAN_POINT('',(2.99968884233843,8.0710309447613,0.));
#6091=CARTESIAN_POINT('',(2.99799196538072,52.0855290524621,0.));
#6092=CARTESIAN_POINT('',(2.9982989603208,44.1225308231587,0.));
#6093=CARTESIAN_POINT('',(2.99799196538072,52.0855290524621,0.));
#6094=CARTESIAN_POINT('Origin',(-0.000115658046512914,2.99999999777054,
0.));
#6095=CARTESIAN_POINT('',(10.724578694062,3.00041346350358,0.));
#6096=CARTESIAN_POINT('',(10.724578694062,3.00041346350358,0.));
#6097=CARTESIAN_POINT('',(85.5016522163867,3.00329632025491,0.));
#6098=CARTESIAN_POINT('',(85.5016522163867,3.00329632025491,0.));
#6099=CARTESIAN_POINT('',(40.0057284863864,3.00154233036597,0.));
#6100=CARTESIAN_POINT('Origin',(19.9979919528418,52.086184448059,0.));
#6101=CARTESIAN_POINT('',(3.08427935775773,53.7968352757017,0.));
#6102=CARTESIAN_POINT('',(3.08427935775773,53.7968352757017,0.));
#6103=CARTESIAN_POINT('Origin',(19.9979919528418,52.086184448059,0.));
#6104=CARTESIAN_POINT('Origin',(19.9979919528418,52.086184448059,0.));
#6105=CARTESIAN_POINT('',(6.31479299746071,62.1742995520156,0.));
#6106=CARTESIAN_POINT('',(6.31479299746071,62.1742995520156,0.));
#6107=CARTESIAN_POINT('',(10.5537237945171,66.2214523605138,0.));
#6108=CARTESIAN_POINT('Origin',(19.9979919528418,52.086184448059,0.));
#6109=CARTESIAN_POINT('',(10.5537237945171,66.2214523605138,0.));
#6110=CARTESIAN_POINT('Origin',(75.998063841248,50.2225808792852,0.));
#6111=CARTESIAN_POINT('',(92.9275918591293,51.7688929735458,0.));
#6112=CARTESIAN_POINT('',(92.9275918591293,51.7688929735458,0.));
#6113=CARTESIAN_POINT('',(92.9980638286462,50.2232362748821,0.));
#6114=CARTESIAN_POINT('Origin',(75.998063841248,50.2225808792852,0.));
#6115=CARTESIAN_POINT('',(92.9980638286462,50.2232362748821,0.));
#6116=CARTESIAN_POINT('Origin',(75.998063841248,50.2225808792852,0.));
#6117=CARTESIAN_POINT('',(90.7226411499185,58.7188637772394,0.));
#6118=CARTESIAN_POINT('',(90.7226411499185,58.7188637772394,0.));
#6119=CARTESIAN_POINT('',(86.4359738978957,63.6408532587838,0.));
#6120=CARTESIAN_POINT('',(86.4359738978957,63.6408532587838,0.));
#6121=CARTESIAN_POINT('Origin',(75.998063841248,50.2225808792852,0.));
#6122=CARTESIAN_POINT('Origin',(88.9976867677252,54.346846807996,0.));
#6123=CARTESIAN_POINT('',(84.6653276214615,52.5245778301046,0.));
#6124=CARTESIAN_POINT('',(84.6653276214615,52.5245778301046,0.));
#6125=CARTESIAN_POINT('Origin',(88.9976867677252,54.346846807996,0.));
#6126=CARTESIAN_POINT('Origin',(92.9999999308866,0.00358539944189485,0.));
#6127=CARTESIAN_POINT('',(92.9996760884245,8.40358362707991,0.));
#6128=CARTESIAN_POINT('',(92.9996760884245,8.4035836270799,0.));
#6129=CARTESIAN_POINT('',(92.9993029096318,18.0832938673464,0.));
#6130=CARTESIAN_POINT('Origin',(88.9976867677252,54.346846807996,0.));
#6131=CARTESIAN_POINT('',(89.2840606587697,59.0381142267783,0.));
#6132=CARTESIAN_POINT('Origin',(88.9976867677252,54.346846807996,0.));
#6133=CARTESIAN_POINT('',(89.2840606587697,59.0381142267783,0.));
#6134=CARTESIAN_POINT('Origin',(80.9017801138302,47.2170609258901,0.));
#6135=CARTESIAN_POINT('',(80.1539946257257,46.1625016009998,0.));
#6136=CARTESIAN_POINT('',(80.1539946257257,46.1625016009998,0.));
#6137=CARTESIAN_POINT('',(78.1446231814589,43.328799386356,0.));
#6138=CARTESIAN_POINT('Origin',(45.6169159835883,68.3015274067902,0.));
#6139=CARTESIAN_POINT('',(77.2081779204437,46.1625016009998,0.));
#6140=CARTESIAN_POINT('',(77.2081779204436,46.1625016009998,0.));
#6141=CARTESIAN_POINT('',(68.103898337572,52.5427431067429,0.));
#6142=CARTESIAN_POINT('',(68.103898337572,52.5427431067429,0.));
#6143=CARTESIAN_POINT('',(64.7020571512073,54.9267393511052,0.));
#6144=CARTESIAN_POINT('Origin',(80.9017801138302,47.2170609258901,0.));
#6145=CARTESIAN_POINT('',(89.4652530798356,59.2936395883615,0.));
#6146=CARTESIAN_POINT('',(78.1446231814589,43.328799386356,0.));
#6147=CARTESIAN_POINT('',(89.4652530798356,59.2936395883615,0.));
#6148=CARTESIAN_POINT('Origin',(87.0102942463561,46.1625016009998,0.));
#6149=CARTESIAN_POINT('',(70.0102942463561,46.1625016009998,0.));
#6150=CARTESIAN_POINT('',(83.5102942463561,46.1625016009998,0.));
#6151=CARTESIAN_POINT('',(70.0102942463561,46.1625016009998,0.));
#6152=CARTESIAN_POINT('Origin',(65.103898337572,30.1957779696181,0.));
#6153=CARTESIAN_POINT('',(28.3564803390188,30.1957779696181,0.));
#6154=CARTESIAN_POINT('',(68.103898337572,30.1957779696181,0.));
#6155=CARTESIAN_POINT('',(72.5570962919641,30.1957779696181,0.));
#6156=CARTESIAN_POINT('',(28.3564803390188,30.1957779696181,0.));
#6157=CARTESIAN_POINT('',(68.103898337572,30.1957779696181,0.));
#6158=CARTESIAN_POINT('Origin',(31.3564803390188,10.1957779696181,0.));
#6159=CARTESIAN_POINT('',(68.103898337572,10.1957779696181,0.));
#6160=CARTESIAN_POINT('',(28.3564803390188,10.1957779696181,0.));
#6161=CARTESIAN_POINT('',(55.6833872926875,10.1957779696181,0.));
#6162=CARTESIAN_POINT('',(68.103898337572,10.1957779696181,0.));
#6163=CARTESIAN_POINT('',(28.3564803390188,10.1957779696181,0.));
#6164=CARTESIAN_POINT('Origin',(25.103898337572,52.9741799855324,0.));
#6165=CARTESIAN_POINT('',(27.3461523332318,52.9741799855324,0.));
#6166=CARTESIAN_POINT('',(27.3461523332318,52.9741799855324,0.));
#6167=CARTESIAN_POINT('',(8.10389833757203,52.9741799855324,0.));
#6168=CARTESIAN_POINT('',(52.5570962919641,52.9741799855324,0.));
#6169=CARTESIAN_POINT('',(8.10389833757203,52.9741799855324,0.));
#6170=CARTESIAN_POINT('Origin',(28.103898337572,35.9741799855324,0.));
#6171=CARTESIAN_POINT('',(28.103898337572,33.2267619869792,0.));
#6172=CARTESIAN_POINT('',(28.103898337572,33.2267619869792,0.));
#6173=CARTESIAN_POINT('',(28.103898337572,32.9741799855324,0.));
#6174=CARTESIAN_POINT('',(28.103898337572,32.9741799855324,0.));
#6175=CARTESIAN_POINT('',(28.103898337572,36.0683407932661,0.));
#6176=CARTESIAN_POINT('Origin',(45.6169159835883,68.3015274067902,0.));
#6177=CARTESIAN_POINT('',(67.1278382432905,53.2267619869792,0.));
#6178=CARTESIAN_POINT('',(67.1278382432905,53.2267619869792,0.));
#6179=CARTESIAN_POINT('',(43.1474002939067,70.0321537961679,0.));
#6180=CARTESIAN_POINT('',(43.1474002939067,70.032153796168,0.));
#6181=CARTESIAN_POINT('',(64.7020571512073,54.9267393511052,0.));
#6182=CARTESIAN_POINT('Origin',(39.3901754708264,85.4880969018368,0.));
#6183=CARTESIAN_POINT('',(19.1764653407997,71.9826083518527,-1.11022302462516E-15));
#6184=CARTESIAN_POINT('',(42.0394893684261,87.2581964174223,0.));
#6185=CARTESIAN_POINT('',(19.1764653407997,71.9826083518527,4.39404727454975));
#6186=CARTESIAN_POINT('Origin',(32.4765840436205,84.4768807392659,2.7880945490995));
#6187=CARTESIAN_POINT('',(34.1432196009626,81.9824216959055,1.73472347597681E-17));
#6188=CARTESIAN_POINT('',(36.9209455298662,77.8249899569713,0.));
#6189=CARTESIAN_POINT('',(50.9706473124567,56.7967540515817,0.));
#6190=CARTESIAN_POINT('',(34.1432196009626,81.9824216959055,1.39404727454975));
#6191=CARTESIAN_POINT('',(36.9209455298662,77.8249899569713,4.28809454909949));
#6192=CARTESIAN_POINT('Origin',(17.5098297834576,74.4770673952132,8.7880945490995));
#6193=CARTESIAN_POINT('',(21.9541912697033,67.8251766129186,0.));
#6194=CARTESIAN_POINT('',(36.0038930522938,46.7969407075289,0.));
#6195=CARTESIAN_POINT('',(21.9541912697033,67.8251766129185,7.28809454909949));
#6196=CARTESIAN_POINT('Origin',(29.4375683997847,72.8250832849449,5.78809454909949));
#6197=CARTESIAN_POINT('',(38.452048797357,78.8479737395093,0.));
#6198=CARTESIAN_POINT('Origin',(48.4134537884527,87.0708292721559,0.));
#6199=CARTESIAN_POINT('Origin',(48.4134537884527,87.0708292721559,0.));
#6200=CARTESIAN_POINT('Origin',(48.4134537884527,87.0708292721559,6.));
#6201=CARTESIAN_POINT('Origin',(48.4134537884527,87.0708292721559,6.));
#6202=CARTESIAN_POINT('',(46.7134537884527,87.0708292721559,6.));
#6203=CARTESIAN_POINT('Origin',(48.4134537884527,87.0708292721559,6.));
#6204=CARTESIAN_POINT('Origin',(48.4134537884527,87.0708292721559,6.));
#6205=CARTESIAN_POINT('Origin',(68.103898337572,36.2267619869792,0.));
#6206=CARTESIAN_POINT('',(68.103898337572,33.2267619869792,0.));
#6207=CARTESIAN_POINT('',(68.103898337572,33.2267619869792,0.));
#6208=CARTESIAN_POINT('',(68.103898337572,36.1946317939895,0.));
#6209=CARTESIAN_POINT('Origin',(51.103898337572,33.2267619869792,0.));
#6210=CARTESIAN_POINT('',(48.103898337572,33.2267619869792,0.));
#6211=CARTESIAN_POINT('',(65.5570962919641,33.2267619869792,0.));
#6212=CARTESIAN_POINT('',(48.103898337572,33.2267619869792,0.));
#6213=CARTESIAN_POINT('Origin',(48.103898337572,50.2267619869792,0.));
#6214=CARTESIAN_POINT('',(48.103898337572,53.2267619869792,0.));
#6215=CARTESIAN_POINT('',(48.103898337572,43.1946317939895,0.));
#6216=CARTESIAN_POINT('',(48.103898337572,53.2267619869792,0.));
#6217=CARTESIAN_POINT('Origin',(65.103898337572,53.2267619869792,0.));
#6218=CARTESIAN_POINT('',(72.5570962919641,53.2267619869792,0.));
#6219=CARTESIAN_POINT('Origin',(47.3461523332318,36.2267619869792,0.));
#6220=CARTESIAN_POINT('',(47.3461523332318,53.2267619869792,0.));
#6221=CARTESIAN_POINT('',(47.3461523332318,33.2267619869792,0.));
#6222=CARTESIAN_POINT('',(47.3461523332318,36.1946317939895,0.));
#6223=CARTESIAN_POINT('',(47.3461523332318,53.2267619869792,0.));
#6224=CARTESIAN_POINT('',(47.3461523332318,33.2267619869792,0.));
#6225=CARTESIAN_POINT('Origin',(30.3461523332318,33.2267619869792,0.));
#6226=CARTESIAN_POINT('',(55.1782232897939,33.2267619869792,0.));
#6227=CARTESIAN_POINT('Origin',(27.3461523332318,50.2267619869792,0.));
#6228=CARTESIAN_POINT('',(27.3461523332318,53.2267619869792,0.));
#6229=CARTESIAN_POINT('',(27.3461523332318,53.2267619869792,0.));
#6230=CARTESIAN_POINT('',(27.3461523332318,43.1946317939895,0.));
#6231=CARTESIAN_POINT('Origin',(44.3461523332318,53.2267619869792,0.));
#6232=CARTESIAN_POINT('',(62.1782232897939,53.2267619869792,0.));
#6233=CARTESIAN_POINT('Origin',(11.103898337572,32.9741799855324,0.));
#6234=CARTESIAN_POINT('',(8.10389833757203,32.9741799855324,0.));
#6235=CARTESIAN_POINT('',(45.5570962919641,32.9741799855324,0.));
#6236=CARTESIAN_POINT('',(8.10389833757203,32.9741799855324,0.));
#6237=CARTESIAN_POINT('Origin',(8.10389833757203,49.9741799855324,0.));
#6238=CARTESIAN_POINT('',(8.10389833757203,43.0683407932661,0.));
#6239=CARTESIAN_POINT('Origin',(68.103898337572,13.1957779696181,0.));
#6240=CARTESIAN_POINT('',(68.103898337572,24.679139785309,0.));
#6241=CARTESIAN_POINT('Origin',(79.9663187404759,16.4252187381244,0.));
#6242=CARTESIAN_POINT('',(73.4663187404759,16.4252187381244,0.));
#6243=CARTESIAN_POINT('',(73.4663187404759,16.4252187381244,0.));
#6244=CARTESIAN_POINT('Origin',(79.9663187404759,16.4252187381244,0.));
#6245=CARTESIAN_POINT('Origin',(28.3564803390188,27.1957779696181,0.));
#6246=CARTESIAN_POINT('',(28.3564803390188,31.679139785309,0.));
#6247=CARTESIAN_POINT('Origin',(70.0102942463561,43.1625016009998,0.));
#6248=CARTESIAN_POINT('',(70.0102942463561,26.1625016009998,0.));
#6249=CARTESIAN_POINT('',(70.0102942463561,39.6625016009998,0.));
#6250=CARTESIAN_POINT('',(70.0102942463561,26.1625016009998,0.));
#6251=CARTESIAN_POINT('Origin',(87.0102942463561,46.1625016009998,0.));
#6252=CARTESIAN_POINT('',(90.0102942463561,46.1625016009998,0.));
#6253=CARTESIAN_POINT('',(90.0102942463561,46.1625016009998,0.));
#6254=CARTESIAN_POINT('',(83.5102942463561,46.1625016009998,0.));
#6255=CARTESIAN_POINT('Origin',(90.0102942463561,29.1625016009998,0.));
#6256=CARTESIAN_POINT('',(90.0102942463561,26.1625016009998,0.));
#6257=CARTESIAN_POINT('',(90.0102942463561,32.6625016009998,0.));
#6258=CARTESIAN_POINT('',(90.0102942463562,26.1625016009998,0.));
#6259=CARTESIAN_POINT('Origin',(73.0102942463561,26.1625016009998,0.));
#6260=CARTESIAN_POINT('',(76.5102942463561,26.1625016009998,0.));
#6261=CARTESIAN_POINT('Origin',(51.8283026857683,82.284045199742,0.));
#6262=CARTESIAN_POINT('',(53.5626843374698,84.7318846857522,0.));
#6263=CARTESIAN_POINT('',(45.6597024572619,73.5779203408129,0.));
#6264=CARTESIAN_POINT('',(53.5626843374698,84.7318846857522,0.));
#6265=CARTESIAN_POINT('Origin',(87.0164971413823,61.0286701426672,0.));
#6266=CARTESIAN_POINT('',(90.5491872735173,58.525633714292,0.));
#6267=CARTESIAN_POINT('Origin',(7.85131633612528,26.9431959681714,0.));
#6268=CARTESIAN_POINT('',(7.85131633612528,9.94319596817139,0.));
#6269=CARTESIAN_POINT('',(7.85131633612528,29.9431959681714,0.));
#6270=CARTESIAN_POINT('',(7.85131633612528,31.5528487845856,0.));
#6271=CARTESIAN_POINT('',(7.85131633612528,9.94319596817139,0.));
#6272=CARTESIAN_POINT('',(7.85131633612528,29.9431959681714,0.));
#6273=CARTESIAN_POINT('Origin',(24.8513163361253,29.9431959681714,0.));
#6274=CARTESIAN_POINT('',(27.8513163361253,29.9431959681714,0.));
#6275=CARTESIAN_POINT('',(52.4308052912407,29.9431959681714,0.));
#6276=CARTESIAN_POINT('',(27.8513163361253,29.9431959681714,0.));
#6277=CARTESIAN_POINT('Origin',(27.8513163361253,12.9431959681714,0.));
#6278=CARTESIAN_POINT('',(27.8513163361253,9.94319596817139,0.));
#6279=CARTESIAN_POINT('',(27.8513163361253,24.5528487845856,0.));
#6280=CARTESIAN_POINT('',(27.8513163361253,9.94319596817139,0.));
#6281=CARTESIAN_POINT('Origin',(10.8513163361253,9.94319596817139,0.));
#6282=CARTESIAN_POINT('',(45.4308052912407,9.94319596817139,0.));
#6283=CARTESIAN_POINT('Origin',(89.7548091714889,5.00346029234965,0.));
#6284=CARTESIAN_POINT('Origin',(89.7548091714889,5.00346029234965,0.));
#6285=CARTESIAN_POINT('Origin',(5.9975797968097,57.4850164740459,0.));
#6286=CARTESIAN_POINT('Origin',(5.9975797968097,57.4850164740459,0.));
#6287=CARTESIAN_POINT('Origin',(6.38889846296376,4.81476649796637,0.));
#6288=CARTESIAN_POINT('Origin',(6.38889846296376,4.81476649796637,0.));
#6289=CARTESIAN_POINT('Origin',(39.3901754708264,85.4880969018368,0.));
#6290=CARTESIAN_POINT('',(42.0394893684261,87.2581964174223,0.));
#6291=CARTESIAN_POINT('Origin',(86.4359738978957,63.6408532587838,0.));
#6292=CARTESIAN_POINT('',(91.0927886543838,60.0183739854492,0.));
#6293=CARTESIAN_POINT('Origin',(80.0102942463561,36.1625016009998,0.));
#6294=CARTESIAN_POINT('',(10.8513163361253,26.9431959681714,0.));
#6295=CARTESIAN_POINT('',(10.8513163361253,12.9431959681714,0.));
#6296=CARTESIAN_POINT('',(10.8513163361253,31.5528487845856,0.));
#6297=CARTESIAN_POINT('',(24.8513163361253,12.9431959681714,0.));
#6298=CARTESIAN_POINT('',(45.4308052912407,12.9431959681714,0.));
#6299=CARTESIAN_POINT('',(24.8513163361253,26.9431959681714,0.));
#6300=CARTESIAN_POINT('',(24.8513163361253,24.5528487845856,0.));
#6301=CARTESIAN_POINT('',(52.4308052912407,26.9431959681714,0.));
#6302=CARTESIAN_POINT('Origin',(80.0102942463561,36.1625016009998,0.));
#6303=CARTESIAN_POINT('',(76.4663187404759,16.4252187381244,0.));
#6304=CARTESIAN_POINT('Origin',(79.9663187404759,16.4252187381244,0.));
#6305=CARTESIAN_POINT('Origin',(80.0102942463561,36.1625016009998,0.));
#6306=CARTESIAN_POINT('',(44.3461523332318,36.2267619869792,0.));
#6307=CARTESIAN_POINT('',(44.3461523332318,50.2267619869792,0.));
#6308=CARTESIAN_POINT('',(44.3461523332318,36.1946317939895,0.));
#6309=CARTESIAN_POINT('',(30.3461523332318,50.2267619869792,0.));
#6310=CARTESIAN_POINT('',(62.1782232897939,50.2267619869792,0.));
#6311=CARTESIAN_POINT('',(30.3461523332318,36.2267619869792,0.));
#6312=CARTESIAN_POINT('',(30.3461523332318,43.1946317939895,0.));
#6313=CARTESIAN_POINT('',(55.1782232897939,36.2267619869792,0.));
#6314=CARTESIAN_POINT('',(25.103898337572,35.9741799855324,0.));
#6315=CARTESIAN_POINT('',(25.103898337572,49.9741799855324,0.));
#6316=CARTESIAN_POINT('',(25.103898337572,36.0683407932661,0.));
#6317=CARTESIAN_POINT('',(11.103898337572,49.9741799855324,0.));
#6318=CARTESIAN_POINT('',(52.5570962919641,49.9741799855324,0.));
#6319=CARTESIAN_POINT('',(11.103898337572,35.9741799855324,0.));
#6320=CARTESIAN_POINT('',(11.103898337572,43.0683407932661,0.));
#6321=CARTESIAN_POINT('',(45.5570962919641,35.9741799855324,0.));
#6322=CARTESIAN_POINT('Origin',(80.0102942463561,36.1625016009998,0.));
#6323=CARTESIAN_POINT('',(31.3564803390188,13.1957779696181,0.));
#6324=CARTESIAN_POINT('',(45.3564803390188,13.1957779696181,0.));
#6325=CARTESIAN_POINT('',(55.6833872926875,13.1957779696181,0.));
#6326=CARTESIAN_POINT('',(45.3564803390188,27.1957779696181,0.));
#6327=CARTESIAN_POINT('',(45.3564803390188,24.679139785309,0.));
#6328=CARTESIAN_POINT('',(31.3564803390188,27.1957779696181,0.));
#6329=CARTESIAN_POINT('',(62.6833872926875,27.1957779696181,0.));
#6330=CARTESIAN_POINT('',(31.3564803390188,31.679139785309,0.));
#6331=CARTESIAN_POINT('',(51.103898337572,27.1957779696181,0.));
#6332=CARTESIAN_POINT('',(51.103898337572,13.1957779696181,0.));
#6333=CARTESIAN_POINT('',(51.103898337572,31.679139785309,0.));
#6334=CARTESIAN_POINT('',(65.103898337572,13.1957779696181,0.));
#6335=CARTESIAN_POINT('',(65.5570962919641,13.1957779696181,0.));
#6336=CARTESIAN_POINT('',(65.103898337572,27.1957779696181,0.));
#6337=CARTESIAN_POINT('',(65.103898337572,24.679139785309,0.));
#6338=CARTESIAN_POINT('',(72.5570962919641,27.1957779696181,0.));
#6339=CARTESIAN_POINT('Origin',(29.98212500026,82.8102451819238,8.7880945490995));
#6340=CARTESIAN_POINT('',(29.98212500026,82.8102451819238,8.7880945490995));
#6341=CARTESIAN_POINT('',(20.0042888268181,76.1437029525553,8.7880945490995));
#6342=CARTESIAN_POINT('',(33.8528324568721,85.3964005635605,8.7880945490995));
#6343=CARTESIAN_POINT('',(32.7598509291635,78.6528134429897,8.7880945490995));
#6344=CARTESIAN_POINT('',(29.98212500026,82.8102451819238,8.7880945490995));
#6345=CARTESIAN_POINT('',(22.7820147557216,71.9862712136212,8.7880945490995));
#6346=CARTESIAN_POINT('',(32.7598509291635,78.6528134429897,8.7880945490995));
#6347=CARTESIAN_POINT('',(20.0042888268181,76.1437029525553,8.7880945490995));
#6348=CARTESIAN_POINT('Origin',(29.98212500026,82.8102451819238,2.7880945490995));
#6349=CARTESIAN_POINT('',(29.98212500026,82.8102451819238,2.7880945490995));
#6350=CARTESIAN_POINT('',(29.98212500026,82.8102451819238,1.39404727454975));
#6351=CARTESIAN_POINT('',(32.7598509291635,78.6528134429897,2.7880945490995));
#6352=CARTESIAN_POINT('',(29.98212500026,82.8102451819238,2.7880945490995));
#6353=CARTESIAN_POINT('',(32.7598509291635,78.6528134429897,2.7880945490995));
#6354=CARTESIAN_POINT('Origin',(20.0042888268181,76.1437029525553,2.7880945490995));
#6355=CARTESIAN_POINT('',(20.0042888268181,76.1437029525553,2.7880945490995));
#6356=CARTESIAN_POINT('',(28.8639143701512,82.0631294488763,2.7880945490995));
#6357=CARTESIAN_POINT('',(22.7820147557216,71.9862712136212,2.7880945490995));
#6358=CARTESIAN_POINT('',(20.0042888268181,76.1437029525553,2.7880945490995));
#6359=CARTESIAN_POINT('',(22.7820147557216,71.9862712136212,2.7880945490995));
#6360=CARTESIAN_POINT('Origin',(20.0042888268181,76.1437029525553,8.7880945490995));
#6361=CARTESIAN_POINT('',(20.0042888268181,76.1437029525553,4.39404727454975));
#6362=CARTESIAN_POINT('',(22.7820147557216,71.9862712136212,8.7880945490995));
#6363=CARTESIAN_POINT('Origin',(27.7709328424426,75.3195423283054,5.7880945490995));
#6364=CARTESIAN_POINT('Origin',(48.4134537884527,87.0708292721559,0.));
#6365=CARTESIAN_POINT('',(46.7134537884527,87.0708292721559,0.));
#6366=CARTESIAN_POINT('Origin',(48.4134537884527,87.0708292721559,0.));
#6367=CARTESIAN_POINT('',(46.7134537884527,87.0708292721559,0.));
#6368=CARTESIAN_POINT('',(46.7134537884527,87.0708292721559,13.));
#6369=CARTESIAN_POINT('',(46.7134537884527,87.0708292721559,0.));
#6370=CARTESIAN_POINT('Origin',(48.4134537884527,87.0708292721559,13.));
#6371=CARTESIAN_POINT('Origin',(65.103898337572,36.2267619869792,0.));
#6372=CARTESIAN_POINT('',(65.103898337572,36.2267619869792,0.));
#6373=CARTESIAN_POINT('',(65.103898337572,50.2267619869792,0.));
#6374=CARTESIAN_POINT('',(65.103898337572,36.1946317939895,0.));
#6375=CARTESIAN_POINT('',(65.103898337572,36.2267619869792,13.));
#6376=CARTESIAN_POINT('',(65.103898337572,36.2267619869792,0.));
#6377=CARTESIAN_POINT('',(65.103898337572,50.2267619869792,13.));
#6378=CARTESIAN_POINT('',(65.103898337572,40.9515882408518,13.));
#6379=CARTESIAN_POINT('',(65.103898337572,50.2267619869792,0.));
#6380=CARTESIAN_POINT('Origin',(51.103898337572,36.2267619869792,0.));
#6381=CARTESIAN_POINT('',(51.103898337572,36.2267619869792,0.));
#6382=CARTESIAN_POINT('',(65.5570962919641,36.2267619869792,0.));
#6383=CARTESIAN_POINT('',(51.103898337572,36.2267619869792,13.));
#6384=CARTESIAN_POINT('',(51.103898337572,36.2267619869792,0.));
#6385=CARTESIAN_POINT('',(49.5514471391371,36.2267619869792,13.));
#6386=CARTESIAN_POINT('Origin',(51.103898337572,50.2267619869792,0.));
#6387=CARTESIAN_POINT('',(51.103898337572,50.2267619869792,0.));
#6388=CARTESIAN_POINT('',(51.103898337572,43.1946317939895,0.));
#6389=CARTESIAN_POINT('',(51.103898337572,50.2267619869792,13.));
#6390=CARTESIAN_POINT('',(51.103898337572,50.2267619869792,0.));
#6391=CARTESIAN_POINT('',(51.103898337572,47.9515882408518,13.));
#6392=CARTESIAN_POINT('Origin',(65.103898337572,50.2267619869792,0.));
#6393=CARTESIAN_POINT('',(72.5570962919641,50.2267619869792,0.));
#6394=CARTESIAN_POINT('',(56.5514471391371,50.2267619869792,13.));
#6395=CARTESIAN_POINT('Origin',(44.3461523332318,36.2267619869792,0.));
#6396=CARTESIAN_POINT('',(44.3461523332318,36.2267619869792,13.));
#6397=CARTESIAN_POINT('',(44.3461523332318,36.2267619869792,0.));
#6398=CARTESIAN_POINT('',(44.3461523332318,50.2267619869792,13.));
#6399=CARTESIAN_POINT('',(44.3461523332318,40.9515882408518,13.));
#6400=CARTESIAN_POINT('',(44.3461523332318,50.2267619869792,0.));
#6401=CARTESIAN_POINT('Origin',(30.3461523332318,36.2267619869792,0.));
#6402=CARTESIAN_POINT('',(30.3461523332318,36.2267619869792,13.));
#6403=CARTESIAN_POINT('',(30.3461523332318,36.2267619869792,0.));
#6404=CARTESIAN_POINT('',(39.1725741369669,36.2267619869792,13.));
#6405=CARTESIAN_POINT('Origin',(30.3461523332318,50.2267619869792,0.));
#6406=CARTESIAN_POINT('',(30.3461523332318,50.2267619869792,13.));
#6407=CARTESIAN_POINT('',(30.3461523332318,50.2267619869792,0.));
#6408=CARTESIAN_POINT('',(30.3461523332318,47.9515882408518,13.));
#6409=CARTESIAN_POINT('Origin',(44.3461523332318,50.2267619869792,0.));
#6410=CARTESIAN_POINT('',(46.1725741369669,50.2267619869792,13.));
#6411=CARTESIAN_POINT('Origin',(25.103898337572,35.9741799855324,0.));
#6412=CARTESIAN_POINT('',(25.103898337572,35.9741799855324,13.));
#6413=CARTESIAN_POINT('',(25.103898337572,35.9741799855324,0.));
#6414=CARTESIAN_POINT('',(25.103898337572,49.9741799855324,13.));
#6415=CARTESIAN_POINT('',(25.103898337572,40.8252972401284,13.));
#6416=CARTESIAN_POINT('',(25.103898337572,49.9741799855324,0.));
#6417=CARTESIAN_POINT('Origin',(11.103898337572,35.9741799855324,0.));
#6418=CARTESIAN_POINT('',(11.103898337572,35.9741799855324,13.));
#6419=CARTESIAN_POINT('',(11.103898337572,35.9741799855324,0.));
#6420=CARTESIAN_POINT('',(29.5514471391371,35.9741799855324,13.));
#6421=CARTESIAN_POINT('Origin',(11.103898337572,49.9741799855324,0.));
#6422=CARTESIAN_POINT('',(11.103898337572,49.9741799855324,13.));
#6423=CARTESIAN_POINT('',(11.103898337572,49.9741799855324,0.));
#6424=CARTESIAN_POINT('',(11.103898337572,47.8252972401284,13.));
#6425=CARTESIAN_POINT('Origin',(25.103898337572,49.9741799855324,0.));
#6426=CARTESIAN_POINT('',(36.5514471391371,49.9741799855324,13.));
#6427=CARTESIAN_POINT('Origin',(51.103898337572,27.1957779696181,0.));
#6428=CARTESIAN_POINT('',(51.103898337572,27.1957779696181,13.));
#6429=CARTESIAN_POINT('',(51.103898337572,27.1957779696181,0.));
#6430=CARTESIAN_POINT('',(51.103898337572,13.1957779696181,13.));
#6431=CARTESIAN_POINT('',(51.103898337572,36.4360962321713,13.));
#6432=CARTESIAN_POINT('',(51.103898337572,13.1957779696181,0.));
#6433=CARTESIAN_POINT('Origin',(65.103898337572,27.1957779696181,0.));
#6434=CARTESIAN_POINT('',(65.103898337572,27.1957779696181,13.));
#6435=CARTESIAN_POINT('',(65.103898337572,27.1957779696181,0.));
#6436=CARTESIAN_POINT('',(56.5514471391371,27.1957779696181,13.));
#6437=CARTESIAN_POINT('Origin',(65.103898337572,13.1957779696181,0.));
#6438=CARTESIAN_POINT('',(65.103898337572,13.1957779696181,13.));
#6439=CARTESIAN_POINT('',(65.103898337572,13.1957779696181,0.));
#6440=CARTESIAN_POINT('',(65.103898337572,29.4360962321713,13.));
#6441=CARTESIAN_POINT('Origin',(51.103898337572,13.1957779696181,0.));
#6442=CARTESIAN_POINT('',(49.5514471391371,13.1957779696181,13.));
#6443=CARTESIAN_POINT('Origin',(79.9663187404759,16.4252187381244,0.));
#6444=CARTESIAN_POINT('',(76.4663187404759,16.4252187381244,13.));
#6445=CARTESIAN_POINT('',(76.4663187404759,16.4252187381244,0.));
#6446=CARTESIAN_POINT('Origin',(79.9663187404759,16.4252187381244,13.));
#6447=CARTESIAN_POINT('Origin',(31.3564803390188,13.1957779696181,0.));
#6448=CARTESIAN_POINT('',(31.3564803390188,13.1957779696181,13.));
#6449=CARTESIAN_POINT('',(31.3564803390188,13.1957779696181,0.));
#6450=CARTESIAN_POINT('',(45.3564803390188,13.1957779696181,13.));
#6451=CARTESIAN_POINT('',(39.6777381398605,13.1957779696181,13.));
#6452=CARTESIAN_POINT('',(45.3564803390188,13.1957779696181,0.));
#6453=CARTESIAN_POINT('Origin',(31.3564803390188,27.1957779696181,0.));
#6454=CARTESIAN_POINT('',(31.3564803390188,27.1957779696181,13.));
#6455=CARTESIAN_POINT('',(31.3564803390188,27.1957779696181,0.));
#6456=CARTESIAN_POINT('',(31.3564803390188,36.4360962321713,13.));
#6457=CARTESIAN_POINT('Origin',(45.3564803390188,27.1957779696181,0.));
#6458=CARTESIAN_POINT('',(45.3564803390188,27.1957779696181,13.));
#6459=CARTESIAN_POINT('',(45.3564803390188,27.1957779696181,0.));
#6460=CARTESIAN_POINT('',(46.6777381398605,27.1957779696181,13.));
#6461=CARTESIAN_POINT('Origin',(45.3564803390188,13.1957779696181,0.));
#6462=CARTESIAN_POINT('',(45.3564803390188,29.4360962321713,13.));
#6463=CARTESIAN_POINT('Origin',(73.0102942463561,43.1625016009998,0.));
#6464=CARTESIAN_POINT('',(73.0102942463561,43.1625016009998,0.));
#6465=CARTESIAN_POINT('',(73.0102942463561,29.1625016009998,0.));
#6466=CARTESIAN_POINT('',(73.0102942463561,39.6625016009998,0.));
#6467=CARTESIAN_POINT('',(73.0102942463561,43.1625016009998,13.));
#6468=CARTESIAN_POINT('',(73.0102942463561,43.1625016009998,0.));
#6469=CARTESIAN_POINT('',(73.0102942463561,29.1625016009998,13.));
#6470=CARTESIAN_POINT('',(73.0102942463561,44.4194580478621,13.));
#6471=CARTESIAN_POINT('',(73.0102942463561,29.1625016009998,0.));
#6472=CARTESIAN_POINT('Origin',(87.0102942463561,43.1625016009998,0.));
#6473=CARTESIAN_POINT('',(87.0102942463561,43.1625016009998,0.));
#6474=CARTESIAN_POINT('',(83.5102942463561,43.1625016009998,0.));
#6475=CARTESIAN_POINT('',(87.0102942463561,43.1625016009998,13.));
#6476=CARTESIAN_POINT('',(87.0102942463561,43.1625016009998,0.));
#6477=CARTESIAN_POINT('',(67.5046450935291,43.1625016009998,13.));
#6478=CARTESIAN_POINT('Origin',(87.0102942463561,29.1625016009998,0.));
#6479=CARTESIAN_POINT('',(87.0102942463561,29.1625016009998,0.));
#6480=CARTESIAN_POINT('',(87.0102942463561,32.6625016009998,0.));
#6481=CARTESIAN_POINT('',(87.0102942463561,29.1625016009998,13.));
#6482=CARTESIAN_POINT('',(87.0102942463561,29.1625016009998,0.));
#6483=CARTESIAN_POINT('',(87.0102942463561,37.4194580478621,13.));
#6484=CARTESIAN_POINT('Origin',(73.0102942463561,29.1625016009998,0.));
#6485=CARTESIAN_POINT('',(76.5102942463561,29.1625016009998,0.));
#6486=CARTESIAN_POINT('',(60.5046450935291,29.1625016009998,13.));
#6487=CARTESIAN_POINT('Origin',(54.2761424623874,80.5496633421336,0.));
#6488=CARTESIAN_POINT('',(54.2761424623874,80.5496633421336,0.));
#6489=CARTESIAN_POINT('',(47.3386150319539,70.7583042356571,0.));
#6490=CARTESIAN_POINT('',(48.107542233881,71.8435384832046,0.));
#6491=CARTESIAN_POINT('',(54.2761424623874,80.5496633421336,13.));
#6492=CARTESIAN_POINT('',(54.2761424623874,80.5496633421336,0.));
#6493=CARTESIAN_POINT('',(47.3386150319539,70.7583042356571,13.));
#6494=CARTESIAN_POINT('',(45.0019117709516,67.46037122088,13.));
#6495=CARTESIAN_POINT('',(47.3386150319539,70.7583042356571,0.));
#6496=CARTESIAN_POINT('Origin',(85.2821155743829,58.5808301601412,0.));
#6497=CARTESIAN_POINT('',(85.2821155743829,58.5808301601412,0.));
#6498=CARTESIAN_POINT('',(88.8148057065179,56.0777937317661,0.));
#6499=CARTESIAN_POINT('',(85.2821155743829,58.5808301601412,13.));
#6500=CARTESIAN_POINT('',(85.2821155743829,58.5808301601412,0.));
#6501=CARTESIAN_POINT('',(75.9147854111275,65.2179162781573,13.));
#6502=CARTESIAN_POINT('Origin',(78.4545891684948,48.9523581560697,0.));
#6503=CARTESIAN_POINT('',(78.4545891684948,48.9523581560697,0.));
#6504=CARTESIAN_POINT('',(75.6974322361236,45.0640966165355,0.));
#6505=CARTESIAN_POINT('',(78.4545891684948,48.9523581560697,13.));
#6506=CARTESIAN_POINT('',(78.4545891684948,48.9523581560697,0.));
#6507=CARTESIAN_POINT('',(72.586742682806,40.6772681376817,13.));
#6508=CARTESIAN_POINT('Origin',(47.3386150319539,70.7583042356571,0.));
#6509=CARTESIAN_POINT('',(66.4237561995729,57.383516179972,0.));
#6510=CARTESIAN_POINT('',(53.4540613410457,66.4726247360053,13.));
#6511=CARTESIAN_POINT('Origin',(10.8513163361253,26.9431959681714,0.));
#6512=CARTESIAN_POINT('',(10.8513163361253,26.9431959681714,13.));
#6513=CARTESIAN_POINT('',(10.8513163361253,26.9431959681714,0.));
#6514=CARTESIAN_POINT('',(10.8513163361253,12.9431959681714,13.));
#6515=CARTESIAN_POINT('',(10.8513163361253,36.3098052314479,13.));
#6516=CARTESIAN_POINT('',(10.8513163361253,12.9431959681714,0.));
#6517=CARTESIAN_POINT('Origin',(24.8513163361253,26.9431959681714,0.));
#6518=CARTESIAN_POINT('',(24.8513163361253,26.9431959681714,13.));
#6519=CARTESIAN_POINT('',(24.8513163361253,26.9431959681714,0.));
#6520=CARTESIAN_POINT('',(36.4251561384137,26.9431959681714,13.));
#6521=CARTESIAN_POINT('Origin',(24.8513163361253,12.9431959681714,0.));
#6522=CARTESIAN_POINT('',(24.8513163361253,12.9431959681714,13.));
#6523=CARTESIAN_POINT('',(24.8513163361253,12.9431959681714,0.));
#6524=CARTESIAN_POINT('',(24.8513163361253,29.3098052314479,13.));
#6525=CARTESIAN_POINT('Origin',(10.8513163361253,12.9431959681714,0.));
#6526=CARTESIAN_POINT('',(29.4251561384137,12.9431959681714,13.));
#6527=CARTESIAN_POINT('Origin',(89.7548091714889,5.00346029234965,0.));
#6528=CARTESIAN_POINT('',(88.0548091714889,5.00346029234965,13.));
#6529=CARTESIAN_POINT('Origin',(89.7548091714889,5.00346029234965,13.));
#6530=CARTESIAN_POINT('',(88.0548091714889,5.00346029234965,0.));
#6531=CARTESIAN_POINT('',(88.0548091714889,5.00346029234965,0.));
#6532=CARTESIAN_POINT('Origin',(89.7548091714889,5.00346029234965,0.));
#6533=CARTESIAN_POINT('Origin',(88.9976867677252,54.346846807996,0.));
#6534=CARTESIAN_POINT('',(87.2976867677252,54.346846807996,13.));
#6535=CARTESIAN_POINT('Origin',(88.9976867677252,54.346846807996,13.));
#6536=CARTESIAN_POINT('',(87.2976867677252,54.346846807996,0.));
#6537=CARTESIAN_POINT('',(87.2976867677252,54.346846807996,0.));
#6538=CARTESIAN_POINT('Origin',(88.9976867677252,54.346846807996,0.));
#6539=CARTESIAN_POINT('Origin',(5.9975797968097,57.4850164740459,0.));
#6540=CARTESIAN_POINT('',(4.2975797968097,57.4850164740459,13.));
#6541=CARTESIAN_POINT('Origin',(5.9975797968097,57.4850164740459,13.));
#6542=CARTESIAN_POINT('',(4.2975797968097,57.4850164740459,0.));
#6543=CARTESIAN_POINT('',(4.2975797968097,57.4850164740459,0.));
#6544=CARTESIAN_POINT('Origin',(5.9975797968097,57.4850164740459,0.));
#6545=CARTESIAN_POINT('Origin',(6.38889846296376,4.81476649796637,0.));
#6546=CARTESIAN_POINT('',(4.68889846296376,4.81476649796637,13.));
#6547=CARTESIAN_POINT('Origin',(6.38889846296376,4.81476649796637,13.));
#6548=CARTESIAN_POINT('',(4.68889846296376,4.81476649796637,0.));
#6549=CARTESIAN_POINT('',(4.68889846296376,4.81476649796637,0.));
#6550=CARTESIAN_POINT('Origin',(6.38889846296376,4.81476649796637,0.));
#6551=CARTESIAN_POINT('Origin',(47.9989959407021,45.6764144947244,13.));
#6552=CARTESIAN_POINT('',(95.9999999286572,0.00370105748840999,13.));
#6553=CARTESIAN_POINT('',(95.9980638264168,50.2233519329286,13.));
#6554=CARTESIAN_POINT('',(95.9980638264168,50.2233519329286,13.));
#6555=CARTESIAN_POINT('',(88.277958025536,66.0087836786909,13.));
#6556=CARTESIAN_POINT('Origin',(75.998063841248,50.2225808792852,13.));
#6557=CARTESIAN_POINT('',(61.1143378132841,87.1390317888442,13.));
#6558=CARTESIAN_POINT('',(61.1143378132841,87.1390317888442,13.));
#6559=CARTESIAN_POINT('',(37.7235399134843,87.9825559451972,13.));
#6560=CARTESIAN_POINT('Origin',(48.8344436290591,71.3528289895196,13.));
#6561=CARTESIAN_POINT('',(8.88708823717497,68.7159114038742,13.));
#6562=CARTESIAN_POINT('',(8.88708823717497,68.7159114038742,13.));
#6563=CARTESIAN_POINT('',(-0.00200803238982417,52.0854133944155,13.));
#6564=CARTESIAN_POINT('Origin',(19.9979919528418,52.086184448059,13.));
#6565=CARTESIAN_POINT('',(0.,0.,13.));
#6566=CARTESIAN_POINT('',(0.,0.,13.));
#6567=CARTESIAN_POINT('',(95.9999999286572,0.00370105748841325,13.));
#6568=CARTESIAN_POINT('Origin',(0.,0.,0.));
#6569=CARTESIAN_POINT('',(95.9999999286572,0.00370105748840999,0.));
#6570=CARTESIAN_POINT('',(0.,0.,0.));
#6571=CARTESIAN_POINT('',(95.9999999286572,0.00370105748841325,0.));
#6572=CARTESIAN_POINT('',(95.9999999286572,0.00370105748840999,0.));
#6573=CARTESIAN_POINT('',(0.,0.,0.));
#6574=CARTESIAN_POINT('Origin',(-0.00200803238982122,52.0854133944155,0.));
#6575=CARTESIAN_POINT('',(-0.00200803238981972,52.0854133944155,0.));
#6576=CARTESIAN_POINT('',(0.,0.,0.));
#6577=CARTESIAN_POINT('',(-0.00200803238981972,52.0854133944155,0.));
#6578=CARTESIAN_POINT('Origin',(19.9979919528418,52.086184448059,0.));
#6579=CARTESIAN_POINT('',(8.88708823717497,68.7159114038742,0.));
#6580=CARTESIAN_POINT('Origin',(19.9979919528418,52.086184448059,0.));
#6581=CARTESIAN_POINT('',(8.88708823717497,68.7159114038742,0.));
#6582=CARTESIAN_POINT('Origin',(37.7235399134843,87.9825559451973,0.));
#6583=CARTESIAN_POINT('',(37.7235399134843,87.9825559451972,0.));
#6584=CARTESIAN_POINT('',(8.88708823717497,68.7159114038742,0.));
#6585=CARTESIAN_POINT('',(37.7235399134843,87.9825559451972,0.));
#6586=CARTESIAN_POINT('Origin',(48.8344436290591,71.3528289895196,0.));
#6587=CARTESIAN_POINT('',(61.1143378132841,87.1390317888442,0.));
#6588=CARTESIAN_POINT('Origin',(48.8344436290591,71.3528289895196,0.));
#6589=CARTESIAN_POINT('',(61.1143378132841,87.1390317888442,0.));
#6590=CARTESIAN_POINT('Origin',(88.277958025536,66.0087836786909,0.));
#6591=CARTESIAN_POINT('',(88.277958025536,66.0087836786909,0.));
#6592=CARTESIAN_POINT('',(61.1143378132841,87.1390317888442,0.));
#6593=CARTESIAN_POINT('',(88.277958025536,66.0087836786909,0.));
#6594=CARTESIAN_POINT('Origin',(75.998063841248,50.2225808792852,0.));
#6595=CARTESIAN_POINT('',(95.9980638264168,50.2233519329286,0.));
#6596=CARTESIAN_POINT('Origin',(75.998063841248,50.2225808792852,0.));
#6597=CARTESIAN_POINT('',(95.9980638264168,50.2233519329286,0.));
#6598=CARTESIAN_POINT('Origin',(95.9999999286572,0.00370105748840999,0.));
#6599=CARTESIAN_POINT('',(95.9980638264168,50.2233519329286,0.));
#6600=CARTESIAN_POINT('Origin',(80.0102942463561,36.1625016009998,0.));
#6601=CARTESIAN_POINT('Origin',(48.4134537884527,87.0708292721559,0.));
#6602=CARTESIAN_POINT('',(50.1134537884527,87.0708292721559,-3.));
#6603=CARTESIAN_POINT('Origin',(48.4134537884527,87.0708292721559,-3.));
#6604=CARTESIAN_POINT('',(50.1134537884527,87.0708292721559,0.));
#6605=CARTESIAN_POINT('',(50.1134537884527,87.0708292721559,0.));
#6606=CARTESIAN_POINT('Origin',(48.4134537884527,87.0708292721559,0.));
#6607=CARTESIAN_POINT('Origin',(88.8094530331491,54.6472487146527,0.));
#6608=CARTESIAN_POINT('',(90.5094530331491,54.6472487146527,-3.));
#6609=CARTESIAN_POINT('Origin',(88.8094530331491,54.6472487146527,-3.));
#6610=CARTESIAN_POINT('',(90.5094530331491,54.6472487146527,0.));
#6611=CARTESIAN_POINT('',(90.5094530331491,54.6472487146527,0.));
#6612=CARTESIAN_POINT('Origin',(88.8094530331491,54.6472487146527,0.));
#6613=CARTESIAN_POINT('Origin',(5.8012711551956,57.4434116378639,0.));
#6614=CARTESIAN_POINT('',(7.5012711551956,57.4434116378639,-3.));
#6615=CARTESIAN_POINT('Origin',(5.8012711551956,57.4434116378639,-3.));
#6616=CARTESIAN_POINT('',(7.5012711551956,57.4434116378639,0.));
#6617=CARTESIAN_POINT('',(7.5012711551956,57.4434116378639,0.));
#6618=CARTESIAN_POINT('Origin',(5.8012711551956,57.4434116378639,0.));
#6619=CARTESIAN_POINT('Origin',(89.7387129779207,5.28429535262805,0.));
#6620=CARTESIAN_POINT('',(91.4387129779207,5.28429535262805,-3.));
#6621=CARTESIAN_POINT('Origin',(89.7387129779207,5.28429535262805,-3.));
#6622=CARTESIAN_POINT('',(91.4387129779207,5.28429535262805,0.));
#6623=CARTESIAN_POINT('',(91.4387129779207,5.28429535262805,0.));
#6624=CARTESIAN_POINT('Origin',(89.7387129779207,5.28429535262805,0.));
#6625=CARTESIAN_POINT('Origin',(6.37380088006987,4.83473498148767,0.));
#6626=CARTESIAN_POINT('',(8.07380088006987,4.83473498148767,-3.));
#6627=CARTESIAN_POINT('Origin',(6.37380088006987,4.83473498148767,-3.));
#6628=CARTESIAN_POINT('',(8.07380088006987,4.83473498148767,0.));
#6629=CARTESIAN_POINT('',(8.07380088006987,4.83473498148767,0.));
#6630=CARTESIAN_POINT('Origin',(6.37380088006987,4.83473498148767,0.));
#6631=CARTESIAN_POINT('Origin',(60.9890857593905,87.2084394297467,0.));
#6632=CARTESIAN_POINT('',(60.9890857593905,87.2084394297467,0.));
#6633=CARTESIAN_POINT('',(88.06883263856,66.2849777180262,0.));
#6634=CARTESIAN_POINT('',(60.9890857593905,87.2084394297467,0.));
#6635=CARTESIAN_POINT('',(88.06883263856,66.2849777180262,-3.));
#6636=CARTESIAN_POINT('',(88.06883263856,66.2849777180262,0.));
#6637=CARTESIAN_POINT('',(60.9890857593905,87.2084394297467,-3.));
#6638=CARTESIAN_POINT('',(60.9890857593905,87.2084394297467,-3.));
#6639=CARTESIAN_POINT('',(60.9890857593905,87.2084394297467,0.));
#6640=CARTESIAN_POINT('Origin',(48.7607934128348,71.3822312204397,0.));
#6641=CARTESIAN_POINT('',(37.6532150831754,88.014179502215,0.));
#6642=CARTESIAN_POINT('Origin',(48.7607934128348,71.3822312204397,0.));
#6643=CARTESIAN_POINT('',(37.6532150831754,88.014179502215,-3.));
#6644=CARTESIAN_POINT('Origin',(48.7607934128348,71.3822312204397,-3.));
#6645=CARTESIAN_POINT('',(37.6532150831754,88.014179502215,0.));
#6646=CARTESIAN_POINT('Origin',(8.72759482856759,68.6963228525459,0.));
#6647=CARTESIAN_POINT('',(8.72759482856759,68.6963228525459,0.));
#6648=CARTESIAN_POINT('',(8.72759482856759,68.6963228525459,0.));
#6649=CARTESIAN_POINT('',(8.72759482856759,68.6963228525459,-3.));
#6650=CARTESIAN_POINT('',(8.72759482856759,68.6963228525459,-3.));
#6651=CARTESIAN_POINT('',(8.72759482856759,68.6963228525459,0.));
#6652=CARTESIAN_POINT('Origin',(19.8351731583184,52.0643745706327,0.));
#6653=CARTESIAN_POINT('',(-0.164726495807548,52.0010197864372,0.));
#6654=CARTESIAN_POINT('Origin',(19.8351731583184,52.0643745706327,0.));
#6655=CARTESIAN_POINT('',(-0.164726495807548,52.0010197864372,-3.));
#6656=CARTESIAN_POINT('Origin',(19.8351731583184,52.0643745706327,-3.));
#6657=CARTESIAN_POINT('',(-0.164726495807548,52.0010197864372,0.));
#6658=CARTESIAN_POINT('Origin',(0.,0.,0.));
#6659=CARTESIAN_POINT('',(0.,0.,0.));
#6660=CARTESIAN_POINT('',(0.,0.,0.));
#6661=CARTESIAN_POINT('',(0.,0.,-3.));
#6662=CARTESIAN_POINT('',(0.,0.,-3.));
#6663=CARTESIAN_POINT('',(0.,0.,0.));
#6664=CARTESIAN_POINT('Origin',(95.9995183393492,0.304102964144652,0.));
#6665=CARTESIAN_POINT('',(95.9995183393492,0.304102964144652,0.));
#6666=CARTESIAN_POINT('',(95.9995183393492,0.304102964144652,0.));
#6667=CARTESIAN_POINT('',(95.9995183393492,0.304102964144652,-3.));
#6668=CARTESIAN_POINT('',(95.9995183393492,0.304102964144652,-3.));
#6669=CARTESIAN_POINT('',(95.9995183393492,0.304102964144652,0.));
#6670=CARTESIAN_POINT('Origin',(95.8404399460065,50.5221242928327,0.));
#6671=CARTESIAN_POINT('',(95.8404399460065,50.5221242928327,0.));
#6672=CARTESIAN_POINT('',(95.8404399460065,50.5221242928327,0.));
#6673=CARTESIAN_POINT('',(95.8404399460065,50.5221242928327,-3.));
#6674=CARTESIAN_POINT('',(95.8404399460065,50.5221242928327,-3.));
#6675=CARTESIAN_POINT('',(95.8404399460065,50.5221242928327,0.));
#6676=CARTESIAN_POINT('Origin',(75.8405402919434,50.4587695086365,0.));
#6677=CARTESIAN_POINT('Origin',(75.8405402919434,50.4587695086365,0.));
#6678=CARTESIAN_POINT('Origin',(75.8405402919434,50.4587695086365,-3.));
#6679=CARTESIAN_POINT('Origin',(47.9173457487865,45.6911156101844,-3.));
#6680=CARTESIAN_POINT('Origin',(47.9173457487865,45.6911156101844,0.));
#6681=UNCERTAINTY_MEASURE_WITH_UNIT(LENGTH_MEASURE(0.01),#6685,
'DISTANCE_ACCURACY_VALUE',
'Maximum model space distance between geometric entities at asserted c
onnectivities');
#6682=UNCERTAINTY_MEASURE_WITH_UNIT(LENGTH_MEASURE(0.01),#6685,
'DISTANCE_ACCURACY_VALUE',
'Maximum model space distance between geometric entities at asserted c
onnectivities');
#6683=(
GEOMETRIC_REPRESENTATION_CONTEXT(3)
GLOBAL_UNCERTAINTY_ASSIGNED_CONTEXT((#6681))
GLOBAL_UNIT_ASSIGNED_CONTEXT((#6685,#6687,#6688))
REPRESENTATION_CONTEXT('','3D')
);
#6684=(
GEOMETRIC_REPRESENTATION_CONTEXT(3)
GLOBAL_UNCERTAINTY_ASSIGNED_CONTEXT((#6682))
GLOBAL_UNIT_ASSIGNED_CONTEXT((#6685,#6687,#6688))
REPRESENTATION_CONTEXT('','3D')
);
#6685=(
LENGTH_UNIT()
NAMED_UNIT(*)
SI_UNIT(.MILLI.,.METRE.)
);
#6686=(
LENGTH_UNIT()
NAMED_UNIT(*)
SI_UNIT($,.METRE.)
);
#6687=(
NAMED_UNIT(*)
PLANE_ANGLE_UNIT()
SI_UNIT($,.RADIAN.)
);
#6688=(
NAMED_UNIT(*)
SI_UNIT($,.STERADIAN.)
SOLID_ANGLE_UNIT()
);
#6689=SHAPE_DEFINITION_REPRESENTATION(#6690,#6691);
#6690=PRODUCT_DEFINITION_SHAPE('',$,#6693);
#6691=SHAPE_REPRESENTATION('',(#3809),#6683);
#6692=PRODUCT_DEFINITION_CONTEXT('part definition',#6697,'design');
#6693=PRODUCT_DEFINITION('2026-08-27-00-34-47-002',
'hackpad (~recovered)',#6694,#6692);
#6694=PRODUCT_DEFINITION_FORMATION('',$,#6699);
#6695=PRODUCT_RELATED_PRODUCT_CATEGORY('hackpad (~recovered)',
'hackpad (~recovered)',(#6699));
#6696=APPLICATION_PROTOCOL_DEFINITION('international standard',
'automotive_design',2009,#6697);
#6697=APPLICATION_CONTEXT(
'Core Data for Automotive Mechanical Design Process');
#6698=PRODUCT_CONTEXT('part definition',#6697,'mechanical');
#6699=PRODUCT('2026-08-27-00-34-47-002','hackpad (~recovered)',$,(#6698));
#6700=PRESENTATION_STYLE_ASSIGNMENT((#6702));
#6701=PRESENTATION_STYLE_ASSIGNMENT((#6703));
#6702=SURFACE_STYLE_USAGE(.BOTH.,#6704);
#6703=SURFACE_STYLE_USAGE(.BOTH.,#6705);
#6704=SURFACE_SIDE_STYLE('',(#6706));
#6705=SURFACE_SIDE_STYLE('',(#6707));
#6706=SURFACE_STYLE_FILL_AREA(#6708);
#6707=SURFACE_STYLE_FILL_AREA(#6709);
#6708=FILL_AREA_STYLE('Steel - Satin',(#6710));
#6709=FILL_AREA_STYLE('Plastic - Translucent Matte (Gray)',(#6711));
#6710=FILL_AREA_STYLE_COLOUR('Steel - Satin',#6712);
#6711=FILL_AREA_STYLE_COLOUR('Plastic - Translucent Matte (Gray)',#6713);
#6712=COLOUR_RGB('Steel - Satin',0.627450980392157,0.627450980392157,0.627450980392157);
#6713=COLOUR_RGB('Plastic - Translucent Matte (Gray)',0.701960784313725,
0.701960784313725,0.701960784313725);
ENDSEC;
END-ISO-10303-21;
